SlateID,Site,ContestType,LineupNum,AvgProfit,AvgPayout,ROI,WinRate,Top10Rate,ITMRate,AvgRank,MedianRank,BestRank,WorstRank
25478,draftkings,classic,1508,1644.29,1664.29,8221.47,3.29,13.37,78.88,621.1,220,1,4953
25478,draftkings,classic,4505,1461.69,1481.69,7308.46,2.66,12.19,82.16,554.8,191,1,4917
25478,draftkings,classic,883,901.27,921.27,4506.36,1.73,7.22,68.27,882,437,1,5000
25478,draftkings,classic,2936,886.3,906.3,4431.52,1.41,8.02,71.8,804.9,356,1,4963
25478,draftkings,classic,1064,795.64,815.64,3978.18,1.3,6.93,69.24,883.4,412,1,4953
25478,draftkings,classic,4967,775.63,795.63,3878.17,0.98,7.08,83.13,530.8,233,1,4966
25478,draftkings,classic,2520,676.13,696.13,3380.66,0.8,6.29,77.71,645.5,283,1,4925
25478,draftkings,classic,2075,662.34,682.34,3311.7,0.85,6.1,75.89,698.2,317,1,4961
25478,draftkings,classic,2021,652.94,672.94,3264.68,0.92,5.63,72.53,784.3,378,1,4964
25478,draftkings,classic,730,633.5,653.5,3167.49,0.8,5.82,71.73,803.5,394,1,4943
25478,draftkings,classic,1480,627.3,647.3,3136.5,0.79,5.6,80.11,589.2,278,1,4834
25478,draftkings,classic,2769,609.79,629.79,3048.93,0.78,5.48,67.31,950,473,1,4988
25478,draftkings,classic,4624,594.44,614.44,2972.2,0.83,5.33,63.75,1049.9,519,1,4993
25478,draftkings,classic,4581,592.13,612.13,2960.63,0.67,5.38,74.72,728.9,338,1,4983
25478,draftkings,classic,4495,570.74,590.74,2853.71,0.93,4.85,63.72,1032.1,548,1,4984
25478,draftkings,classic,3630,558.77,578.77,2793.84,0.81,4.74,66.75,928.1,477,1,4981
25478,draftkings,classic,4363,546.95,566.95,2734.73,0.76,4.71,76.09,685.9,348,1,4971
25478,draftkings,classic,4062,541.02,561.02,2705.1,0.77,4.6,63.82,1029.7,541,1,4961
25478,draftkings,classic,3367,518.95,538.95,2594.76,0.87,4.31,62.23,1050.8,612,1,4988
25478,draftkings,classic,3962,506.03,526.03,2530.14,0.81,4.42,58.89,1155.3,690,1,4993
25478,draftkings,classic,3062,497.91,517.91,2489.53,0.86,3.85,61.78,1060.4,652,1,4971
25478,draftkings,classic,802,496.78,516.78,2483.92,0.61,4.69,72.61,769.5,402,1,4888
25478,draftkings,classic,1216,473.12,493.12,2365.6,0.72,4.12,63.88,1022.4,563,1,4949
25478,draftkings,classic,2870,470.51,490.51,2352.54,0.56,4.38,66.05,942.2,513,1,4978
25478,draftkings,classic,3019,445.98,465.98,2229.9,0.68,3.84,52.16,1400.7,904,1,5001
25478,draftkings,classic,3850,440.12,460.12,2200.6,0.63,3.75,67.62,899.8,532,1,4931
25478,draftkings,classic,1269,440.05,460.05,2200.26,0.49,4.01,68.58,891.6,460,1,4984
25478,draftkings,classic,4756,439.16,459.16,2195.81,0.51,3.87,64.47,993.6,557,1,4997
25478,draftkings,classic,3122,438.26,458.26,2191.31,0.6,3.85,68.45,874.6,501,1,4925
25478,draftkings,classic,3340,433.68,453.68,2168.42,0.65,3.71,59.21,1163.3,683,1,5001
25478,draftkings,classic,4067,428.74,448.74,2143.72,0.64,3.69,54.99,1297.1,814,1,4998
25478,draftkings,classic,1427,419.77,439.77,2098.84,0.53,3.82,60.01,1118.5,679,1,4945
25478,draftkings,classic,4378,407.81,427.81,2039.04,0.51,3.47,65.05,966.4,573,1,4927
25478,draftkings,classic,1816,400,420,1999.99,0.58,3.38,60.21,1107.1,676,1,4996
25478,draftkings,classic,985,395.14,415.14,1975.72,0.41,3.67,61.75,1078.2,624,1,4980
25478,draftkings,classic,557,388.38,408.38,1941.92,0.33,3.4,75.57,695.4,397,1,4800
25478,draftkings,classic,3515,377.88,397.88,1889.42,0.43,3.39,62.31,1031,625,1,4896
25478,draftkings,classic,371,376.74,396.74,1883.68,0.28,3.53,70.57,827.7,430,1,4969
25478,draftkings,classic,2262,376.7,396.7,1883.52,0.37,3.38,70.77,807.3,453,1,4897
25478,draftkings,classic,4985,375.38,395.38,1876.91,0.51,3.13,62.58,1025,606,1,4980
25478,draftkings,classic,2198,368.53,388.53,1842.65,0.41,3.02,68.98,849.4,519,1,4881
25478,draftkings,classic,2825,350.92,370.92,1754.6,0.46,2.9,55.91,1252.2,794,1,4959
25478,draftkings,classic,1884,349,369,1744.99,0.47,2.82,60.8,1099.9,662,1,4999
25478,draftkings,classic,3748,346.69,366.69,1733.46,0.4,3.26,58.13,1185.9,726,1,4986
25478,draftkings,classic,1627,344.27,364.27,1721.36,0.43,2.91,56.25,1252.3,791,1,4991
25478,draftkings,classic,3302,343.62,363.62,1718.11,0.44,2.95,64.28,979.8,591,1,4980
25478,draftkings,classic,3574,336.13,356.13,1680.67,0.44,2.78,54.39,1272.3,830,1,4969
25478,draftkings,classic,1742,335.63,355.63,1678.15,0.41,2.96,65.14,980.4,552,1,4971
25478,draftkings,classic,3695,332.88,352.88,1664.4,0.32,2.84,71.06,814,434,1,4909
25478,draftkings,classic,4690,329.82,349.82,1649.08,0.25,2.9,76.84,673.1,375,1,4732
25478,draftkings,classic,996,328.47,348.47,1642.36,0.43,2.78,55.96,1220.8,805,1,4972
25478,draftkings,classic,808,326.12,346.12,1630.59,0.43,2.77,61.76,1047.9,645,1,4982
25478,draftkings,classic,2887,323.62,343.62,1618.12,0.31,2.89,60.42,1120.8,669,1,4995
25478,draftkings,classic,1757,323.18,343.18,1615.91,0.37,2.76,65.1,972.7,563,1,4997
25478,draftkings,classic,4731,321.17,341.17,1605.84,0.28,2.94,60.67,1087.1,685,1,4967
25478,draftkings,classic,3567,319.13,339.13,1595.65,0.38,2.76,64.2,1009.6,560,1,4997
25478,draftkings,classic,1440,311.86,331.86,1559.3,0.36,2.6,70.22,822.7,511,1,4750
25478,draftkings,classic,2610,310.93,330.93,1554.64,0.26,2.73,71.91,786.7,439,1,4842
25478,draftkings,classic,1405,308.17,328.17,1540.86,0.26,2.83,60.96,1099.1,650,1,4953
25478,draftkings,classic,708,299.29,319.29,1496.44,0.39,2.44,57.19,1163.5,771,1,4963
25478,draftkings,classic,835,296.72,316.72,1483.59,0.3,2.65,59.4,1125.5,700,1,4970
25478,draftkings,classic,3225,295.28,315.28,1476.41,0.39,2.33,58.93,1133.6,729,1,4971
25478,draftkings,classic,4864,293.53,313.53,1467.65,0.35,2.59,54.49,1302.1,840,1,4988
25478,draftkings,classic,189,291.98,311.98,1459.93,0.38,2.39,58.2,1136.5,744,1,4991
25478,draftkings,classic,606,284.96,304.96,1424.8,0.35,2.53,57.42,1186.4,755,1,4992
25478,draftkings,classic,423,283.88,303.88,1419.42,0.31,2.49,51.8,1393.1,928,1,4978
25478,draftkings,classic,3542,282.95,302.95,1414.76,0.23,2.38,70.91,803.7,444,1,4838
25478,draftkings,classic,4619,281.6,301.6,1408,0.21,2.39,70.31,824.7,488,1,4908
25478,draftkings,classic,4667,281.4,301.4,1407,0.2,2.63,63.52,1022.4,582,1,4985
25478,draftkings,classic,3464,281.28,301.28,1406.4,0.26,2.57,62.33,1052,641,1,4997
25478,draftkings,classic,3799,281.06,301.06,1405.3,0.24,2.58,57.37,1215.3,733,1,4987
25478,draftkings,classic,614,277.14,297.14,1385.71,0.38,2.3,52.67,1312,899,1,4980
25478,draftkings,classic,3658,276.6,296.6,1383.02,0.32,2.32,56.99,1223.5,758,1,4990
25478,draftkings,classic,4137,275.52,295.52,1377.61,0.27,2.3,61.34,1076.9,652,1,4994
25478,draftkings,classic,4486,274.53,294.53,1372.65,0.38,2.08,59.47,1078.5,729,1,4988
25478,draftkings,classic,1971,272.9,292.9,1364.48,0.33,2.44,52.04,1357,916,1,4997
25478,draftkings,classic,779,272.32,292.32,1361.6,0.25,2.27,66.83,880.8,589,1,4894
25478,draftkings,classic,1613,267.49,287.49,1337.45,0.25,2.45,61.6,1037.3,676,1,4947
25478,draftkings,classic,4213,263.97,283.97,1319.84,0.3,2.19,60.37,1097.3,688,1,4999
25478,draftkings,classic,1090,261.13,281.13,1305.64,0.28,2.18,57.23,1175,772,1,4952
25478,draftkings,classic,716,257.95,277.95,1289.74,0.35,1.92,59.11,1089.5,745,1,4959
25478,draftkings,classic,3815,252.55,272.55,1262.74,0.19,2.19,71.63,784.8,493,1,4846
25478,draftkings,classic,1746,251.35,271.35,1256.77,0.24,2,63.63,977.4,613,1,4951
25478,draftkings,classic,3731,250.38,270.38,1251.92,0.26,2.16,55.96,1203.3,814,1,4952
25478,draftkings,classic,2294,249.95,269.95,1249.74,0.28,2.1,55.17,1241.2,825,1,4993
25478,draftkings,classic,3627,249.32,269.32,1246.58,0.3,2.1,51.11,1377.8,958,1,4999
25478,draftkings,classic,1104,248.65,268.65,1243.24,0.28,2.2,55.26,1231.1,808,1,5000
25478,draftkings,classic,3166,245.21,265.21,1226.03,0.23,2.17,56.63,1180,798,1,4950
25478,draftkings,classic,112,245.15,265.15,1225.75,0.32,1.88,57.8,1129.6,767,1,4958
25478,draftkings,classic,2006,243.43,263.43,1217.14,0.36,2.11,46.86,1495.6,1106,1,4999
25478,draftkings,classic,291,242.72,262.72,1213.58,0.21,2.09,59.96,1063.6,715,1,4971
25478,draftkings,classic,896,242.37,262.37,1211.83,0.24,2.2,57.24,1204,753,1,4996
25478,draftkings,classic,591,241.52,261.52,1207.6,0.19,2.11,60.97,1099.8,669,1,4992
25478,draftkings,classic,599,240.91,260.91,1204.55,0.22,2.15,56.11,1202.6,800,1,4954
25478,draftkings,classic,3874,240.51,260.51,1202.57,0.19,2.3,63.78,994.8,587,1,4965
25478,draftkings,classic,656,240.14,260.14,1200.69,0.3,2.03,48.22,1440.3,1071,1,4993
25478,draftkings,classic,891,236.67,256.67,1183.34,0.21,1.69,66.41,924.5,558,1,4935
25478,draftkings,classic,158,235.43,255.43,1177.16,0.21,1.97,58.65,1103.5,739,1,4956
25478,draftkings,classic,1382,234.76,254.76,1173.82,0.26,2.08,51.2,1374.8,958,1,4984
25478,draftkings,classic,4922,232.26,252.26,1161.3,0.2,2.02,63.08,1017.5,606,1,4993
25478,draftkings,classic,546,231.75,251.75,1158.76,0.29,1.92,50.78,1376.1,972,1,4986
25478,draftkings,classic,4618,229.89,249.89,1149.47,0.22,1.7,64.23,980.4,608,1,4940
25478,draftkings,classic,283,229.17,249.17,1145.87,0.19,2.17,49.68,1425.3,1013,1,4995
25478,draftkings,classic,3481,227.19,247.19,1135.95,0.23,2.02,52.48,1350.2,911,1,4983
25478,draftkings,classic,3583,226.9,246.9,1134.51,0.23,1.92,57.62,1129.7,780,1,4988
25478,draftkings,classic,1679,226.45,246.45,1132.24,0.19,1.68,66.45,899.1,585,1,4918
25478,draftkings,classic,2395,226.15,246.15,1130.76,0.24,1.92,53.25,1348.1,874,1,4996
25478,draftkings,classic,2691,221.63,241.63,1108.15,0.16,1.88,57.06,1188.2,779,1,4968
25478,draftkings,classic,2770,220.37,240.37,1101.83,0.15,1.99,60.98,1084.5,641,1,4977
25478,draftkings,classic,1665,218.31,238.31,1091.56,0.18,1.79,62.97,1006.3,650,1,4871
25478,draftkings,classic,1999,216.91,236.91,1084.55,0.14,1.69,65.49,956,574,1,4935
25478,draftkings,classic,236,215.19,235.19,1075.93,0.16,1.86,62.56,1054,624,1,4994
25478,draftkings,classic,2384,215.08,235.08,1075.39,0.21,1.57,55.2,1202.2,854,1,4985
25478,draftkings,classic,2005,214.49,234.49,1072.47,0.19,1.61,64.59,954.4,620,1,4917
25478,draftkings,classic,3213,214.28,234.28,1071.42,0.24,1.6,61.92,1013.4,675,1,4902
25478,draftkings,classic,2149,211.46,231.46,1057.32,0.21,1.79,56.38,1202.7,799,1,4969
25478,draftkings,classic,4408,211.39,231.39,1056.94,0.24,1.87,49.21,1456.1,1029,1,4995
25478,draftkings,classic,2035,210.97,230.97,1054.85,0.18,1.91,59.84,1082.7,710,1,4931
25478,draftkings,classic,1470,210.54,230.54,1052.72,0.23,1.74,49.17,1410.4,1031,1,4991
25478,draftkings,classic,4959,209.42,229.42,1047.09,0.19,1.68,61.03,1032.8,704,1,4979
25478,draftkings,classic,1617,207.69,227.69,1038.45,0.2,1.92,50.05,1441.7,997,1,4987
25478,draftkings,classic,1905,206.92,226.92,1034.6,0.11,1.95,62.66,1042.6,631,1,4980
25478,draftkings,classic,3912,206.23,226.23,1031.15,0.23,1.74,47.41,1523.1,1101,1,4991
25478,draftkings,classic,3512,205.52,225.52,1027.61,0.16,1.68,58.49,1133.9,739,1,4991
25478,draftkings,classic,1129,205.22,225.22,1026.09,0.19,1.77,52.69,1304.8,911,1,4982
25478,draftkings,classic,4827,205.09,225.09,1025.44,0.2,1.75,57.59,1133,772,1,4952
25478,draftkings,classic,3840,203.26,223.26,1016.3,0.17,1.63,58.36,1131.5,725,1,5000
25478,draftkings,classic,1341,202.81,222.81,1014.04,0.17,1.84,51.85,1353.7,937,1,4959
25478,draftkings,classic,444,202.49,222.49,1012.44,0.14,1.79,59.22,1100.4,725,1,4958
25478,draftkings,classic,1247,202.42,222.42,1012.11,0.26,1.62,47.17,1513.7,1116,1,4994
25478,draftkings,classic,699,202.3,222.3,1011.51,0.21,1.96,48.34,1478.4,1056,1,4990
25478,draftkings,classic,439,201.27,221.27,1006.34,0.17,1.61,56.62,1207.3,778,1,4974
25478,draftkings,classic,3902,200.4,220.4,1002,0.24,1.58,51.2,1362.5,948,1,4990
25478,draftkings,classic,2110,199.79,219.79,998.95,0.18,1.51,58.38,1122,770,1,4934
25478,draftkings,classic,4755,198.7,218.7,993.49,0.11,1.72,65.31,926,581,1,4914
25478,draftkings,classic,327,197.75,217.75,988.73,0.18,1.66,59.95,1103.6,696,1,4986
25478,draftkings,classic,2697,197.06,217.06,985.3,0.22,1.63,49.06,1418.3,1034,1,4985
25478,draftkings,classic,4622,196.83,216.83,984.16,0.28,1.55,48.8,1422.5,1048,1,4983
25478,draftkings,classic,3762,196.73,216.73,983.63,0.15,1.57,61.22,1008.6,711,1,4849
25478,draftkings,classic,4666,195.74,215.74,978.68,0.15,1.63,59.52,1141.7,707,1,4957
25478,draftkings,classic,1140,195.37,215.37,976.83,0.16,1.83,56.11,1202.3,804,1,4979
25478,draftkings,classic,4118,194.21,214.21,971.04,0.19,1.45,62.77,1003.5,654,1,4929
25478,draftkings,classic,1690,193.77,213.77,968.83,0.18,1.71,48.96,1389.1,1032,1,4988
25478,draftkings,classic,620,193.76,213.76,968.79,0.15,1.56,59.18,1089,737,1,4972
25478,draftkings,classic,1543,193.51,213.51,967.53,0.21,1.61,44.87,1569,1182,1,4999
25478,draftkings,classic,1292,192.99,212.99,964.96,0.13,1.52,61.71,1047.7,660,1,4988
25478,draftkings,classic,4193,192.51,212.51,962.56,0.16,1.49,62.67,985.9,669,1,4985
25478,draftkings,classic,3925,192.41,212.41,962.04,0.19,1.58,51.55,1307.4,947,1,4975
25478,draftkings,classic,3899,191.23,211.23,956.13,0.21,1.72,49.46,1404.4,1021,1,4967
25478,draftkings,classic,1327,191.03,211.03,955.14,0.12,1.62,58.79,1118,738,1,4959
25478,draftkings,classic,177,190.48,210.48,952.38,0.22,1.59,49.62,1393.2,1009,1,4997
25478,draftkings,classic,3400,190.05,210.05,950.27,0.19,1.52,51.29,1351.6,952,1,4971
25478,draftkings,classic,1303,189.73,209.73,948.65,0.16,1.68,53.9,1279.2,869,1,4998
25478,draftkings,classic,1857,188.74,208.74,943.7,0.21,1.56,47.42,1463.9,1091,1,4999
25478,draftkings,classic,2425,187.57,207.57,937.85,0.13,1.53,56.43,1180.4,790,1,4952
25478,draftkings,classic,1368,186.92,206.92,934.62,0.12,1.52,63.34,1019.7,619,1,4943
25478,draftkings,classic,4294,185.47,205.47,927.37,0.16,1.47,56.41,1179.3,806,1,4968
25478,draftkings,classic,1947,185.11,205.11,925.56,0.1,1.68,57.69,1129.8,772,1,4911
25478,draftkings,classic,1087,184.35,204.35,921.74,0.16,1.34,62.71,1006.5,654,1,4984
25478,draftkings,classic,45,183.67,203.67,918.33,0.12,1.42,60.2,1084.1,713,1,4969
25478,draftkings,classic,2752,183.45,203.45,917.25,0.18,1.54,47.65,1473.8,1088,1,4987
25478,draftkings,classic,1902,183.31,203.31,916.54,0.16,1.45,56.81,1155.1,803,1,4942
25478,draftkings,classic,1142,182.74,202.74,913.68,0.16,1.36,61.18,1047.1,696,1,4970
25478,draftkings,classic,2556,182,202,910.02,0.23,1.38,52.85,1271.5,914,1,4932
25478,draftkings,classic,3357,181.39,201.39,906.94,0.18,1.64,51.78,1294.2,942,1,4978
25478,draftkings,classic,199,180.85,200.85,904.24,0.18,1.36,54.48,1190.7,864,1,4923
25478,draftkings,classic,257,180.51,200.51,902.55,0.16,1.44,50.02,1362.5,998,1,4997
25478,draftkings,classic,4047,180.36,200.36,901.82,0.19,1.33,57.76,1120.8,787,1,4950
25478,draftkings,classic,1656,180.25,200.25,901.27,0.17,1.5,50.28,1342.9,989,1,4992
25478,draftkings,classic,1443,180.19,200.19,900.96,0.14,1.47,52.41,1303.9,917,1,4998
25478,draftkings,classic,4519,179.53,199.53,897.66,0.19,1.31,57.27,1163.2,783,1,4939
25478,draftkings,classic,1588,179.15,199.15,895.74,0.14,1.3,63.34,961.6,660,1,4859
25478,draftkings,classic,2245,178.97,198.97,894.85,0.19,1.39,49.25,1378.6,1021,1,4986
25478,draftkings,classic,4737,178.82,198.82,894.09,0.16,1.21,61.91,1017.1,681,1,4984
25478,draftkings,classic,2777,177.38,197.38,886.9,0.12,1.49,55.73,1188,827,1,4984
25478,draftkings,classic,2600,177.22,197.22,886.12,0.14,1.21,58.13,1123.9,758,1,4955
25478,draftkings,classic,3034,175.76,195.76,878.79,0.13,1.39,59.23,1113,728,1,4997
25478,draftkings,classic,4262,175.14,195.14,875.69,0.19,1.42,48.68,1373.6,1040,1,4998
25478,draftkings,classic,4636,172.72,192.72,863.61,0.13,1.43,53.61,1258.5,889,1,4989
25478,draftkings,classic,3890,172.06,192.06,860.31,0.19,1.54,44.13,1622.5,1243,1,4996
25478,draftkings,classic,2996,170.89,190.89,854.43,0.15,1.32,56.96,1136.2,795,1,4934
25478,draftkings,classic,7,170.75,190.75,853.77,0.08,1.24,64.44,956.5,609,1,4938
25478,draftkings,classic,3334,169.74,189.74,848.7,0.19,1.29,50.69,1353.7,971,1,4975
25478,draftkings,classic,2565,169.61,189.61,848.03,0.11,1.21,59.31,1088.1,737,1,4920
25478,draftkings,classic,1878,168.95,188.95,844.74,0.13,1.31,57.12,1188.1,782,1,4987
25478,draftkings,classic,4120,167.92,187.92,839.61,0.09,1.21,65.5,918.5,608,1,4820
25478,draftkings,classic,902,167.66,187.66,838.3,0.11,1.4,54.26,1287.1,857,1,4996
25478,draftkings,classic,2001,167.46,187.46,837.3,0.15,1.39,52.08,1310.2,935,1,4996
25478,draftkings,classic,2684,167.18,187.18,835.88,0.11,1.37,56.43,1167.3,802,1,4949
25478,draftkings,classic,1611,166.7,186.7,833.5,0.21,1.12,55.35,1156.2,840,1,4915
25478,draftkings,classic,2460,164.87,184.87,824.35,0.15,1.21,54.84,1223.9,857,1,4994
25478,draftkings,classic,2475,164.29,184.29,821.43,0.2,1.37,45,1533.1,1184,1,4998
25478,draftkings,classic,3316,164.15,184.15,820.76,0.17,1.29,50.51,1327.4,984,1,4982
25478,draftkings,classic,2466,163.13,183.13,815.66,0.12,1.58,48.21,1443.5,1059,1,4965
25478,draftkings,classic,1982,162.44,182.44,812.18,0.1,1.26,56.79,1173,788,1,4997
25478,draftkings,classic,2897,161.62,181.62,808.1,0.17,1.44,45.48,1500.6,1142,1,4987
25478,draftkings,classic,4822,161.53,181.53,807.63,0.14,1.08,54.58,1195.6,861,1,4945
25478,draftkings,classic,1124,161.43,181.42,807.13,0.19,1.09,55.01,1179.1,860,1,4944
25478,draftkings,classic,1601,161.31,181.31,806.57,0.13,1.11,56.6,1146,827,1,4993
25478,draftkings,classic,3742,161.25,181.25,806.26,0.16,1.5,44.63,1543.1,1205,1,4994
25478,draftkings,classic,121,159.38,179.38,796.9,0.12,1.17,58.55,1118,758,1,4982
25478,draftkings,classic,3714,159.03,179.03,795.14,0.16,1.43,42.26,1645.7,1284,1,5001
25478,draftkings,classic,2139,158.37,178.37,791.84,0.09,1.45,48.87,1418.6,1040,1,4990
25478,draftkings,classic,3024,157.85,177.85,789.24,0.18,1.31,42.46,1662.9,1295,1,4999
25478,draftkings,classic,4758,156.39,176.39,781.96,0.16,1.25,55.27,1171.1,845,1,4929
25478,draftkings,classic,3215,156.39,176.39,781.94,0.1,1.13,63.23,963,651,1,4881
25478,draftkings,classic,3105,155.04,175.04,775.19,0.14,1.38,43.68,1651.1,1251,1,5001
25478,draftkings,classic,2941,154.71,174.71,773.56,0.13,1.26,47.19,1441.4,1092,1,4991
25478,draftkings,classic,180,153.7,173.7,768.5,0.09,0.96,63.64,988.3,623,1,4913
25478,draftkings,classic,1792,152.7,172.7,763.48,0.16,1.15,53.35,1237.7,896,1,4958
25478,draftkings,classic,3418,150.48,170.48,752.41,0.11,1.26,51.3,1332,956,1,4988
25478,draftkings,classic,984,149.52,169.52,747.62,0.13,1.23,47.1,1453.2,1102,1,4988
25478,draftkings,classic,4125,149.48,169.48,747.39,0.18,1.22,45.58,1524.7,1152,1,4985
25478,draftkings,classic,2531,148.71,168.71,743.53,0.1,1.13,58.04,1091.3,781,1,4954
25478,draftkings,classic,3970,148.67,168.67,743.36,0.13,0.87,60.19,1061.9,730,1,4944
25478,draftkings,classic,1286,148.49,168.49,742.47,0.13,1.05,50.59,1328.3,976,1,4976
25478,draftkings,classic,2081,148.45,168.45,742.27,0.07,1.15,63.43,973.1,653,1,4988
25478,draftkings,classic,3932,148.08,168.08,740.4,0.15,1.06,54.92,1217.7,860,1,4970
25478,draftkings,classic,511,147.98,167.98,739.88,0.17,1.16,49.89,1346.1,1003,1,4943
25478,draftkings,classic,4786,147.73,167.73,738.64,0.12,1,56.8,1169.7,792,1,4929
25478,draftkings,classic,2188,147.38,167.38,736.9,0.13,1.13,57.76,1115.6,793,1,4978
25478,draftkings,classic,4784,146.99,166.99,734.96,0.12,1.1,52.65,1229.3,920,1,4964
25478,draftkings,classic,529,146.96,166.96,734.82,0.07,1.13,59.17,1097.6,744,1,4917
25478,draftkings,classic,4986,146.89,166.89,734.43,0.12,1.29,48.76,1378,1037,1,4999
25478,draftkings,classic,4446,145.81,165.81,729.07,0.11,1.12,51.6,1323,947,1,4986
25478,draftkings,classic,4652,145.78,165.78,728.92,0.13,1.19,50.56,1305.9,979,1,4977
25478,draftkings,classic,4419,145.19,165.19,725.97,0.11,1.08,56.56,1156.5,819,1,4924
25478,draftkings,classic,1384,144.55,164.55,722.74,0.19,1.08,39.29,1756.5,1437,1,5000
25478,draftkings,classic,1548,144.53,164.53,722.67,0.06,1.25,53.31,1239.1,901,1,4988
25478,draftkings,classic,1119,144.49,164.49,722.44,0.17,1.23,41.98,1600.7,1285,1,4991
25478,draftkings,classic,4225,143.93,163.93,719.67,0.05,1.17,57.6,1134.2,760,1,4931
25478,draftkings,classic,3785,143.64,163.64,718.19,0.12,1.15,54.42,1200.1,874,1,4929
25478,draftkings,classic,328,143.37,163.37,716.83,0.12,1.17,49.38,1319.1,1017,1,4990
25478,draftkings,classic,3741,139.91,159.91,699.53,0.1,1.04,52.94,1233.3,905,1,4959
25478,draftkings,classic,1972,139.31,159.31,696.57,0.16,1.15,39.2,1739.4,1452,1,4996
25478,draftkings,classic,3504,139.16,159.16,695.78,0.17,0.96,48.34,1393,1053,1,4983
25478,draftkings,classic,4345,138.76,158.76,693.79,0.11,1.09,48.28,1435.5,1058,1,4999
25478,draftkings,classic,767,138.47,158.47,692.34,0.14,1.06,48.22,1430.1,1074,1,4983
25478,draftkings,classic,4376,138.28,158.28,691.41,0.1,1.03,54.36,1262.5,866,1,4994
25478,draftkings,classic,846,137.86,157.86,689.3,0.07,1.19,55.02,1212.5,834,1,4967
25478,draftkings,classic,2826,136.36,156.36,681.78,0.07,1.09,47.07,1481.1,1106,1,5000
25478,draftkings,classic,2745,136.27,156.27,681.37,0.15,1.12,39.18,1798.7,1471,1,4997
25478,draftkings,classic,4939,136.16,156.16,680.81,0.11,1.11,51.49,1280.6,953,1,4960
25478,draftkings,classic,3669,136.15,156.15,680.74,0.08,1.07,57.48,1099.9,790,1,4966
25478,draftkings,classic,3638,134.71,154.71,673.54,0.1,1.17,49.34,1379.5,1019,1,4992
25478,draftkings,classic,1467,134.05,154.05,670.26,0.09,0.95,51.03,1301,966,1,4997
25478,draftkings,classic,2506,133.65,153.65,668.26,0.1,1.09,53.07,1243.1,911,1,4927
25478,draftkings,classic,4838,133.52,153.52,667.62,0.04,0.91,62.85,1014,652,1,4988
25478,draftkings,classic,2343,133.02,153.02,665.11,0.05,0.96,62.01,1019.9,688,1,4922
25478,draftkings,classic,2671,132.1,152.1,660.51,0.11,1.08,46.69,1499.1,1116,1,5000
25478,draftkings,classic,4228,131.87,151.87,659.34,0.07,1.1,51.48,1318.3,953,1,4978
25478,draftkings,classic,1853,131.5,151.5,657.5,0.12,0.78,55.47,1161,852,1,4965
25478,draftkings,classic,532,131.48,151.48,657.38,0.08,1,54.13,1258.2,871,1,4987
25478,draftkings,classic,1415,131.05,151.05,655.25,0.07,0.96,55.01,1190.8,874,1,4983
25478,draftkings,classic,4660,131.03,151.03,655.17,0.08,1.07,53.15,1266.2,905,1,4982
25478,draftkings,classic,4516,130.52,150.52,652.59,0.1,1,48.28,1377.6,1052,1,4997
25478,draftkings,classic,50,130.32,150.32,651.6,0.08,1,51.61,1300.8,954,1,4992
25478,draftkings,classic,3186,129.5,149.5,647.51,0.09,1.06,53.2,1235.8,895,1,4962
25478,draftkings,classic,2476,129.29,149.29,646.47,0.07,0.87,61.38,1053.4,678,1,4968
25478,draftkings,classic,3983,129.26,149.26,646.29,0.03,0.73,66.26,904.4,621,1,4956
25478,draftkings,classic,401,129.17,149.17,645.86,0.06,0.97,56.74,1183.6,796,1,4976
25478,draftkings,classic,4738,128.87,148.87,644.34,0.09,1.01,52.12,1309.5,928,1,4980
25478,draftkings,classic,3070,128.53,148.53,642.64,0.11,0.91,47.66,1437.6,1076,1,4994
25478,draftkings,classic,554,128.43,148.43,642.13,0.1,1.01,47.68,1393.7,1069,1,4979
25478,draftkings,classic,4655,128.18,148.18,640.89,0.09,1.06,47.51,1409.6,1078,1,4976
25478,draftkings,classic,1308,127.99,147.99,639.93,0.07,0.82,58.25,1140.7,761,1,4984
25478,draftkings,classic,2183,127.88,147.88,639.39,0.09,0.81,57.89,1097.7,795,1,4950
25478,draftkings,classic,2902,127.86,147.86,639.3,0.17,1.02,47.33,1403.3,1094,1,4947
25478,draftkings,classic,1687,127.47,147.47,637.36,0.08,0.81,59.61,1090.9,722,1,4977
25478,draftkings,classic,174,126.15,146.15,630.75,0.1,0.99,52.38,1301.2,920,1,4994
25478,draftkings,classic,3153,126.01,146.01,630.06,0.08,1.04,47.28,1434.5,1091,1,4966
25478,draftkings,classic,2150,126.01,146.01,630.03,0.08,0.9,49.9,1330.2,1002,1,4986
25478,draftkings,classic,346,125.62,145.62,628.11,0.08,0.8,55.01,1165.8,854,1,4852
25478,draftkings,classic,1569,124.74,144.74,623.72,0.06,0.69,65.33,941.1,616,1,4810
25478,draftkings,classic,2576,124.29,144.29,621.45,0.1,0.95,52.5,1252.8,929,1,4996
25478,draftkings,classic,4514,124.27,144.27,621.36,0.15,0.96,43.7,1545.3,1222,1,4978
25478,draftkings,classic,3756,124.08,144.08,620.4,0.16,0.95,33.76,1988.4,1727,1,4998
25478,draftkings,classic,4270,123.55,143.55,617.76,0.09,0.92,58.1,1067.9,786,1,4867
25478,draftkings,classic,37,123.33,143.33,616.63,0.08,0.88,52.17,1265.9,932,1,4951
25478,draftkings,classic,3877,123.3,143.3,616.48,0.13,1.03,42.1,1605.4,1268,1,4996
25478,draftkings,classic,2528,123.11,143.11,615.56,0.14,0.96,42.87,1539.8,1227,1,4979
25478,draftkings,classic,1544,122.67,142.67,613.36,0.05,0.79,56.46,1195.8,800,1,4988
25478,draftkings,classic,1283,122.55,142.55,612.74,0.09,0.84,52.59,1222.6,920,1,4905
25478,draftkings,classic,610,122.26,142.26,611.31,0.12,0.96,49.3,1326,1019,1,4968
25478,draftkings,classic,232,121.93,141.93,609.67,0.1,1.03,46.44,1476.3,1123,1,4987
25478,draftkings,classic,4184,121.91,141.91,609.57,0.09,0.91,48.22,1441.6,1068,1,4980
25478,draftkings,classic,4530,121.86,141.86,609.3,0.05,0.86,53.49,1238.2,895,1,4981
25478,draftkings,classic,2906,121.56,141.56,607.8,0.11,0.98,47.33,1378.2,1077,1,4978
25478,draftkings,classic,3344,121.16,141.16,605.78,0.04,0.93,58.95,1070.2,777,1,4919
25478,draftkings,classic,2422,120.46,140.46,602.28,0.1,0.73,51.09,1299.5,969,1,4954
25478,draftkings,classic,4453,120.29,140.29,601.45,0.1,0.85,52.59,1260.7,918,1,4969
25478,draftkings,classic,2504,120.22,140.22,601.12,0.04,0.84,55.58,1151.8,859,1,4795
25478,draftkings,classic,2662,120.08,140.08,600.41,0.06,0.73,55.28,1207.8,852,1,4997
25478,draftkings,classic,1806,120.07,140.07,600.37,0.04,0.9,51.95,1294.2,939,1,4948
25478,draftkings,classic,3539,119.28,139.28,596.38,0.07,0.88,47.11,1453.2,1097,1,4987
25478,draftkings,classic,618,118.96,138.96,594.8,0.04,1.17,45.66,1538.4,1147,1,4983
25478,draftkings,classic,2570,118.77,138.77,593.85,0.08,0.9,50.45,1338.3,988,1,4993
25478,draftkings,classic,2900,118.67,138.67,593.36,0.07,0.99,43.32,1602.8,1249,1,4999
25478,draftkings,classic,433,118.07,138.07,590.36,0.06,0.83,58.64,1079.3,766,1,4929
25478,draftkings,classic,2,117.92,137.93,589.62,0.08,0.9,50.22,1324.3,994,1,4979
25478,draftkings,classic,4323,117.75,137.75,588.75,0.1,0.85,51.6,1266.5,948,1,4978
25478,draftkings,classic,3444,117.62,137.62,588.1,0.06,0.7,58.34,1133.1,759,1,4922
25478,draftkings,classic,2746,117.6,137.6,588,0.07,0.73,55.29,1148.3,868,1,4932
25478,draftkings,classic,3498,117.08,137.08,585.38,0.1,0.86,48.43,1427.7,1048,1,4975
25478,draftkings,classic,1822,116.62,136.62,583.11,0.13,0.92,41.98,1644.7,1307,1,4986
25478,draftkings,classic,2065,115.59,135.59,577.96,0.03,0.68,61.53,1023,700,1,4808
25478,draftkings,classic,1386,115.14,135.14,575.7,0.06,0.88,53.86,1183,894,1,4918
25478,draftkings,classic,2320,115.07,135.07,575.36,0.04,0.96,49.47,1343.4,1019,1,4978
25478,draftkings,classic,2664,114.66,134.66,573.3,0.09,0.74,54.69,1198.5,863,1,4966
25478,draftkings,classic,4527,114.53,134.53,572.66,0.12,1,40.73,1611.8,1341,1,4995
25478,draftkings,classic,2917,113.86,133.86,569.3,0.09,0.86,49.87,1320.8,1006,1,4974
25478,draftkings,classic,2799,113.59,133.59,567.96,0.06,0.71,53.43,1282.8,897,1,4974
25478,draftkings,classic,2401,113.55,133.55,567.77,0.11,1.04,38.14,1803.5,1486,1,4999
25478,draftkings,classic,2646,113.55,133.55,567.75,0.1,0.74,47.33,1406.3,1078,1,4977
25478,draftkings,classic,3707,112.62,132.62,563.1,0.08,0.85,50.18,1306.1,990,1,4994
25478,draftkings,classic,1029,111.62,131.62,558.09,0.05,0.93,47.42,1458.9,1087,1,4993
25478,draftkings,classic,3066,111.35,131.35,556.76,0.07,0.79,50.67,1296.2,980,1,4948
25478,draftkings,classic,3448,110.93,130.93,554.64,0.09,0.92,43.04,1536.8,1239,1,4997
25478,draftkings,classic,1299,109.98,129.98,549.9,0.06,0.87,47.5,1439.6,1088,1,4967
25478,draftkings,classic,4695,109.89,129.89,549.44,0.12,0.71,49.88,1312.6,1002,1,4926
25478,draftkings,classic,1316,109.87,129.87,549.36,0.05,0.74,51.3,1309.7,952,1,4990
25478,draftkings,classic,2142,109.82,129.82,549.12,0.1,0.82,43.22,1505.1,1202,1,4968
25478,draftkings,classic,2547,109.75,129.75,548.76,0.01,0.7,59.18,1089.5,747,1,4975
25478,draftkings,classic,4732,109.47,129.47,547.34,0.05,0.88,48.2,1368.5,1051,1,4948
25478,draftkings,classic,3513,109.05,129.05,545.25,0.01,0.59,62.24,1032.8,667,1,4984
25478,draftkings,classic,2435,108.96,128.96,544.81,0.03,0.66,57.14,1158.1,789,1,4976
25478,draftkings,classic,2636,108.39,128.39,541.96,0.09,0.92,40.57,1696.6,1356,1,5000
25478,draftkings,classic,248,108.38,128.38,541.92,0.09,0.72,46.94,1406,1094,1,4955
25478,draftkings,classic,4101,108.3,128.3,541.52,0.05,0.86,43.36,1569.9,1237,1,4997
25478,draftkings,classic,4940,108.16,128.16,540.79,0.04,0.76,55.48,1152.7,851,1,4973
25478,draftkings,classic,384,108.15,128.15,540.77,0.12,0.77,44.31,1551.9,1215,1,5001
25478,draftkings,classic,2333,108.1,128.1,540.5,0.03,0.62,57.99,1146.5,770,1,4930
25478,draftkings,classic,3533,107.57,127.57,537.83,0.03,0.7,53.6,1256.7,889,1,4992
25478,draftkings,classic,1881,107.53,127.53,537.63,0.07,0.76,47.02,1475.1,1109,1,4971
25478,draftkings,classic,3476,107.29,127.29,536.47,0.04,0.66,50.99,1369.7,966,1,4993
25478,draftkings,classic,3585,107.19,127.19,535.97,0.05,0.89,41.42,1682.8,1333,1,4995
25478,draftkings,classic,372,106.82,126.82,534.11,0.05,0.83,48.21,1397.9,1053,1,4982
25478,draftkings,classic,4668,106.68,126.68,533.38,0.06,0.86,47.04,1429.4,1098,1,4998
25478,draftkings,classic,465,106.63,126.63,533.13,0.07,0.67,50.45,1301.3,987,1,4956
25478,draftkings,classic,1958,106.11,126.11,530.56,0.06,0.72,48.47,1367.3,1047,1,4969
25478,draftkings,classic,4061,105.97,125.97,529.86,0.07,0.88,43.45,1546.4,1236,1,4990
25478,draftkings,classic,584,105.92,125.92,529.6,0.11,0.9,37.32,1784.6,1521,1,5001
25478,draftkings,classic,1489,105.73,125.73,528.64,0.08,0.9,43.87,1596.8,1234,1,5000
25478,draftkings,classic,2013,105.67,125.67,528.33,0.07,1,38.07,1800.7,1474,1,4999
25478,draftkings,classic,2218,105.57,125.57,527.85,0.1,0.74,47.05,1424.1,1096,1,4990
25478,draftkings,classic,760,105.33,125.33,526.64,0.02,0.57,58.39,1133.1,751,1,4990
25478,draftkings,classic,2689,105.24,125.24,526.22,0.07,0.77,52.79,1221.2,927,1,4928
25478,draftkings,classic,2243,105.22,125.22,526.1,0.03,0.7,53.49,1293.8,888,1,4992
25478,draftkings,classic,2166,105.05,125.05,525.27,0.04,0.82,51.59,1305.7,949,1,4991
25478,draftkings,classic,976,104.98,124.98,524.91,0.1,0.78,45.36,1482.3,1163,1,4986
25478,draftkings,classic,4070,104.87,124.87,524.34,0.06,0.8,48.12,1367.2,1065,1,4960
25478,draftkings,classic,3851,104.26,124.26,521.28,0.07,0.77,49.48,1339.8,1015,1,4973
25478,draftkings,classic,1883,104.14,124.14,520.7,0.11,0.9,37.41,1813.8,1532,1,5001
25478,draftkings,classic,4023,103.97,123.97,519.87,0.03,0.64,56.78,1136.1,819,1,4900
25478,draftkings,classic,4030,103.92,123.92,519.58,0.05,0.85,48.61,1394.8,1049,1,4980
25478,draftkings,classic,622,103.72,123.72,518.62,0.07,0.64,54.65,1194.3,869,1,4975
25478,draftkings,classic,2552,103.6,123.6,518.01,0.06,0.75,48.84,1385.6,1039,1,4982
25478,draftkings,classic,1445,103.27,123.27,516.36,0.1,0.8,39.57,1709,1401,1,5001
25478,draftkings,classic,4452,103.03,123.03,515.15,0.09,0.83,42.33,1550.1,1256,1,4993
25478,draftkings,classic,2590,102.89,122.89,514.47,0.03,0.89,48.96,1382.4,1030,1,4976
25478,draftkings,classic,145,102.76,122.76,513.81,0.07,0.81,44.83,1478.2,1153,1,4994
25478,draftkings,classic,2259,102.7,122.7,513.49,0.08,0.73,47.86,1354.5,1067,1,4950
25478,draftkings,classic,2663,102.58,122.58,512.92,0.08,0.8,45.2,1473.9,1160,1,4986
25478,draftkings,classic,935,102.01,122.01,510.05,0.02,0.65,58.1,1089.6,786,1,4879
25478,draftkings,classic,2817,101.69,121.69,508.43,0.08,0.75,47.3,1385.1,1083,1,4990
25478,draftkings,classic,3163,101.62,121.62,508.08,0.04,0.67,56.84,1110.3,816,1,4987
25478,draftkings,classic,1808,101.49,121.49,507.45,0.07,0.81,41.58,1667.2,1312,1,4988
25478,draftkings,classic,2805,101.07,121.07,505.33,0.07,0.75,44.92,1548.3,1192,1,4997
25478,draftkings,classic,940,100.96,120.96,504.78,0.06,0.65,49.9,1272.9,1004,1,4941
25478,draftkings,classic,2800,100.89,120.89,504.44,0.08,0.66,42.19,1586.9,1284,1,4981
25478,draftkings,classic,2215,100.38,120.38,501.88,0.06,0.64,48.33,1358.3,1046,1,4980
25478,draftkings,classic,1205,100.11,120.11,500.56,0.03,0.74,53.55,1229.7,893,1,4900
25478,draftkings,classic,611,99.81,119.81,499.05,0.07,0.79,42.02,1646.4,1294,1,4996
25478,draftkings,classic,1606,99.59,119.59,497.94,0.09,0.84,42.59,1568.2,1259,1,5000
25478,draftkings,classic,1675,99.25,119.25,496.26,0.04,0.83,44.99,1470,1160,1,4971
25478,draftkings,classic,2741,99.03,119.03,495.13,0.07,0.64,47.22,1371.7,1087,1,4945
25478,draftkings,classic,4146,98.6,118.6,493.02,0.07,0.77,51.5,1294.1,957,1,4953
25478,draftkings,classic,1035,98.44,118.44,492.22,0.06,0.6,55.37,1143.8,864,1,4897
25478,draftkings,classic,1952,97.49,117.49,487.43,0.06,0.68,48.1,1405.1,1058,1,4971
25478,draftkings,classic,3990,97.35,117.35,486.75,0.04,0.77,50.75,1294.6,976,1,4906
25478,draftkings,classic,2069,97.28,117.28,486.39,0.05,0.74,46.79,1519.9,1108,1,5000
25478,draftkings,classic,364,97.22,117.22,486.11,0.07,0.77,38.64,1757.7,1467,1,4994
25478,draftkings,classic,2591,97.12,117.12,485.62,0.03,0.53,58.82,1099.5,773,1,4945
25478,draftkings,classic,3863,96.95,116.95,484.76,0.01,0.8,51.57,1303.1,950,1,5000
25478,draftkings,classic,2806,96.92,116.92,484.6,0.07,0.64,46.19,1463.9,1118,1,5000
25478,draftkings,classic,4686,96.77,116.77,483.83,0.06,0.68,46.45,1373.1,1112,1,4983
25478,draftkings,classic,241,96.34,116.34,481.7,0.05,0.7,46.79,1460.7,1117,1,4984
25478,draftkings,classic,1898,96.12,116.12,480.58,0.08,0.69,44.96,1524.6,1182,1,4972
25478,draftkings,classic,1988,96.03,116.03,480.14,0.05,0.68,44.94,1460.8,1161,1,4963
25478,draftkings,classic,4434,96.03,116.03,480.16,0.02,0.58,57.99,1084.5,801,1,4796
25478,draftkings,classic,1931,95.96,115.96,479.8,0.06,0.74,39.71,1665.4,1369,1,4988
25478,draftkings,classic,2783,95.35,115.35,476.75,0.08,0.66,46.18,1420.2,1114,1,4971
25478,draftkings,classic,3081,95.02,115.02,475.11,0.07,0.68,43.88,1517.9,1203,1,4977
25478,draftkings,classic,4099,94.95,114.95,474.75,0.03,0.62,53.71,1286.3,891,1,4993
25478,draftkings,classic,2724,94.91,114.91,474.53,0.09,0.56,46.33,1387.9,1108,1,5000
25478,draftkings,classic,2690,94.9,114.9,474.51,0.07,0.61,48.73,1335.5,1040,1,4996
25478,draftkings,classic,3349,94.77,114.77,473.84,0.08,0.62,44.24,1510.7,1185,1,4995
25478,draftkings,classic,2564,94.57,114.57,472.84,0.07,0.73,42.1,1624.5,1291,1,4999
25478,draftkings,classic,1831,94.55,114.55,472.73,0.09,0.64,41.94,1634,1285,1,4992
25478,draftkings,classic,3784,93.99,113.99,469.93,0.03,0.66,54.25,1176.2,881,1,4891
25478,draftkings,classic,2003,93.93,113.93,469.65,0.04,0.68,51.62,1279,950,1,4966
25478,draftkings,classic,3577,93.92,113.92,469.58,0.01,0.54,60.1,1046.5,737,1,4927
25478,draftkings,classic,2808,93.63,113.63,468.14,0.05,0.8,39.12,1686.5,1413,1,5001
25478,draftkings,classic,31,93.36,113.36,466.82,0.07,0.63,44,1545.1,1219,1,4988
25478,draftkings,classic,2582,93.15,113.15,465.73,0.03,0.53,54.16,1202,870,1,4968
25478,draftkings,classic,3805,92.92,112.92,464.6,0.04,0.77,41.4,1633.6,1322,1,4999
25478,draftkings,classic,3195,92.67,112.67,463.34,0.06,0.62,45.86,1517.9,1135,1,4989
25478,draftkings,classic,1311,92.61,112.61,463.04,0.03,0.69,50.17,1334.6,994,1,4975
25478,draftkings,classic,3251,92.6,112.6,463.01,0.04,0.47,54.37,1155.5,887,1,4943
25478,draftkings,classic,3670,92.6,112.6,463.01,0.07,0.7,41.71,1634.2,1310,1,4986
25478,draftkings,classic,1160,92.59,112.59,462.96,0.01,0.65,53.46,1261.9,891,1,4960
25478,draftkings,classic,62,92.44,112.44,462.22,0.04,0.65,47.91,1340,1063,1,4931
25478,draftkings,classic,4914,92.41,112.41,462.07,0.08,0.61,48.09,1370.8,1056,1,4989
25478,draftkings,classic,1754,92.4,112.4,462.02,0.07,0.51,50.33,1253.9,991,1,4945
25478,draftkings,classic,942,92.34,112.34,461.68,0.07,0.56,46.68,1439.8,1102,1,4983
25478,draftkings,classic,2039,92.22,112.22,461.11,0.07,0.63,49.23,1326.5,1021,1,4983
25478,draftkings,classic,2191,91.69,111.69,458.44,0.02,0.71,48.39,1395.8,1056,1,4982
25478,draftkings,classic,2144,91.39,111.39,456.95,0.03,0.62,49.76,1322.9,1007,1,4979
25478,draftkings,classic,4259,91.21,111.21,456.04,0.05,0.71,42.65,1564.3,1254,1,4979
25478,draftkings,classic,4883,91,111,455.02,0.05,0.71,42.58,1571.5,1273,1,4977
25478,draftkings,classic,534,90.69,110.69,453.46,0.05,0.64,41.45,1645.8,1314,1,4982
25478,draftkings,classic,619,90.41,110.41,452.04,0.04,0.54,53.54,1216.1,897,1,4975
25478,draftkings,classic,3021,90.19,110.19,450.95,0.05,0.58,53.12,1187.7,917,1,4933
25478,draftkings,classic,1089,90.17,110.17,450.85,0.07,0.66,38.61,1738.1,1427,1,4987
25478,draftkings,classic,1065,89.89,109.89,449.47,0.02,0.72,44.08,1576.7,1209,1,4983
25478,draftkings,classic,4678,89.85,109.85,449.25,0.02,0.5,59.13,1058.4,775,1,4938
25478,draftkings,classic,1240,89.7,109.7,448.51,0.05,0.75,42.01,1597.6,1291,1,4979
25478,draftkings,classic,1355,88.98,108.98,444.92,0.09,0.8,36.03,1853,1569,1,5000
25478,draftkings,classic,4572,88.65,108.65,443.27,0.02,0.59,51.56,1252.5,959,1,4976
25478,draftkings,classic,3469,88.45,108.45,442.24,0.04,0.57,54.81,1170.9,874,1,4856
25478,draftkings,classic,2370,88.35,108.35,441.76,0.04,0.83,40.44,1658.6,1347,1,4994
25478,draftkings,classic,4615,88.1,108.1,440.5,0.03,0.73,47.83,1360.7,1058,1,4966
25478,draftkings,classic,1082,88.02,108.02,440.1,0.05,0.44,51.99,1263.3,945,1,4970
25478,draftkings,classic,1623,87.79,107.79,438.96,0.04,0.49,50.75,1308.8,973,1,4961
25478,draftkings,classic,412,87.41,107.41,437.03,0.04,0.76,42.6,1622.8,1273,1,4990
25478,draftkings,classic,1736,87.17,107.17,435.83,0.03,0.55,51.12,1249,972,1,4953
25478,draftkings,classic,1376,87.09,107.09,435.46,0.02,0.68,44.1,1503.4,1193,1,5001
25478,draftkings,classic,3872,87.03,107.03,435.14,0.02,0.54,54.26,1160.2,900,1,4883
25478,draftkings,classic,1189,86.95,106.95,434.75,0.04,0.68,42.01,1671.2,1332,1,4992
25478,draftkings,classic,4403,86.73,106.73,433.65,0.07,0.67,45.89,1430.9,1132,1,4964
25478,draftkings,classic,4785,86.68,106.68,433.42,0.06,0.74,40.42,1649.1,1351,1,4996
25478,draftkings,classic,1538,86.24,106.24,431.18,0.09,0.5,42.69,1544,1236,1,4956
25478,draftkings,classic,82,86.02,106.02,430.08,0.03,0.62,49.04,1370.3,1030,1,4943
25478,draftkings,classic,4716,85.91,105.91,429.56,0.1,0.51,41.22,1666.4,1326,1,4992
25478,draftkings,classic,3061,85.86,105.86,429.32,0.03,0.52,54.23,1187.5,881,1,4946
25478,draftkings,classic,3216,85.77,105.77,428.84,0.03,0.45,54.77,1193.7,867,1,4970
25478,draftkings,classic,1361,85.52,105.52,427.6,0.07,0.66,37.84,1766.1,1474,1,4999
25478,draftkings,classic,575,85.15,105.15,425.75,0.03,0.61,48.36,1348.6,1047,1,4904
25478,draftkings,classic,3256,85.13,105.13,425.66,0.01,0.41,55.78,1167.6,842,1,4980
25478,draftkings,classic,4448,84.96,104.96,424.8,0.05,0.74,38.55,1674.6,1408,1,4998
25478,draftkings,classic,4111,84.8,104.8,423.99,0.06,0.75,39.99,1690.7,1362,1,4995
25478,draftkings,classic,4994,84.73,104.73,423.67,0.08,0.55,43.37,1485.5,1219,1,4980
25478,draftkings,classic,3666,84.51,104.51,422.57,0.05,0.59,43.99,1553.3,1202,1,4982
25478,draftkings,classic,3050,84.17,104.17,420.86,0.05,0.72,41.4,1590.1,1291,1,4947
25478,draftkings,classic,2078,83.59,103.59,417.96,0.06,0.69,37.27,1778.2,1491,1,4998
25478,draftkings,classic,3318,83.23,103.23,416.14,0.08,0.49,40.49,1640.3,1320,1,4996
25478,draftkings,classic,2562,83.03,103.03,415.13,0.04,0.53,47.01,1379.6,1086,1,4985
25478,draftkings,classic,4830,82.99,102.99,414.97,0.02,0.65,48.19,1354.8,1048,1,4958
25478,draftkings,classic,1040,82.96,102.96,414.81,0.04,0.59,46.89,1372.5,1090,1,4913
25478,draftkings,classic,1691,82.95,102.95,414.76,0.07,0.55,42.32,1560.5,1267,1,4987
25478,draftkings,classic,1344,82.42,102.42,412.09,0.07,0.42,51.88,1226.7,955,1,4894
25478,draftkings,classic,2399,81.98,101.98,409.89,0.01,0.38,55.78,1176.9,832,1,4970
25478,draftkings,classic,1213,81.96,101.96,409.81,0.03,0.56,43.9,1502,1202,1,4964
25478,draftkings,classic,4172,81.94,101.94,409.69,0.04,0.62,43.48,1498.9,1218,1,4989
25478,draftkings,classic,169,81.9,101.9,409.49,0.03,0.52,46.42,1431.2,1118,1,4953
25478,draftkings,classic,100,81.89,101.89,409.46,0.05,0.58,40.25,1668.2,1371,1,4998
25478,draftkings,classic,118,81.68,101.68,408.41,0.04,0.59,42.28,1638.2,1307,1,4994
25478,draftkings,classic,4915,81.52,101.52,407.61,0,0.68,44.14,1508,1198,2,4991
25478,draftkings,classic,579,81.42,101.42,407.11,0.04,0.59,44.36,1454.1,1165,1,4976
25478,draftkings,classic,3936,81.33,101.33,406.64,0.01,0.53,47.9,1399,1065,1,4977
25478,draftkings,classic,4150,81.15,101.15,405.76,0.04,0.56,49.36,1300,1024,1,4907
25478,draftkings,classic,1525,81.13,101.13,405.64,0.07,0.51,41.95,1524.3,1250,1,4966
25478,draftkings,classic,2802,80.47,100.47,402.33,0.04,0.56,46.19,1413.4,1110,1,4967
25478,draftkings,classic,4297,79.89,99.89,399.43,0.05,0.61,34.99,1920.6,1646,1,5001
25478,draftkings,classic,3454,79.86,99.86,399.32,0.03,0.67,41.06,1645.9,1348,1,4993
25478,draftkings,classic,1722,79.27,99.27,396.33,0.04,0.54,43.81,1482.3,1189,1,4973
25478,draftkings,classic,476,79.22,99.22,396.1,0.04,0.63,45.36,1482.2,1149,1,4996
25478,draftkings,classic,4487,79.1,99.1,395.52,0.06,0.52,42.74,1557.4,1238,1,4977
25478,draftkings,classic,339,78.88,98.88,394.41,0.06,0.55,40.43,1682.8,1358,1,4984
25478,draftkings,classic,3871,78.74,98.74,393.7,0.07,0.42,47.88,1365.1,1064,1,4978
25478,draftkings,classic,2029,78.68,98.68,393.4,0.05,0.47,49.09,1299.6,1021,1,4906
25478,draftkings,classic,4295,78.67,98.67,393.36,0.05,0.43,45.15,1502.1,1152,1,4999
25478,draftkings,classic,3537,78.22,98.22,391.1,0.02,0.63,44.97,1456.8,1156,1,4957
25478,draftkings,classic,2274,77.96,97.96,389.82,0.07,0.59,37.89,1712.3,1434,1,4988
25478,draftkings,classic,934,77.92,97.92,389.58,0.02,0.55,43.55,1575.2,1235,1,4987
25478,draftkings,classic,29,77.72,97.72,388.61,0.08,0.58,37,1737.5,1482,1,4986
25478,draftkings,classic,4139,77.65,97.65,388.27,0.05,0.55,44.99,1401.1,1146,1,4885
25478,draftkings,classic,1515,77.42,97.42,387.09,0.05,0.53,42.15,1582.9,1274,1,4999
25478,draftkings,classic,4694,77.4,97.4,387.02,0.01,0.63,44.79,1545.5,1186,1,4994
25478,draftkings,classic,2665,77.21,97.21,386.07,0.04,0.5,44.48,1478.6,1182,1,4963
25478,draftkings,classic,625,77.17,97.17,385.86,0.06,0.46,42.34,1539,1261,1,4995
25478,draftkings,classic,1171,76.84,96.84,384.21,0.05,0.45,47.29,1356.9,1071,1,4970
25478,draftkings,classic,1533,76.6,96.6,382.99,0.04,0.47,45.41,1416,1142,1,4949
25478,draftkings,classic,2214,76.3,96.3,381.5,0.01,0.45,50.44,1325.2,983,1,4980
25478,draftkings,classic,1720,76.27,96.27,381.36,0.04,0.43,48.63,1328.6,1040,1,4978
25478,draftkings,classic,2775,76.22,96.22,381.1,0.05,0.52,41.03,1652,1327,1,4994
25478,draftkings,classic,276,75.49,95.49,377.47,0,0.41,59.36,1033.3,786,2,4819
25478,draftkings,classic,2642,75.42,95.42,377.09,0.03,0.38,48.6,1332.1,1040,1,4873
25478,draftkings,classic,2992,75.33,95.33,376.64,0.01,0.44,48.49,1403.7,1044,1,4981
25478,draftkings,classic,4218,74.78,94.78,373.88,0.03,0.54,44.05,1455.9,1170,1,4994
25478,draftkings,classic,3655,73.62,93.62,368.08,0.05,0.46,44.93,1403.4,1153,1,4994
25478,draftkings,classic,2151,73.6,93.6,367.98,0.05,0.5,41.15,1646.6,1336,1,4981
25478,draftkings,classic,3787,72.96,92.96,364.8,0.04,0.59,38.38,1747.2,1442,1,4993
25478,draftkings,classic,1491,72.9,92.9,364.5,0.01,0.63,38.53,1833.2,1490,1,5001
25478,draftkings,classic,3734,72.83,92.83,364.16,0.03,0.56,43.64,1459.7,1193,1,4954
25478,draftkings,classic,849,72.59,92.59,362.96,0.01,0.51,42.24,1565.9,1257,1,4983
25478,draftkings,classic,149,72.31,92.31,361.53,0.03,0.4,47.47,1378.7,1075,1,4993
25478,draftkings,classic,4459,71.98,91.98,359.89,0.01,0.41,47.7,1381.8,1065,1,4981
25478,draftkings,classic,3839,71.83,91.83,359.15,0.04,0.4,45.51,1424.9,1139,1,4988
25478,draftkings,classic,4610,71.74,91.74,358.7,0.01,0.4,47.86,1340.3,1066,1,4957
25478,draftkings,classic,2207,71.72,91.72,358.58,0.04,0.41,44.85,1519.4,1178,1,4995
25478,draftkings,classic,1798,71.72,91.72,358.62,0.06,0.47,38.31,1674,1413,1,4981
25478,draftkings,classic,224,71.35,91.35,356.75,0.08,0.48,38.88,1647.6,1390,1,4986
25478,draftkings,classic,342,71.23,91.23,356.14,0.03,0.32,50.79,1315.7,974,1,4930
25478,draftkings,classic,2131,71.2,91.2,356.02,0.03,0.46,44.75,1496.6,1166,1,4969
25478,draftkings,classic,1475,70.81,90.81,354.07,0.05,0.39,46.61,1347.6,1095,1,4900
25478,draftkings,classic,2694,70.55,90.55,352.75,0.05,0.47,42.11,1554,1246,1,4964
25478,draftkings,classic,4774,70.44,90.44,352.2,0.02,0.51,44.21,1477.4,1180,1,4995
25478,draftkings,classic,1209,70.31,90.31,351.54,0.01,0.38,48.28,1378.6,1055,1,4993
25478,draftkings,classic,3751,70.15,90.15,350.77,0,0.45,45.62,1471.7,1136,2,4977
25478,draftkings,classic,1466,69.89,89.89,349.47,0.05,0.5,39.86,1667.5,1363,1,4982
25478,draftkings,classic,1551,69.75,89.75,348.75,0.03,0.4,47.58,1422.7,1082,1,4991
25478,draftkings,classic,3020,69.74,89.74,348.7,0.01,0.36,48.92,1386.8,1031,1,4990
25478,draftkings,classic,3663,69.66,89.66,348.31,0.06,0.46,38.53,1683.3,1402,1,5001
25478,draftkings,classic,1761,69.53,89.53,347.64,0.03,0.37,46.01,1464.6,1134,1,4978
25478,draftkings,classic,4097,69.42,89.42,347.1,0.01,0.53,46.22,1419.1,1124,1,4941
25478,draftkings,classic,1854,69.42,89.42,347.12,0.04,0.44,42.78,1525.5,1240,1,4987
25478,draftkings,classic,4076,69.34,89.34,346.72,0.05,0.46,41.21,1555.6,1302,1,4990
25478,draftkings,classic,2962,68.99,88.99,344.95,0.02,0.32,51.95,1219.5,953,1,4854
25478,draftkings,classic,1906,68.93,88.93,344.64,0.04,0.52,40.2,1623.8,1341,1,4997
25478,draftkings,classic,2892,68.77,88.77,343.86,0.04,0.39,41.25,1594.6,1294,1,4995
25478,draftkings,classic,4600,68.63,88.63,343.16,0.05,0.48,36.58,1776.6,1524,1,4993
25478,draftkings,classic,3804,68.36,88.36,341.79,0.05,0.38,45.86,1430.4,1128,1,4988
25478,draftkings,classic,3376,68.31,88.31,341.57,0,0.36,48.67,1369,1038,2,4999
25478,draftkings,classic,2597,68.12,88.12,340.59,0.05,0.43,44.63,1483.5,1169,1,4985
25478,draftkings,classic,568,67.99,87.99,339.93,0.08,0.54,29.39,2120.8,1943,1,5001
25478,draftkings,classic,60,67.78,87.78,338.89,0.03,0.45,41.12,1596.3,1297,1,4998
25478,draftkings,classic,3055,67.64,87.64,338.21,0.02,0.46,42.89,1588.8,1261,1,4979
25478,draftkings,classic,963,67.56,87.56,337.82,0.04,0.5,41.69,1575.3,1277,1,4953
25478,draftkings,classic,4477,67.32,87.32,336.61,0.01,0.46,47.8,1348,1059,1,4934
25478,draftkings,classic,1566,67.28,87.28,336.41,0.01,0.37,49.32,1334.6,1020,1,4961
25478,draftkings,classic,3103,66.89,86.89,334.45,0.05,0.35,44.59,1443,1157,1,4970
25478,draftkings,classic,3528,66.7,86.7,333.5,0.02,0.4,47.28,1349.4,1076,1,4969
25478,draftkings,classic,3959,66.51,86.51,332.57,0.02,0.27,49.14,1322.5,1021,1,4980
25478,draftkings,classic,4102,66.45,86.45,332.27,0,0.44,43.65,1524.6,1213,2,4992
25478,draftkings,classic,2288,66.16,86.16,330.81,0.05,0.59,34.4,1921.9,1663,1,5000
25478,draftkings,classic,2403,66.02,86.02,330.12,0.06,0.3,41.55,1634.3,1305,1,4999
25478,draftkings,classic,4754,65.99,85.99,329.94,0.03,0.39,43.08,1491.4,1216,1,4969
25478,draftkings,classic,4022,65.93,85.93,329.63,0.01,0.4,47.18,1350.8,1076,1,4930
25478,draftkings,classic,4722,65.81,85.81,329.03,0.06,0.43,36.94,1735,1461,1,4980
25478,draftkings,classic,111,65.69,85.69,328.44,0.04,0.39,42.48,1489.6,1223,1,4963
25478,draftkings,classic,4151,65.61,85.61,328.07,0.02,0.34,49.96,1250.6,1000,1,4926
25478,draftkings,classic,709,65.5,85.5,327.52,0.05,0.55,35.43,1840.5,1584,1,4990
25478,draftkings,classic,593,65.36,85.36,326.81,0.09,0.48,33.04,1900.3,1684,1,4994
25478,draftkings,classic,2626,65.35,85.35,326.74,0.01,0.59,39.07,1697.2,1406,1,4986
25478,draftkings,classic,4110,65.22,85.22,326.1,0.03,0.41,46.6,1362.7,1095,1,4942
25478,draftkings,classic,352,65.18,85.18,325.88,0.02,0.39,46.03,1406.9,1121,1,4895
25478,draftkings,classic,4174,65.05,85.05,325.27,0.01,0.3,50.62,1334.5,983,1,4972
25478,draftkings,classic,3407,65.04,85.04,325.21,0.03,0.46,40.42,1657.2,1360,1,4984
25478,draftkings,classic,3765,65.02,85.02,325.08,0.04,0.51,39.72,1638.5,1368,1,4985
25478,draftkings,classic,2482,64.86,84.86,324.32,0.02,0.44,39.21,1698.6,1394,1,4993
25478,draftkings,classic,3235,64.66,84.66,323.3,0.02,0.33,47.13,1395.2,1075,1,4959
25478,draftkings,classic,3713,64.65,84.65,323.24,0.04,0.41,40.77,1621.7,1328,1,4965
25478,draftkings,classic,4644,64.63,84.63,323.14,0.04,0.56,33.4,1916.3,1681,1,4999
25478,draftkings,classic,638,64.6,84.6,322.99,0.01,0.35,42.34,1630.9,1289,1,4997
25478,draftkings,classic,1558,64.59,84.59,322.97,0.05,0.43,38.13,1643,1396,1,4933
25478,draftkings,classic,1304,64.58,84.58,322.88,0.04,0.36,42.3,1504.5,1246,1,4972
25478,draftkings,classic,1278,64.37,84.37,321.85,0.01,0.51,40.42,1698.3,1370,1,5001
25478,draftkings,classic,4344,64.31,84.31,321.57,0.02,0.43,45,1418.4,1138,1,4940
25478,draftkings,classic,1494,64.28,84.28,321.4,0.02,0.38,44.62,1478.1,1172,1,4972
25478,draftkings,classic,2108,64.08,84.08,320.39,0.05,0.41,39.22,1662.5,1386,1,4984
25478,draftkings,classic,2431,64.07,84.07,320.36,0.04,0.41,42.13,1501.5,1241,1,4950
25478,draftkings,classic,1362,64.04,84.04,320.2,0.02,0.49,41.26,1583.5,1296,1,4974
25478,draftkings,classic,3415,63.95,83.95,319.74,0.07,0.37,38.19,1637.7,1387,1,4988
25478,draftkings,classic,3480,63.59,83.59,317.94,0.04,0.37,41.89,1528.9,1264,1,4910
25478,draftkings,classic,61,63.42,83.42,317.12,0.04,0.48,35.47,1789.1,1538,1,5000
25478,draftkings,classic,3605,63.29,83.29,316.44,0.04,0.47,39.89,1637.2,1352,1,4981
25478,draftkings,classic,2834,63.28,83.28,316.4,0,0.35,48.71,1295.4,1032,2,4985
25478,draftkings,classic,2903,63.18,83.18,315.9,0.02,0.44,39,1662.9,1393,1,4987
25478,draftkings,classic,4424,63.18,83.18,315.92,0.03,0.44,38.5,1680.8,1412,1,4999
25478,draftkings,classic,1444,62.92,82.92,314.58,0.02,0.33,47.78,1345.7,1067,1,4948
25478,draftkings,classic,3786,62.77,82.77,313.84,0.02,0.4,37.15,1816.1,1517,1,4991
25478,draftkings,classic,221,62.44,82.44,312.19,0.02,0.31,45.94,1399.5,1127,1,4968
25478,draftkings,classic,349,62.37,82.37,311.85,0.05,0.35,43.36,1479.5,1193,1,4968
25478,draftkings,classic,319,62.34,82.34,311.68,0.02,0.32,45.75,1481.1,1135,1,4994
25478,draftkings,classic,3018,62.31,82.31,311.56,0.03,0.5,40.34,1699,1378,1,4997
25478,draftkings,classic,1184,62.31,82.31,311.54,0.02,0.49,38.85,1707.1,1427,1,4980
25478,draftkings,classic,1681,62.28,82.28,311.4,0.04,0.51,34.69,1937.9,1670,1,5000
25478,draftkings,classic,4479,62.27,82.27,311.34,0.06,0.57,32.61,1988.8,1776,1,4996
25478,draftkings,classic,682,62.25,82.25,311.24,0.04,0.5,36.91,1709.1,1440,1,4980
25478,draftkings,classic,4909,62.08,82.08,310.42,0.02,0.33,45.98,1461.5,1117,1,4986
25478,draftkings,classic,1805,61.95,81.95,309.76,0.01,0.26,48.87,1377.5,1038,1,4973
25478,draftkings,classic,1483,61.62,81.62,308.1,0.02,0.42,40.29,1678.9,1352,1,4997
25478,draftkings,classic,2106,61.49,81.49,307.44,0.01,0.39,44.79,1529.9,1184,1,4985
25478,draftkings,classic,4157,61.38,81.38,306.92,0.05,0.34,40.94,1543.4,1287,1,4999
25478,draftkings,classic,789,61.35,81.35,306.75,0.03,0.34,48.54,1290.9,1033,1,4886
25478,draftkings,classic,335,60.94,80.94,304.68,0.02,0.35,43.5,1450.3,1197,1,4966
25478,draftkings,classic,3393,60.87,80.87,304.34,0.03,0.4,39.17,1661.2,1383,1,4990
25478,draftkings,classic,4391,60.8,80.8,304.02,0.03,0.41,42.04,1547.6,1255,1,4990
25478,draftkings,classic,4740,60.53,80.53,302.64,0.01,0.45,39.78,1632,1350,1,4980
25478,draftkings,classic,3096,60.42,80.42,302.09,0.02,0.38,41.54,1630.6,1323,1,4997
25478,draftkings,classic,4534,60.31,80.31,301.53,0.03,0.35,43.27,1448,1209,1,4993
25478,draftkings,classic,3633,59.99,79.99,299.95,0.02,0.37,39.72,1667,1374,1,4995
25478,draftkings,classic,1266,59.94,79.94,299.7,0.04,0.31,42.18,1512.1,1240,1,4972
25478,draftkings,classic,644,59.92,79.92,299.61,0.03,0.36,40.45,1557.8,1300,1,4999
25478,draftkings,classic,340,59.91,79.91,299.56,0.06,0.47,34.2,1913.3,1673,1,4993
25478,draftkings,classic,117,59.83,79.83,299.17,0.04,0.42,38.75,1616.9,1359,1,4982
25478,draftkings,classic,4604,59.8,79.8,298.97,0.02,0.29,44.83,1455.2,1146,1,5001
25478,draftkings,classic,2869,59.74,79.74,298.71,0.05,0.4,33.43,2009.6,1748,1,5001
25478,draftkings,classic,2417,59.69,79.69,298.46,0.05,0.4,39.45,1718,1392,1,5000
25478,draftkings,classic,2949,59.63,79.63,298.13,0.03,0.33,41.95,1522.7,1242,1,4982
25478,draftkings,classic,1688,59.49,79.49,297.43,0.02,0.28,46.28,1345.4,1108,1,4984
25478,draftkings,classic,2823,59.47,79.47,297.33,0.01,0.44,38.89,1683.7,1415,1,4999
25478,draftkings,classic,4788,59.35,79.35,296.74,0.03,0.41,38.7,1617.3,1369,1,4980
25478,draftkings,classic,4032,59.26,79.26,296.3,0.01,0.28,46.83,1417.9,1093,1,4961
25478,draftkings,classic,4037,59.08,79.08,295.4,0.04,0.31,44.42,1417.5,1167,1,4973
25478,draftkings,classic,577,59.02,79.02,295.08,0.01,0.39,41.74,1534,1245,1,4980
25478,draftkings,classic,3482,58.58,78.58,292.88,0.02,0.19,44.81,1537.6,1195,1,4987
25478,draftkings,classic,4356,58.53,78.53,292.66,0.01,0.44,38.91,1669.7,1379,1,4970
25478,draftkings,classic,3113,58.39,78.39,291.94,0.05,0.4,38.28,1648.5,1396,1,4943
25478,draftkings,classic,394,58.19,78.19,290.95,0.02,0.43,36.01,1718.7,1467,1,4983
25478,draftkings,classic,3352,58.02,78.02,290.09,0.05,0.4,33.68,1848.2,1627,1,4994
25478,draftkings,classic,1709,57.96,77.96,289.8,0.02,0.33,40.73,1586.5,1296,1,4997
25478,draftkings,classic,3472,57.77,77.77,288.83,0.02,0.24,44.37,1442.4,1167,1,4932
25478,draftkings,classic,1561,57.72,77.72,288.58,0.04,0.35,42.05,1480.9,1231,1,4934
25478,draftkings,classic,220,57.54,77.54,287.7,0.06,0.39,36.96,1732.9,1476,1,4994
25478,draftkings,classic,2558,57.42,77.42,287.09,0.04,0.51,31.59,1950.7,1734,1,4998
25478,draftkings,classic,264,57.41,77.41,287.03,0,0.31,43.28,1494.8,1211,2,4984
25478,draftkings,classic,4611,57.39,77.39,286.96,0.04,0.48,31.5,2012.9,1785,1,5000
25478,draftkings,classic,1399,57.33,77.33,286.64,0.05,0.25,44.33,1429.9,1163,1,4926
25478,draftkings,classic,2709,57.29,77.29,286.47,0.04,0.46,37.65,1702.4,1437,1,4998
25478,draftkings,classic,163,57.24,77.24,286.18,0.03,0.4,38.5,1632.9,1377,1,4976
25478,draftkings,classic,2748,57.19,77.19,285.94,0.06,0.4,32.47,1937.9,1716,1,5001
25478,draftkings,classic,799,57.06,77.06,285.31,0.04,0.24,44.03,1416.5,1163,1,4900
25478,draftkings,classic,1637,56.98,76.98,284.92,0,0.18,48.63,1378.7,1040,2,4986
25478,draftkings,classic,108,56.85,76.85,284.25,0.02,0.3,45.09,1399.4,1132,1,4966
25478,draftkings,classic,3833,56.85,76.85,284.24,0.02,0.41,38.52,1690.8,1442,1,4992
25478,draftkings,classic,265,56.76,76.76,283.8,0.07,0.44,31.06,2092.6,1886,1,5001
25478,draftkings,classic,4361,56.76,76.76,283.8,0.02,0.42,37.94,1730,1441,1,4971
25478,draftkings,classic,1358,56.73,76.73,283.67,0.04,0.36,40.32,1634.1,1343,1,4995
25478,draftkings,classic,1314,56.64,76.64,283.18,0.01,0.21,50.04,1320.2,998,1,4958
25478,draftkings,classic,3968,56.6,76.6,283.01,0.05,0.39,34.55,1814.5,1572,1,4993
25478,draftkings,classic,2643,56.52,76.52,282.59,0.03,0.37,40.03,1599.4,1320,1,4997
25478,draftkings,classic,2967,56.33,76.33,281.65,0.02,0.3,42.65,1502.5,1230,1,5001
25478,draftkings,classic,3547,56.32,76.32,281.62,0.03,0.41,36.25,1750.2,1500,1,4987
25478,draftkings,classic,1,56.19,76.19,280.96,0.01,0.37,43.5,1484.5,1195,1,4958
25478,draftkings,classic,2857,56.17,76.17,280.87,0.03,0.32,38.91,1703.3,1418,1,4993
25478,draftkings,classic,539,56.14,76.14,280.71,0.02,0.35,42.33,1535.5,1239,1,4977
25478,draftkings,classic,1174,56.11,76.11,280.55,0.01,0.16,50.68,1253.6,985,1,4955
25478,draftkings,classic,2682,55.89,75.89,279.43,0.05,0.51,31.65,1919.7,1730,1,4996
25478,draftkings,classic,3063,55.77,75.77,278.86,0.03,0.3,33.88,1835.9,1620,1,4993
25478,draftkings,classic,15,55.77,75.77,278.84,0.01,0.25,45.25,1406.3,1135,1,4968
25478,draftkings,classic,3346,55.75,75.75,278.77,0.02,0.26,46.59,1392.6,1101,1,4909
25478,draftkings,classic,4091,55.38,75.38,276.89,0.03,0.36,40.59,1527.9,1288,1,4963
25478,draftkings,classic,1164,55.36,75.36,276.81,0.02,0.3,40.4,1565.9,1316,1,4924
25478,draftkings,classic,887,55.3,75.3,276.5,0.01,0.29,46.74,1393.4,1105,1,4978
25478,draftkings,classic,4933,55.22,75.22,276.11,0.02,0.23,46.57,1332.7,1091,1,4946
25478,draftkings,classic,523,55.22,75.22,276.08,0.01,0.25,46.45,1431.8,1121,1,4968
25478,draftkings,classic,3045,55.19,75.19,275.97,0.02,0.41,36.55,1760.3,1493,1,4997
25478,draftkings,classic,3882,54.98,74.98,274.9,0.01,0.25,43.53,1577.7,1220,1,4996
25478,draftkings,classic,3226,54.94,74.94,274.69,0.01,0.4,42.08,1486.1,1236,1,4993
25478,draftkings,classic,1987,54.78,74.78,273.92,0.02,0.21,46.12,1355.8,1111,1,4974
25478,draftkings,classic,4540,54.73,74.73,273.65,0.04,0.35,35.47,1841.6,1571,1,4994
25478,draftkings,classic,2501,54.67,74.67,273.36,0.01,0.28,44.81,1450.8,1168,1,4970
25478,draftkings,classic,4185,54.56,74.56,272.82,0.02,0.3,39.23,1613.8,1347,1,4969
25478,draftkings,classic,1037,54.38,74.38,271.91,0.04,0.39,34.58,1791.6,1563,1,4991
25478,draftkings,classic,4095,54.37,74.37,271.85,0,0.3,44.05,1527.5,1199,2,4993
25478,draftkings,classic,1073,54.27,74.27,271.36,0.03,0.23,43.38,1422.2,1180,1,4945
25478,draftkings,classic,4846,54.01,74.01,270.04,0.01,0.3,39.55,1681.4,1378,1,4990
25478,draftkings,classic,4853,54.01,74.01,270.06,0.01,0.18,47.49,1368.7,1067,1,4962
25478,draftkings,classic,3203,53.9,73.9,269.48,0.02,0.21,45.38,1406.9,1140,1,4978
25478,draftkings,classic,4955,53.76,73.76,268.79,0.02,0.34,39.1,1658.3,1378,1,4982
25478,draftkings,classic,2117,53.76,73.76,268.82,0,0.33,42.87,1472.8,1215,2,4994
25478,draftkings,classic,2953,53.48,73.48,267.42,0.03,0.38,36.65,1787.8,1504,1,4995
25478,draftkings,classic,3188,53.38,73.38,266.89,0.02,0.21,46.13,1394.2,1113,1,4919
25478,draftkings,classic,1352,53.35,73.35,266.75,0.01,0.13,50.25,1299.1,988,1,4881
25478,draftkings,classic,171,53.28,73.28,266.4,0.01,0.31,36.37,1706.4,1476,1,4983
25478,draftkings,classic,3201,53.19,73.19,265.95,0.01,0.24,45.12,1525.1,1169,1,4968
25478,draftkings,classic,4001,53.16,73.16,265.79,0.02,0.32,39.38,1613,1335,1,4989
25478,draftkings,classic,1031,53.06,73.06,265.31,0.02,0.4,32.42,1942.7,1713,1,4996
25478,draftkings,classic,1312,53.05,73.05,265.23,0.03,0.34,35.12,1773.8,1519,1,5001
25478,draftkings,classic,3581,52.97,72.97,264.84,0,0.21,47.91,1387.5,1064,2,4973
25478,draftkings,classic,3989,52.97,72.97,264.83,0.05,0.35,29.22,2034.1,1835,1,5001
25478,draftkings,classic,2609,52.93,72.93,264.65,0.02,0.33,38.76,1706.9,1393,1,5001
25478,draftkings,classic,3014,52.79,72.79,263.96,0.01,0.44,37.51,1715.5,1457,1,4997
25478,draftkings,classic,2701,52.72,72.72,263.6,0.02,0.21,44.74,1434.4,1146,1,4990
25478,draftkings,classic,2377,52.7,72.7,263.53,0.01,0.33,46.13,1338.6,1096,1,4924
25478,draftkings,classic,506,52.27,72.27,261.36,0.02,0.23,42.8,1463.5,1208,1,4887
25478,draftkings,classic,4580,52.24,72.24,261.2,0.04,0.31,38.2,1624.6,1365,1,4997
25478,draftkings,classic,3657,52.23,72.23,261.16,0.03,0.29,39.33,1634.6,1368,1,4989
25478,draftkings,classic,1829,52.21,72.21,261.03,0.05,0.26,36.72,1695.8,1453,1,4998
25478,draftkings,classic,4544,52.19,72.19,260.94,0.04,0.37,35.47,1793.2,1569,1,4985
25478,draftkings,classic,449,52,72,260.02,0.04,0.38,35.37,1818.2,1558,1,4984
25478,draftkings,classic,2358,51.99,71.99,259.94,0.01,0.34,39.82,1589.9,1332,1,4976
25478,draftkings,classic,3622,51.93,71.93,259.67,0.01,0.17,44.29,1514,1175,1,4992
25478,draftkings,classic,85,51.69,71.69,258.46,0.03,0.37,33.5,1841.1,1598,1,4990
25478,draftkings,classic,4891,51.48,71.48,257.41,0.06,0.38,29.03,2076.3,1882,1,4994
25478,draftkings,classic,2674,51.42,71.42,257.12,0.01,0.25,42.64,1518.9,1239,1,4972
25478,draftkings,classic,129,51.41,71.41,257.03,0,0.18,47.54,1373.6,1070,2,4986
25478,draftkings,classic,3729,51.33,71.33,256.63,0.01,0.35,44.25,1375.8,1155,1,4939
25478,draftkings,classic,2058,51.28,71.28,256.42,0.04,0.38,33.43,1918.4,1678,1,4996
25478,draftkings,classic,714,51.23,71.23,256.14,0.02,0.34,40.35,1550.6,1299,1,4949
25478,draftkings,classic,3076,51.22,71.22,256.09,0.01,0.28,41.69,1623.5,1293,1,4995
25478,draftkings,classic,1224,51.22,71.22,256.11,0.02,0.24,40.69,1617.2,1314,1,4984
25478,draftkings,classic,2409,51.04,71.04,255.19,0.02,0.31,40.53,1561.9,1311,1,4970
25478,draftkings,classic,2152,51.03,71.03,255.14,0,0.28,43.76,1415.2,1172,2,4964
25478,draftkings,classic,3963,50.94,70.94,254.72,0.01,0.4,39.95,1565.9,1316,1,4967
25478,draftkings,classic,4710,50.86,70.86,254.3,0.02,0.36,31.85,1991.9,1773,1,4999
25478,draftkings,classic,414,50.75,70.75,253.74,0.06,0.32,35.68,1715.8,1481,1,4983
25478,draftkings,classic,4143,50.71,70.71,253.54,0.05,0.39,31.73,1971.8,1748,1,4999
25478,draftkings,classic,81,50.5,70.5,252.51,0.01,0.33,41.58,1516.2,1262,1,4966
25478,draftkings,classic,2939,50.45,70.45,252.26,0.02,0.26,38.1,1734.2,1444,1,4991
25478,draftkings,classic,1743,50.39,70.39,251.96,0.01,0.27,40.63,1561.6,1285,1,4961
25478,draftkings,classic,2136,50.37,70.37,251.87,0.02,0.31,35.69,1771.4,1513,1,5001
25478,draftkings,classic,1055,50.35,70.35,251.75,0.05,0.31,33.64,1755.1,1565,1,4993
25478,draftkings,classic,4017,50.32,70.32,251.6,0.03,0.31,34.92,1758.6,1543,1,4989
25478,draftkings,classic,1912,50.23,70.23,251.13,0.04,0.4,35.27,1738.4,1521,1,4945
25478,draftkings,classic,2672,50.21,70.21,251.07,0.02,0.18,44.8,1402.8,1136,1,4948
25478,draftkings,classic,1866,50.15,70.15,250.74,0.03,0.33,36.14,1770.7,1505,1,4997
25478,draftkings,classic,504,49.92,69.92,249.6,0.01,0.15,47.79,1335.3,1059,1,4980
25478,draftkings,classic,3801,49.85,69.85,249.26,0.02,0.3,38.07,1602.5,1359,1,4980
25478,draftkings,classic,688,49.79,69.79,248.93,0,0.24,47.21,1356.4,1079,3,4988
25478,draftkings,classic,3565,49.77,69.77,248.84,0.02,0.2,44.65,1472.5,1165,1,4967
25478,draftkings,classic,2549,49.73,69.73,248.63,0.03,0.18,43.4,1437,1196,1,4897
25478,draftkings,classic,3056,49.45,69.45,247.25,0.03,0.34,36.93,1675.8,1448,1,4970
25478,draftkings,classic,1043,49.38,69.38,246.91,0.01,0.3,41.66,1484,1238,1,4953
25478,draftkings,classic,3937,49.36,69.36,246.79,0.01,0.31,39.62,1549.7,1320,1,4978
25478,draftkings,classic,4028,49.29,69.29,246.46,0.05,0.46,29.71,2071.9,1887,1,4999
25478,draftkings,classic,4632,49.25,69.25,246.25,0.01,0.36,38.21,1633,1411,1,4965
25478,draftkings,classic,2324,49.24,69.24,246.18,0.02,0.31,37.39,1696.6,1425,1,4999
25478,draftkings,classic,3684,49.23,69.23,246.14,0.03,0.31,36.88,1774.3,1493,1,4991
25478,draftkings,classic,551,49.03,69.03,245.13,0.03,0.35,34.39,1832.4,1594,1,4998
25478,draftkings,classic,4405,48.95,68.95,244.77,0.01,0.28,43.77,1448.1,1173,1,4968
25478,draftkings,classic,1873,48.91,68.91,244.54,0,0.18,43.31,1515.9,1207,2,4983
25478,draftkings,classic,1989,48.89,68.89,244.46,0.01,0.23,43.67,1418.1,1171,1,4970
25478,draftkings,classic,681,48.85,68.85,244.25,0,0.19,48.93,1285.3,1025,2,4922
25478,draftkings,classic,2194,48.84,68.84,244.2,0.03,0.32,35.51,1750.9,1512,1,4995
25478,draftkings,classic,1724,48.83,68.83,244.13,0.03,0.24,41.13,1498,1258,1,4967
25478,draftkings,classic,1150,48.77,68.77,243.84,0.01,0.39,38.54,1594.8,1360,1,4984
25478,draftkings,classic,2456,48.74,68.74,243.7,0.02,0.31,38.72,1664,1376,1,4946
25478,draftkings,classic,1013,48.7,68.7,243.52,0.02,0.34,35.3,1836.7,1582,1,4995
25478,draftkings,classic,4088,48.44,68.44,242.2,0.03,0.3,35.6,1729.1,1478,1,4975
25478,draftkings,classic,854,48.35,68.35,241.76,0.03,0.28,37.51,1632.3,1395,1,4987
25478,draftkings,classic,147,48.32,68.32,241.58,0.03,0.34,33.73,1824.9,1599,1,4986
25478,draftkings,classic,2781,48.16,68.16,240.79,0.05,0.29,33.64,1769.1,1550,1,4994
25478,draftkings,classic,487,47.98,67.98,239.88,0.01,0.27,44.18,1441.2,1170,1,4996
25478,draftkings,classic,2758,47.97,67.97,239.84,0.03,0.23,37.67,1651.4,1399,1,4993
25478,draftkings,classic,2585,47.95,67.95,239.76,0.03,0.42,30.1,2155.2,1959,1,5001
25478,draftkings,classic,2341,47.83,67.83,239.17,0,0.25,41.46,1496.7,1257,2,4967
25478,draftkings,classic,1039,47.83,67.83,239.14,0,0.16,49.32,1280.6,1019,2,4943
25478,draftkings,classic,4372,47.81,67.81,239.06,0,0.25,44.25,1426.7,1171,2,4991
25478,draftkings,classic,3754,47.78,67.78,238.89,0.04,0.21,40.1,1531.4,1289,1,4962
25478,draftkings,classic,672,47.64,67.64,238.19,0.03,0.21,37.74,1667.1,1432,1,4980
25478,draftkings,classic,4383,47.56,67.56,237.82,0.02,0.31,37.96,1729.9,1444,1,5000
25478,draftkings,classic,4866,47.44,67.44,237.2,0.04,0.29,36.96,1672,1436,1,4987
25478,draftkings,classic,1913,47.43,67.43,237.15,0.02,0.34,36.8,1695,1456,1,4981
25478,draftkings,classic,1365,47.43,67.43,237.13,0,0.28,38.53,1704.9,1410,2,4986
25478,draftkings,classic,3199,47.4,67.4,237.01,0,0.32,39.18,1712.8,1405,2,4987
25478,draftkings,classic,1949,47.36,67.36,236.82,0.01,0.14,44.81,1488.7,1166,1,4979
25478,draftkings,classic,183,47.27,67.27,236.37,0.02,0.37,32.98,1942,1695,1,4999
25478,draftkings,classic,3593,47.26,67.26,236.28,0.01,0.12,47.06,1403.5,1087,1,4946
25478,draftkings,classic,3665,47.21,67.21,236.04,0,0.12,49.32,1340.9,1021,5,4953
25478,draftkings,classic,2369,47.14,67.14,235.68,0,0.36,35.19,1800.3,1563,2,4993
25478,draftkings,classic,3648,47.14,67.14,235.68,0.01,0.33,37.28,1748.3,1489,1,4986
25478,draftkings,classic,1858,47.1,67.1,235.48,0.01,0.27,39.49,1630,1355,1,4987
25478,draftkings,classic,2950,47.01,67.01,235.06,0.02,0.25,38.94,1597.9,1353,1,4971
25478,draftkings,classic,4789,46.96,66.96,234.8,0.01,0.19,44.28,1406.3,1159,1,4922
25478,draftkings,classic,1123,46.93,66.93,234.66,0,0.16,45.15,1452.5,1144,2,4947
25478,draftkings,classic,3493,46.66,66.66,233.32,0.05,0.38,26.9,2170.8,2041,1,5001
25478,draftkings,classic,1925,46.65,66.65,233.24,0.04,0.24,37.35,1607.8,1386,1,4980
25478,draftkings,classic,1004,46.61,66.61,233.05,0.01,0.26,44.6,1437.7,1159,1,4979
25478,draftkings,classic,2685,46.55,66.55,232.76,0.03,0.23,38.38,1624,1379,1,4977
25478,draftkings,classic,1113,46.49,66.49,232.44,0.01,0.36,39.62,1574.7,1307,1,4978
25478,draftkings,classic,228,46.45,66.45,232.24,0.04,0.27,34.93,1815,1565,1,4980
25478,draftkings,classic,4106,46.37,66.37,231.86,0.01,0.32,36.07,1740.1,1471,1,4998
25478,draftkings,classic,4107,46.36,66.36,231.82,0.01,0.35,37.18,1725.4,1443,1,4988
25478,draftkings,classic,1537,46.32,66.32,231.59,0.03,0.25,35.21,1785.2,1544,1,4996
25478,draftkings,classic,961,46.24,66.24,231.19,0.04,0.33,30.96,1925.7,1715,1,4993
25478,draftkings,classic,4433,46.17,66.17,230.85,0,0.18,45.63,1352.3,1117,2,4844
25478,draftkings,classic,1320,46.12,66.12,230.6,0,0.23,44.8,1427.8,1155,2,4981
25478,draftkings,classic,306,46.1,66.1,230.5,0.03,0.27,39.7,1580.8,1323,1,4979
25478,draftkings,classic,3727,45.93,65.93,229.64,0.02,0.29,38.76,1624.9,1376,1,4969
25478,draftkings,classic,3643,45.78,65.78,228.9,0.04,0.25,34.74,1768.6,1532,1,5000
25478,draftkings,classic,2305,45.77,65.77,228.86,0,0.11,45.46,1461.1,1142,2,4991
25478,draftkings,classic,544,45.62,65.62,228.11,0.06,0.32,28.89,2041.1,1875,1,4998
25478,draftkings,classic,1406,45.6,65.6,228.01,0.01,0.23,40.88,1527.4,1280,1,4956
25478,draftkings,classic,2557,45.6,65.6,228.02,0.04,0.22,35.82,1663.4,1433,1,4988
25478,draftkings,classic,275,45.5,65.5,227.51,0.03,0.25,35.32,1748.4,1498,1,4992
25478,draftkings,classic,2856,45.4,65.4,226.98,0.02,0.26,35.01,1789.5,1566,1,4996
25478,draftkings,classic,4930,45.25,65.25,226.25,0.02,0.28,34.62,1792.3,1534,1,4994
25478,draftkings,classic,1346,45.18,65.18,225.92,0,0.16,46.79,1388.3,1093,3,4960
25478,draftkings,classic,3496,45.16,65.16,225.8,0.01,0.26,39.7,1601.4,1321,1,4986
25478,draftkings,classic,700,45.13,65.13,225.66,0.02,0.2,39.16,1605,1344,1,4969
25478,draftkings,classic,3491,45.12,65.12,225.58,0.01,0.29,38.1,1687.2,1416,1,4967
25478,draftkings,classic,865,45.12,65.12,225.6,0.03,0.28,33.61,1888,1634,1,5001
25478,draftkings,classic,1319,45.11,65.11,225.53,0.02,0.23,38.83,1584.9,1346,1,4977
25478,draftkings,classic,1700,45.03,65.03,225.17,0.02,0.25,42.62,1441.3,1205,1,4941
25478,draftkings,classic,2580,45.02,65.02,225.09,0,0.13,44.24,1535.9,1198,4,4995
25478,draftkings,classic,3836,44.88,64.88,224.4,0.03,0.18,38.96,1621,1362,1,4997
25478,draftkings,classic,3806,44.68,64.68,223.39,0.02,0.23,37.24,1674.6,1431,1,4997
25478,draftkings,classic,1413,44.6,64.6,222.98,0.01,0.19,41.01,1541,1270,1,4974
25478,draftkings,classic,2104,44.54,64.54,222.69,0,0.37,37.63,1612.1,1383,2,4974
25478,draftkings,classic,1659,44.53,64.53,222.66,0.01,0.23,40.53,1630.6,1336,1,4989
25478,draftkings,classic,2753,44.51,64.51,222.55,0.06,0.29,25.94,2114.5,1986,1,4997
25478,draftkings,classic,3911,44.49,64.49,222.44,0.01,0.21,41.53,1513.6,1268,1,4978
25478,draftkings,classic,702,44.41,64.41,222.04,0.01,0.25,36.11,1770.8,1512,1,4987
25478,draftkings,classic,124,44.33,64.33,221.66,0.01,0.28,36.82,1798.3,1520,1,4995
25478,draftkings,classic,948,44.25,64.25,221.26,0.01,0.23,40.68,1552.6,1272,1,4974
25478,draftkings,classic,2427,44.19,64.19,220.95,0.01,0.27,35.29,1744.9,1511,1,4998
25478,draftkings,classic,1180,44.17,64.17,220.84,0.02,0.17,42.5,1467.2,1229,1,4983
25478,draftkings,classic,2543,44.16,64.17,220.82,0,0.16,41.01,1680.1,1347,3,4992
25478,draftkings,classic,628,43.96,63.96,219.8,0.04,0.22,35.69,1662,1452,1,4914
25478,draftkings,classic,4307,43.87,63.87,219.35,0.01,0.13,40.9,1558.7,1293,1,4954
25478,draftkings,classic,4186,43.81,63.81,219.06,0.03,0.32,33.83,1860.8,1630,1,4995
25478,draftkings,classic,3913,43.79,63.79,218.97,0.02,0.32,33.65,1909.5,1661,1,5000
25478,draftkings,classic,3571,43.66,63.66,218.32,0,0.16,42,1484.2,1239,3,4958
25478,draftkings,classic,2126,43.64,63.64,218.18,0,0.15,45.13,1473.4,1171,3,4959
25478,draftkings,classic,3532,43.63,63.63,218.13,0.07,0.29,27.46,2088.6,1950,1,4999
25478,draftkings,classic,3907,43.55,63.55,217.73,0.02,0.24,41.99,1446.5,1218,1,4973
25478,draftkings,classic,965,43.48,63.48,217.38,0.03,0.14,39.88,1620.9,1347,1,4997
25478,draftkings,classic,3395,43.29,63.29,216.44,0.01,0.31,36.55,1782,1521,1,4993
25478,draftkings,classic,796,43.03,63.03,215.17,0.02,0.08,46.2,1408.5,1108,1,4950
25478,draftkings,classic,564,43.02,63.02,215.1,0.02,0.29,36.97,1721.2,1463,1,4995
25478,draftkings,classic,2629,43,63,215,0.01,0.23,40.1,1557.1,1301,1,4988
25478,draftkings,classic,957,42.97,62.97,214.83,0.02,0.23,37.31,1707.8,1440,1,4979
25478,draftkings,classic,692,42.94,62.94,214.68,0,0.11,43.17,1588.8,1244,3,4994
25478,draftkings,classic,1151,42.92,62.92,214.58,0,0.15,44.72,1463.5,1166,2,4973
25478,draftkings,classic,3204,42.83,62.83,214.17,0.02,0.23,36.91,1723.2,1471,1,4950
25478,draftkings,classic,3089,42.81,62.81,214.04,0.02,0.28,37.53,1686,1437,1,4990
25478,draftkings,classic,3957,42.76,62.76,213.8,0.02,0.27,35.69,1757.8,1532,1,4986
25478,draftkings,classic,2366,42.72,62.72,213.58,0.01,0.3,31.88,2013.6,1786,1,4999
25478,draftkings,classic,301,42.64,62.64,213.21,0.02,0.09,42.93,1465.8,1201,1,4919
25478,draftkings,classic,3039,42.59,62.59,212.94,0.01,0.24,38.03,1596.4,1364,1,4982
25478,draftkings,classic,1235,42.53,62.53,212.66,0,0.2,42.71,1409.7,1185,2,4903
25478,draftkings,classic,2340,42.51,62.51,212.55,0,0.18,40.12,1668,1353,2,4991
25478,draftkings,classic,982,42.48,62.48,212.42,0,0.21,40.71,1571.8,1308,2,4991
25478,draftkings,classic,4734,42.47,62.47,212.34,0.04,0.25,32.19,1900,1697,1,4999
25478,draftkings,classic,2143,42.46,62.46,212.3,0.02,0.32,32.43,1962.7,1744,1,4997
25478,draftkings,classic,952,42.46,62.46,212.31,0,0.12,41.14,1608.3,1319,2,4986
25478,draftkings,classic,1231,42.42,62.42,212.12,0,0.31,40.47,1538.2,1278,2,4949
25478,draftkings,classic,4941,42.38,62.38,211.88,0.01,0.33,31.7,1977.4,1753,1,4999
25478,draftkings,classic,2213,42.35,62.35,211.73,0,0.19,39.6,1714.7,1396,2,5000
25478,draftkings,classic,2666,42.04,62.04,210.21,0.01,0.2,37.92,1695.3,1436,1,4997
25478,draftkings,classic,4366,42.03,62.03,210.16,0,0.28,37.38,1677.4,1425,2,4986
25478,draftkings,classic,4582,41.95,61.95,209.76,0.01,0.16,39.88,1588.7,1325,1,4988
25478,draftkings,classic,3477,41.95,61.95,209.74,0.02,0.39,30.4,2024.6,1838,1,4997
25478,draftkings,classic,2586,41.91,61.91,209.55,0.01,0.33,31.07,2055.3,1868,1,5001
25478,draftkings,classic,1725,41.86,61.86,209.3,0.01,0.27,38.3,1610.1,1375,1,4975
25478,draftkings,classic,2972,41.86,61.86,209.3,0.01,0.25,37.15,1683.4,1424,1,4992
25478,draftkings,classic,3093,41.85,61.85,209.24,0,0.24,37.54,1714.8,1455,2,4955
25478,draftkings,classic,2598,41.79,61.79,208.94,0,0.15,41.54,1625.1,1318,2,4999
25478,draftkings,classic,2496,41.73,61.73,208.63,0.01,0.25,35.54,1786.4,1517,1,4991
25478,draftkings,classic,317,41.72,61.72,208.58,0.01,0.19,40.25,1505.6,1272,1,4956
25478,draftkings,classic,924,41.67,61.67,208.35,0,0.27,36.45,1670.7,1431,2,4989
25478,draftkings,classic,918,41.66,61.66,208.3,0.01,0.23,40.47,1516.8,1276,1,4980
25478,draftkings,classic,4321,41.42,61.42,207.1,0.01,0.19,39.26,1678.8,1386,1,4998
25478,draftkings,classic,4889,41.41,61.41,207.06,0,0.27,38.61,1616.9,1379,2,4938
25478,draftkings,classic,3834,41.24,61.24,206.21,0,0.05,45.49,1466.3,1139,4,4975
25478,draftkings,classic,3579,41.1,61.1,205.52,0.02,0.32,32.16,1933,1723,1,4997
25478,draftkings,classic,4322,41.07,61.07,205.35,0,0.19,35.95,1761,1504,2,4995
25478,draftkings,classic,2411,41,61,205.02,0.02,0.22,38.71,1549.3,1308,1,4976
25478,draftkings,classic,4255,40.98,60.98,204.9,0.03,0.23,33.7,1807.3,1576,1,4996
25478,draftkings,classic,3358,40.97,60.97,204.87,0.03,0.26,32.4,1937,1728,1,4989
25478,draftkings,classic,410,40.84,60.84,204.21,0.03,0.23,33.63,1811.2,1594,1,4987
25478,draftkings,classic,1895,40.58,60.58,202.89,0.03,0.21,35.19,1717.6,1481,1,4986
25478,draftkings,classic,2293,40.57,60.57,202.86,0.02,0.18,37.75,1608.3,1367,1,4978
25478,draftkings,classic,3159,40.52,60.52,202.61,0.01,0.13,42.18,1527.7,1258,1,4966
25478,draftkings,classic,1941,40.5,60.5,202.51,0.01,0.34,33.16,1801.5,1599,1,4999
25478,draftkings,classic,550,40.49,60.49,202.46,0.01,0.2,42.26,1486.4,1237,1,4962
25478,draftkings,classic,3127,40.4,60.4,201.99,0,0.2,39.88,1589,1337,2,4948
25478,draftkings,classic,4343,40.38,60.38,201.88,0.01,0.28,34.4,1854.3,1616,1,4999
25478,draftkings,classic,3115,40.36,60.36,201.8,0.04,0.19,37.76,1601.1,1365,1,4993
25478,draftkings,classic,4508,40.36,60.36,201.79,0.02,0.12,38.77,1599,1361,1,4988
25478,draftkings,classic,2536,40.23,60.23,201.16,0.02,0.26,35.67,1830.2,1550,1,4982
25478,draftkings,classic,2356,40.19,60.19,200.93,0.02,0.21,36.5,1712.6,1462,1,4991
25478,draftkings,classic,1836,40.06,60.06,200.3,0.04,0.29,30.75,1871.5,1662,1,4991
25478,draftkings,classic,3575,40.03,60.03,200.15,0,0.39,28.69,2184.7,2015,2,4999
25478,draftkings,classic,1900,40,60,199.98,0.01,0.28,34.23,1931.4,1650,1,5001
25478,draftkings,classic,3389,40,60,200.02,0.01,0.2,41.02,1488.4,1250,1,4984
25478,draftkings,classic,676,39.84,59.84,199.19,0.03,0.25,35.07,1754.8,1507,1,4999
25478,draftkings,classic,4119,39.84,59.84,199.22,0.01,0.22,37.67,1630.5,1395,1,4995
25478,draftkings,classic,159,39.83,59.83,199.16,0.02,0.3,31.98,1873.7,1668,1,4981
25478,draftkings,classic,1461,39.71,59.71,198.56,0.03,0.28,34.96,1733.5,1501,1,4973
25478,draftkings,classic,480,39.6,59.6,198.01,0.01,0.18,39.83,1538.9,1301,1,4935
25478,draftkings,classic,1290,39.6,59.6,198,0,0.27,38.48,1604.2,1364,2,4986
25478,draftkings,classic,4906,39.58,59.58,197.92,0,0.13,42.97,1543.9,1219,4,4982
25478,draftkings,classic,1109,39.51,59.51,197.55,0.01,0.16,41.34,1581.7,1289,1,4972
25478,draftkings,classic,1785,39.49,59.49,197.43,0,0.13,41.47,1484,1246,2,4987
25478,draftkings,classic,1943,39.44,59.44,197.22,0,0.09,45.22,1398.4,1141,2,4932
25478,draftkings,classic,4240,39.41,59.41,197.03,0,0.08,45.38,1455.4,1138,3,4980
25478,draftkings,classic,2414,39.38,59.38,196.92,0.01,0.25,34.82,1776.2,1557,1,4978
25478,draftkings,classic,3636,39.26,59.26,196.28,0.01,0.23,37.69,1632.6,1392,1,4971
25478,draftkings,classic,2060,39.25,59.25,196.24,0.01,0.32,33.46,1799.1,1593,1,4999
25478,draftkings,classic,3897,39.25,59.25,196.27,0.02,0.21,39.56,1603.3,1340,1,4984
25478,draftkings,classic,22,39.21,59.21,196.04,0.01,0.34,29.33,2067.6,1867,1,5001
25478,draftkings,classic,1776,39.04,59.04,195.21,0.01,0.11,40.95,1507.7,1269,1,4987
25478,draftkings,classic,1557,38.89,58.89,194.45,0,0.22,41.21,1570.5,1294,4,4977
25478,draftkings,classic,694,38.87,58.87,194.34,0.02,0.24,35.8,1777.1,1523,1,4982
25478,draftkings,classic,65,38.8,58.8,194,0.01,0.2,36.66,1767,1498,1,4995
25478,draftkings,classic,3304,38.74,58.74,193.7,0.02,0.16,40.6,1494,1272,1,4965
25478,draftkings,classic,3250,38.73,58.73,193.67,0,0.22,38.59,1618.7,1378,2,4971
25478,draftkings,classic,4281,38.7,58.7,193.52,0.02,0.18,34.27,1739.8,1523,1,4964
25478,draftkings,classic,3255,38.68,58.68,193.42,0.02,0.36,30.87,1933.8,1732,1,4992
25478,draftkings,classic,4241,38.62,58.62,193.08,0.01,0.19,38.66,1638.3,1380,1,4982
25478,draftkings,classic,604,38.62,58.62,193.1,0.02,0.21,34.65,1709.4,1489,1,4991
25478,draftkings,classic,715,38.35,58.35,191.73,0.01,0.17,38.3,1637.1,1392,1,4974
25478,draftkings,classic,4429,38.34,58.34,191.7,0,0.21,41.24,1488,1251,2,4921
25478,draftkings,classic,3642,38.25,58.25,191.26,0.04,0.16,32.79,1774.8,1568,1,4995
25478,draftkings,classic,4736,38.18,58.18,190.91,0.03,0.38,26.38,2163.5,2009,1,5000
25478,draftkings,classic,1680,38.13,58.13,190.66,0,0.35,31.83,1911.5,1700,2,4989
25478,draftkings,classic,631,38.09,58.09,190.45,0.02,0.12,39.64,1579.8,1314,1,4991
25478,draftkings,classic,2627,38.04,58.04,190.22,0.01,0.2,38.83,1562.3,1349,1,4990
25478,draftkings,classic,1485,38.01,58.01,190.07,0.01,0.27,33.49,1830.4,1615,1,4999
25478,draftkings,classic,36,38,58,189.99,0.03,0.17,36.13,1638.7,1426,1,4975
25478,draftkings,classic,357,37.92,57.92,189.61,0.04,0.26,30.59,1908.1,1722,1,4996
25478,draftkings,classic,110,37.89,57.89,189.46,0.04,0.29,28.42,2110.8,1955,1,5000
25478,draftkings,classic,1517,37.87,57.87,189.33,0,0.29,34.44,1822.1,1588,2,5000
25478,draftkings,classic,4277,37.87,57.87,189.35,0.02,0.21,34.9,1841.6,1569,1,4999
25478,draftkings,classic,2196,37.49,57.49,187.45,0.01,0.16,37.43,1628.4,1398,1,4985
25478,draftkings,classic,3859,37.48,57.48,187.39,0,0.21,34.42,1763.3,1551,2,4976
25478,draftkings,classic,815,37.44,57.44,187.2,0.01,0.19,41.94,1501.5,1247,1,4959
25478,draftkings,classic,1098,37.4,57.4,187.01,0,0.13,40.97,1565.2,1297,3,4986
25478,draftkings,classic,4513,37.38,57.38,186.88,0,0.23,35.07,1797.5,1545,2,4968
25478,draftkings,classic,892,37.36,57.36,186.78,0.01,0.22,37.17,1690.6,1433,1,4989
25478,draftkings,classic,1182,37.28,57.28,186.4,0.02,0.26,29.06,2100.2,1938,1,4996
25478,draftkings,classic,2296,37.21,57.21,186.07,0,0.02,45.59,1448.1,1139,9,4975
25478,draftkings,classic,1435,37.15,57.15,185.74,0.02,0.17,33.55,1833.2,1588,1,4997
25478,draftkings,classic,4993,37.14,57.14,185.68,0.02,0.15,35.75,1620.5,1415,1,4937
25478,draftkings,classic,3905,37.14,57.14,185.71,0.01,0.21,34.86,1738.5,1515,1,4990
25478,draftkings,classic,3629,37.09,57.09,185.46,0.02,0.3,31.52,1932.3,1706,1,5001
25478,draftkings,classic,429,37.06,57.06,185.32,0,0.18,37.21,1628.3,1399,2,4990
25478,draftkings,classic,882,37.05,57.05,185.23,0.02,0.33,29.06,1972.3,1806,1,4989
25478,draftkings,classic,4927,36.89,56.89,184.45,0.01,0.06,42.35,1538,1245,1,4971
25478,draftkings,classic,3502,36.85,56.85,184.26,0,0.08,44.81,1488.4,1164,5,4987
25478,draftkings,classic,3796,36.78,56.78,183.89,0.05,0.24,26.92,2088.5,1911,1,4999
25478,draftkings,classic,2100,36.74,56.74,183.7,0,0.3,31.31,1931.4,1731,2,4998
25478,draftkings,classic,3048,36.67,56.67,183.34,0.01,0.21,32.35,1905.3,1684,1,5000
25478,draftkings,classic,2960,36.61,56.61,183.04,0.01,0.13,40.09,1519.6,1279,1,4982
25478,draftkings,classic,2592,36.52,56.52,182.6,0.02,0.19,32.08,1896.9,1661,1,5001
25478,draftkings,classic,2102,36.5,56.5,182.52,0.01,0.18,39.85,1580.5,1301,1,4973
25478,draftkings,classic,263,36.44,56.44,182.2,0.01,0.17,39.24,1544.9,1318,1,4992
25478,draftkings,classic,4138,36.44,56.44,182.19,0.02,0.26,30.04,2000.3,1800,1,4998
25478,draftkings,classic,305,36.39,56.39,181.93,0,0.15,40.82,1515.3,1274,3,4949
25478,draftkings,classic,4451,36.3,56.3,181.5,0.01,0.24,34.26,1732.9,1530,1,4974
25478,draftkings,classic,3468,36.1,56.1,180.49,0.01,0.2,34.32,1726.8,1517,1,4959
25478,draftkings,classic,3387,36.04,56.04,180.18,0.02,0.2,32.57,1830.8,1606,1,4996
25478,draftkings,classic,239,35.94,55.94,179.72,0,0.16,39.48,1546.4,1316,2,4982
25478,draftkings,classic,3258,35.9,55.9,179.51,0.02,0.15,35.95,1659.5,1439,1,4973
25478,draftkings,classic,1650,35.9,55.9,179.52,0.03,0.15,33.9,1720.8,1517,1,4995
25478,draftkings,classic,4980,35.84,55.84,179.19,0.01,0.13,38.62,1721,1428,1,4994
25478,draftkings,classic,540,35.77,55.77,178.84,0,0.18,35.69,1797.1,1538,3,4967
25478,draftkings,classic,2228,35.7,55.7,178.49,0.02,0.15,35.93,1730.5,1482,1,4983
25478,draftkings,classic,3891,35.69,55.69,178.44,0.02,0.22,31.55,1999.5,1773,1,4999
25478,draftkings,classic,343,35.65,55.65,178.23,0.01,0.13,39.93,1520.2,1293,1,4939
25478,draftkings,classic,3394,35.61,55.61,178.07,0,0.22,31.4,1886.1,1677,2,5000
25478,draftkings,classic,3691,35.6,55.6,178,0,0.14,37.34,1752.2,1472,2,4997
25478,draftkings,classic,3746,35.56,55.56,177.8,0.02,0.2,30.93,1922.5,1706,1,4993
25478,draftkings,classic,3069,35.54,55.54,177.71,0.01,0.26,29.19,2097.7,1887,1,4999
25478,draftkings,classic,1193,35.51,55.51,177.53,0,0.08,41.32,1626.4,1313,4,4998
25478,draftkings,classic,3425,35.51,55.51,177.57,0,0.26,36.87,1686.6,1455,3,4992
25478,draftkings,classic,3281,35.37,55.37,176.85,0,0.09,42.15,1508.9,1238,3,4986
25478,draftkings,classic,3239,35.35,55.35,176.74,0.02,0.28,28.95,2009.4,1835,1,5001
25478,draftkings,classic,4136,35.35,55.35,176.74,0.01,0.2,36.19,1725.2,1492,1,4979
25478,draftkings,classic,634,35.3,55.3,176.48,0,0.13,38.33,1679.6,1404,2,5000
25478,draftkings,classic,2943,35.29,55.29,176.45,0.02,0.23,32.52,1818.3,1629,1,4988
25478,draftkings,classic,1020,35.01,55.01,175.05,0,0.19,36.48,1783.3,1509,3,4998
25478,draftkings,classic,3125,35,55,175.02,0.02,0.18,35.43,1688.7,1470,1,4979
25478,draftkings,classic,1401,34.82,54.82,174.08,0,0.2,35.03,1791.6,1552,2,4997
25478,draftkings,classic,1501,34.81,54.81,174.04,0.02,0.24,29.61,2058.4,1862,1,5000
25478,draftkings,classic,3591,34.79,54.79,173.97,0,0.11,36.37,1882.1,1594,3,5000
25478,draftkings,classic,3856,34.7,54.7,173.49,0.02,0.24,29.66,1939.2,1763,1,4995
25478,draftkings,classic,2533,34.67,54.67,173.35,0.03,0.16,35.17,1741.3,1508,1,4982
25478,draftkings,classic,2443,34.63,54.63,173.14,0.01,0.21,34.81,1725.5,1506,1,4981
25478,draftkings,classic,1577,34.62,54.62,173.1,0.02,0.19,32.53,1879.2,1661,1,4996
25478,draftkings,classic,1468,34.59,54.59,172.97,0,0.18,34.14,1792.2,1552,2,4976
25478,draftkings,classic,1539,34.54,54.54,172.7,0.01,0.15,32.4,1866.7,1649,1,4995
25478,draftkings,classic,2067,34.54,54.54,172.72,0.01,0.14,36.59,1694.8,1451,1,4974
25478,draftkings,classic,2883,34.52,54.52,172.59,0,0.29,31.27,1869,1668,2,4998
25478,draftkings,classic,134,34.48,54.48,172.39,0,0.26,32.44,1871.1,1650,2,4980
25478,draftkings,classic,1052,34.39,54.39,171.94,0.04,0.22,32.73,1767.5,1582,1,4952
25478,draftkings,classic,3501,34.38,54.38,171.9,0,0.18,36.24,1746.4,1502,2,4998
25478,draftkings,classic,4913,34.33,54.33,171.63,0,0.07,42.01,1504.6,1233,4,4970
25478,draftkings,classic,2074,34.29,54.29,171.46,0.01,0.19,34.45,1724,1520,1,4973
25478,draftkings,classic,4968,34.19,54.19,170.95,0.01,0.14,36.73,1625,1410,1,4949
25478,draftkings,classic,2544,34.15,54.15,170.77,0.03,0.2,32.98,1771.4,1563,1,4993
25478,draftkings,classic,2569,34.1,54.1,170.49,0.01,0.13,36.48,1741.4,1463,1,4983
25478,draftkings,classic,4699,34.04,54.04,170.19,0,0.18,35.55,1781.3,1543,2,4999
25478,draftkings,classic,3524,34.01,54.01,170.06,0.02,0.2,33.08,1864.8,1621,1,4998
25478,draftkings,classic,1175,33.99,53.99,169.95,0.01,0.2,30.83,2013.1,1824,1,4989
25478,draftkings,classic,1993,33.99,53.99,169.96,0.01,0.11,37.94,1739,1464,1,4997
25478,draftkings,classic,863,33.92,53.92,169.58,0,0.09,38.32,1750.8,1420,2,4992
25478,draftkings,classic,3075,33.71,53.71,168.55,0.01,0.09,40.67,1548.9,1280,1,4965
25478,draftkings,classic,735,33.69,53.69,168.46,0.03,0.15,34.51,1731.1,1492,1,4988
25478,draftkings,classic,2968,33.67,53.67,168.34,0.01,0.21,32.02,1863.7,1651,1,4999
25478,draftkings,classic,4006,33.6,53.6,167.98,0.01,0.18,33.86,1748,1545,1,4951
25478,draftkings,classic,282,33.56,53.56,167.8,0,0.1,38.37,1600.1,1358,2,4935
25478,draftkings,classic,1045,33.54,53.54,167.71,0.01,0.23,33.24,1832.9,1614,1,4998
25478,draftkings,classic,2711,33.52,53.52,167.61,0,0.2,34.74,1803.5,1549,2,4993
25478,draftkings,classic,1086,33.47,53.47,167.35,0.02,0.23,31.44,1881.4,1668,1,4972
25478,draftkings,classic,2888,33.44,53.44,167.22,0.01,0.12,36.99,1642.2,1407,1,4978
25478,draftkings,classic,3017,33.4,53.4,167.01,0,0.22,36.35,1690.1,1441,2,4963
25478,draftkings,classic,2125,33.37,53.37,166.87,0,0.08,42.38,1509.5,1233,5,4960
25478,draftkings,classic,2019,33.32,53.32,166.61,0.01,0.1,41.2,1480.4,1259,1,4925
25478,draftkings,classic,1990,33.28,53.28,166.39,0.01,0.21,29.44,2114,1911,1,5001
25478,draftkings,classic,2692,33.23,53.23,166.16,0.01,0.19,37.95,1642.2,1382,1,4989
25478,draftkings,classic,2607,33.21,53.21,166.05,0.01,0.21,34.72,1779.1,1552,1,4984
25478,draftkings,classic,1730,33.11,53.11,165.56,0.02,0.18,33.91,1733,1524,1,4988
25478,draftkings,classic,2554,33.1,53.1,165.5,0,0.14,35.28,1679.1,1471,2,4973
25478,draftkings,classic,1441,33.08,53.08,165.42,0.01,0.17,35.87,1700.9,1467,1,4982
25478,draftkings,classic,1598,32.97,52.97,164.85,0.01,0.23,33.72,1838.9,1592,1,4989
25478,draftkings,classic,2526,32.88,52.88,164.42,0,0.11,41.83,1451.6,1218,2,4911
25478,draftkings,classic,4721,32.79,52.79,163.96,0.01,0.2,31.73,1846.9,1661,1,4979
25478,draftkings,classic,4606,32.79,52.79,163.94,0.02,0.16,34.92,1747.7,1503,1,4984
25478,draftkings,classic,1842,32.76,52.76,163.8,0.01,0.21,32.86,1922.2,1703,1,4997
25478,draftkings,classic,2093,32.7,52.7,163.51,0,0.17,36.23,1690.8,1441,3,4994
25478,draftkings,classic,3457,32.69,52.69,163.44,0,0.09,41.36,1506.5,1250,2,4980
25478,draftkings,classic,361,32.67,52.68,163.37,0.02,0.2,26.95,2168,2028,1,5001
25478,draftkings,classic,3300,32.59,52.59,162.95,0.01,0.19,35.29,1693.6,1473,1,4969
25478,draftkings,classic,1926,32.55,52.55,162.73,0.02,0.12,34.78,1755.9,1506,1,4967
25478,draftkings,classic,4053,32.5,52.5,162.48,0.01,0.07,37.98,1681.1,1414,1,4993
25478,draftkings,classic,2718,32.39,52.39,161.93,0,0.17,32.02,1843.3,1643,2,5001
25478,draftkings,classic,2904,32.35,52.35,161.76,0.02,0.06,40.08,1531.4,1305,1,4986
25478,draftkings,classic,4871,32.32,52.32,161.6,0,0.09,41.25,1580.1,1279,2,4977
25478,draftkings,classic,4369,32.32,52.32,161.62,0,0.09,41.78,1506.7,1247,3,4997
25478,draftkings,classic,198,32.3,52.3,161.49,0.01,0.17,32.1,1874.8,1659,1,4992
25478,draftkings,classic,3979,32.3,52.3,161.51,0.02,0.25,27.53,2065.3,1903,1,5000
25478,draftkings,classic,4333,32.24,52.24,161.21,0.01,0.16,34.05,1798.4,1580,1,4998
25478,draftkings,classic,1381,32.23,52.23,161.16,0.01,0.18,32.05,1921,1712,1,4989
25478,draftkings,classic,3697,32.09,52.09,160.44,0,0.27,30.26,1938.6,1746,2,4983
25478,draftkings,classic,463,32.08,52.08,160.38,0,0.1,36.4,1832.6,1558,3,5001
25478,draftkings,classic,2372,32.05,52.05,160.24,0,0.11,39.7,1545.4,1293,3,4908
25478,draftkings,classic,1827,31.98,51.98,159.91,0.01,0.3,27.22,2222.7,2107,1,5001
25478,draftkings,classic,1301,31.97,51.97,159.86,0,0.28,31.8,2054.3,1818,3,4999
25478,draftkings,classic,2623,31.88,51.88,159.42,0.03,0.21,27.09,2064.4,1916,1,4996
25478,draftkings,classic,691,31.79,51.79,158.93,0.01,0.34,27.01,2086.5,1919,1,4999
25478,draftkings,classic,777,31.79,51.79,158.93,0,0.17,35.11,1700,1469,2,4977
25478,draftkings,classic,3051,31.72,51.72,158.62,0.02,0.07,40.16,1472.3,1246,1,4964
25478,draftkings,classic,1050,31.7,51.7,158.49,0.01,0.14,34.86,1786,1545,1,4996
25478,draftkings,classic,1446,31.66,51.66,158.28,0.01,0.17,34.6,1692,1489,1,4970
25478,draftkings,classic,3526,31.66,51.66,158.31,0.01,0.23,30.44,1953.5,1777,1,5000
25478,draftkings,classic,40,31.51,51.51,157.56,0,0.07,40.54,1488.4,1248,5,4921
25478,draftkings,classic,1321,31.41,51.41,157.04,0.02,0.15,32.21,1820,1615,1,4999
25478,draftkings,classic,4608,31.39,51.39,156.97,0.01,0.2,34.15,1830.4,1600,1,4997
25478,draftkings,classic,990,31.29,51.29,156.44,0,0.06,39.19,1706.9,1387,6,4995
25478,draftkings,classic,642,31.24,51.24,156.22,0.01,0.26,29.08,2092.2,1917,1,4999
25478,draftkings,classic,1374,31.23,51.23,156.17,0.02,0.15,31.11,1953.2,1725,1,5000
25478,draftkings,classic,207,31.2,51.2,156,0.02,0.23,29.92,1912.8,1709,1,4992
25478,draftkings,classic,2621,31.12,51.12,155.61,0,0.18,34.59,1670,1453,2,4950
25478,draftkings,classic,4776,31.05,51.05,155.25,0.01,0.16,35.38,1671.1,1459,1,4995
25478,draftkings,classic,2578,31.04,51.04,155.23,0.01,0.23,29.54,1944.9,1766,1,4995
25478,draftkings,classic,4011,30.99,50.99,154.97,0.01,0.13,33.17,1777.3,1560,1,4986
25478,draftkings,classic,4963,30.99,50.99,154.96,0.01,0.27,28.92,2095.6,1902,1,4997
25478,draftkings,classic,2648,30.97,50.97,154.86,0,0.2,29.93,1928,1767,2,4993
25478,draftkings,classic,10,30.96,50.96,154.79,0.02,0.23,27.03,2164.1,2010,1,4999
25478,draftkings,classic,4515,30.95,50.95,154.74,0,0.15,31.38,1973.2,1730,2,4989
25478,draftkings,classic,3108,30.9,50.9,154.49,0.01,0.09,36.99,1682.2,1441,1,4998
25478,draftkings,classic,4639,30.89,50.89,154.47,0,0.17,35.45,1735,1509,2,4983
25478,draftkings,classic,1921,30.85,50.85,154.24,0.02,0.12,36.23,1587.7,1387,1,4971
25478,draftkings,classic,2858,30.85,50.85,154.26,0.01,0.13,35.13,1707.7,1477,1,4965
25478,draftkings,classic,4192,30.83,50.83,154.16,0.01,0.25,28.22,2000.8,1839,1,4997
25478,draftkings,classic,4833,30.83,50.83,154.13,0.02,0.28,27.92,2157.8,1985,1,4999
25478,draftkings,classic,1396,30.82,50.82,154.08,0.01,0.09,39.01,1548.2,1319,1,4978
25478,draftkings,classic,2942,30.82,50.82,154.11,0,0.16,34.52,1845.2,1589,3,4987
25478,draftkings,classic,3321,30.81,50.81,154.05,0,0.19,31.19,1947.2,1754,2,5000
25478,draftkings,classic,1747,30.79,50.79,153.94,0.02,0.2,28.7,2008.8,1813,1,4999
25478,draftkings,classic,2778,30.74,50.74,153.7,0,0.16,34.56,1775.9,1538,3,4994
25478,draftkings,classic,1131,30.72,50.72,153.62,0.01,0.17,34.79,1773.8,1536,1,4996
25478,draftkings,classic,4507,30.65,50.65,153.23,0.01,0.21,32.02,1878.9,1666,1,4996
25478,draftkings,classic,3459,30.62,50.62,153.1,0.01,0.19,29.11,2090.8,1929,1,4992
25478,draftkings,classic,894,30.61,50.61,153.06,0,0.15,36.21,1697.6,1469,2,4971
25478,draftkings,classic,4603,30.52,50.52,152.61,0.02,0.18,35.83,1645.7,1432,1,4936
25478,draftkings,classic,4492,30.52,50.52,152.61,0.01,0.21,29.07,2018.8,1819,1,5000
25478,draftkings,classic,750,30.49,50.49,152.44,0,0.16,36.04,1628.6,1417,2,4975
25478,draftkings,classic,374,30.38,50.38,151.92,0.02,0.16,30.68,1957.4,1752,1,4993
25478,draftkings,classic,1500,30.32,50.32,151.59,0,0.19,34.26,1750.3,1533,2,4989
25478,draftkings,classic,2271,30.31,50.31,151.54,0.01,0.18,30.47,1937,1728,1,4990
25478,draftkings,classic,3888,30.28,50.28,151.42,0.01,0.13,35.41,1697,1463,1,4972
25478,draftkings,classic,84,30.18,50.18,150.92,0,0.14,36.71,1613.6,1395,2,4998
25478,draftkings,classic,4389,30.17,50.17,150.86,0.01,0.17,32.51,1809.1,1588,1,4974
25478,draftkings,classic,4025,30.06,50.06,150.32,0.02,0.16,31.55,1878.9,1666,1,4984
25478,draftkings,classic,4135,30.03,50.03,150.16,0,0.17,33.64,1810.1,1580,2,4976
25478,draftkings,classic,4054,29.97,49.97,149.84,0,0.09,35.25,1751,1496,2,4982
25478,draftkings,classic,4868,29.94,49.94,149.68,0,0.09,39.16,1558,1311,5,4988
25478,draftkings,classic,2132,29.92,49.92,149.58,0,0.15,34.62,1728.2,1522,3,4959
25478,draftkings,classic,1828,29.83,49.83,149.16,0,0.05,38.14,1743.2,1442,5,4988
25478,draftkings,classic,3180,29.83,49.83,149.13,0.02,0.22,29.57,1909.1,1734,1,4981
25478,draftkings,classic,388,29.83,49.83,149.16,0.01,0.21,31.83,1800.6,1622,1,5001
25478,draftkings,classic,3958,29.81,49.81,149.03,0.02,0.14,31.41,1815,1632,1,4992
25478,draftkings,classic,4063,29.78,49.78,148.89,0,0.1,37.67,1683,1418,3,4979
25478,draftkings,classic,1918,29.65,49.65,148.25,0,0.17,34.85,1708.1,1491,3,4976
25478,draftkings,classic,4364,29.64,49.64,148.22,0.01,0.21,30.27,1932.1,1769,1,4997
25478,draftkings,classic,4373,29.63,49.63,148.17,0,0.07,37.2,1722.6,1457,2,4990
25478,draftkings,classic,3651,29.6,49.6,148.02,0,0.16,33.92,1734.5,1511,2,4971
25478,draftkings,classic,164,29.53,49.53,147.67,0.02,0.07,36.1,1619,1404,1,4899
25478,draftkings,classic,4168,29.5,49.5,147.51,0.02,0.31,24.57,2285.7,2179,1,5000
25478,draftkings,classic,1071,29.47,49.47,147.37,0.01,0.09,34.37,1689.5,1491,1,4969
25478,draftkings,classic,3939,29.44,49.44,147.22,0.01,0.19,30.25,1880.1,1692,1,4956
25478,draftkings,classic,272,29.44,49.44,147.2,0,0.16,32.67,1760.6,1574,2,4976
25478,draftkings,classic,1402,29.42,49.42,147.08,0.01,0.2,30.44,1961.1,1754,1,4991
25478,draftkings,classic,1813,29.4,49.4,147.02,0.01,0.18,30.34,1938.4,1749,1,4999
25478,draftkings,classic,3625,29.38,49.38,146.92,0.01,0.24,27.63,2015.6,1852,1,4996
25478,draftkings,classic,1117,29.36,49.36,146.82,0.01,0.14,30.76,1903.4,1708,1,4996
25478,draftkings,classic,204,29.31,49.31,146.54,0,0.1,36.18,1661.3,1441,3,4976
25478,draftkings,classic,1552,29.3,49.3,146.5,0.01,0.18,31.55,1861.8,1668,1,4983
25478,draftkings,classic,4855,29.25,49.25,146.23,0,0.25,26.83,2108.4,1961,2,4997
25478,draftkings,classic,1081,29.23,49.23,146.15,0.01,0.23,26.86,2134.1,1970,1,4995
25478,draftkings,classic,4648,29.2,49.2,146,0.04,0.16,28.44,1918.8,1729,1,4987
25478,draftkings,classic,830,29.2,49.2,146,0.01,0.11,37.76,1552.6,1349,1,4839
25478,draftkings,classic,2407,29.14,49.14,145.7,0.02,0.14,31.22,1942.9,1734,1,4992
25478,draftkings,classic,1260,29.1,49.1,145.5,0.01,0.11,35.07,1749.2,1517,1,4995
25478,draftkings,classic,1684,29.04,49.04,145.19,0,0,41.15,1498,1262,12,4922
25478,draftkings,classic,3207,29.03,49.03,145.13,0,0.12,32.32,1891.1,1677,2,4994
25478,draftkings,classic,4669,29.01,49.01,145.04,0,0.08,39.96,1500.1,1278,3,4921
25478,draftkings,classic,4950,28.96,48.96,144.83,0,0.13,34.73,1794.2,1543,4,4962
25478,draftkings,classic,898,28.88,48.88,144.38,0.03,0.15,31.14,1843,1649,1,4986
25478,draftkings,classic,1848,28.87,48.87,144.35,0.01,0.1,35.46,1737.1,1501,1,4987
25478,draftkings,classic,3004,28.87,48.87,144.35,0,0.1,40.15,1501.8,1272,3,4942
25478,draftkings,classic,1340,28.83,48.83,144.14,0.02,0.14,32.36,1834.4,1623,1,4986
25478,draftkings,classic,246,28.82,48.82,144.09,0.02,0.19,31.09,1845,1646,1,4986
25478,draftkings,classic,4202,28.8,48.8,144,0.01,0.19,30.45,1951.7,1769,1,4996
25478,draftkings,classic,3385,28.75,48.75,143.77,0.02,0.15,31.39,1872.6,1673,1,4985
25478,draftkings,classic,209,28.68,48.68,143.38,0,0.01,41.79,1474,1222,6,4932
25478,draftkings,classic,1874,28.64,48.64,143.18,0,0.05,39.95,1603.9,1316,8,4989
25478,draftkings,classic,383,28.64,48.64,143.19,0,0.15,34.54,1726.6,1518,2,4988
25478,draftkings,classic,3463,28.63,48.63,143.14,0,0.13,34.49,1816.8,1568,2,4996
25478,draftkings,classic,4396,28.61,48.61,143.07,0.03,0.19,28.67,1978.8,1801,1,4999
25478,draftkings,classic,867,28.61,48.61,143.03,0,0.07,40.51,1493.6,1264,4,4956
25478,draftkings,classic,4782,28.55,48.55,142.74,0,0.05,38.36,1653.1,1378,5,4993
25478,draftkings,classic,569,28.53,48.53,142.63,0.02,0.18,31.5,1824.9,1620,1,4999
25478,draftkings,classic,4075,28.5,48.5,142.51,0,0.12,34.54,1775.8,1531,2,4978
25478,draftkings,classic,956,28.46,48.46,142.32,0,0.13,35.83,1721.3,1484,2,4993
25478,draftkings,classic,2137,28.45,48.45,142.25,0,0.13,32.94,1813.8,1594,2,4970
25478,draftkings,classic,1036,28.44,48.44,142.2,0,0.09,35.21,1619.7,1414,2,4931
25478,draftkings,classic,4617,28.42,48.42,142.12,0.01,0.15,35.27,1668.2,1459,1,4967
25478,draftkings,classic,662,28.4,48.4,142.02,0,0.05,39.22,1616.8,1344,8,4955
25478,draftkings,classic,496,28.39,48.39,141.95,0.03,0.18,25.41,2152.3,2026,1,4992
25478,draftkings,classic,78,28.33,48.33,141.64,0.01,0.14,33.38,1867.6,1642,1,4986
25478,draftkings,classic,63,28.31,48.31,141.54,0.02,0.15,26.99,2048.8,1914,1,4995
25478,draftkings,classic,3703,28.28,48.28,141.42,0.01,0.19,29.48,2022.4,1838,1,4992
25478,draftkings,classic,3211,28.24,48.24,141.19,0,0.24,27.91,2032.4,1870,2,4981
25478,draftkings,classic,4015,28.23,48.23,141.13,0.01,0.19,27.84,2109,1936,1,5000
25478,draftkings,classic,2605,28.17,48.17,140.84,0.02,0.12,34.46,1698.7,1495,1,4984
25478,draftkings,classic,3620,28.12,48.12,140.61,0,0.09,36.22,1692.8,1464,3,4975
25478,draftkings,classic,33,28.06,48.06,140.3,0,0.04,37.2,1661.6,1403,2,4983
25478,draftkings,classic,2581,28.05,48.05,140.24,0.02,0.28,25.33,2169.9,2047,1,4996
25478,draftkings,classic,2599,27.98,47.98,139.9,0,0.09,36.69,1639.6,1413,2,4963
25478,draftkings,classic,1980,27.96,47.96,139.81,0.01,0.17,31.92,1820.8,1617,1,4986
25478,draftkings,classic,2154,27.94,47.94,139.68,0.01,0.21,27.97,2064.2,1897,1,5001
25478,draftkings,classic,3887,27.94,47.94,139.69,0.01,0.12,31.98,1868.3,1655,1,4989
25478,draftkings,classic,1567,27.93,47.93,139.65,0,0.16,31.45,1879.4,1679,2,4997
25478,draftkings,classic,3179,27.86,47.86,139.32,0,0.05,35.97,1820.6,1555,3,4997
25478,draftkings,classic,329,27.79,47.79,138.95,0,0.21,31.12,1897.4,1683,2,4993
25478,draftkings,classic,3466,27.73,47.73,138.66,0.01,0.18,28.78,2039.6,1871,1,4996
25478,draftkings,classic,4420,27.72,47.72,138.6,0.01,0.1,34.26,1766.4,1521,1,4980
25478,draftkings,classic,742,27.64,47.64,138.18,0.01,0.13,34.41,1682.7,1468,1,4964
25478,draftkings,classic,3783,27.63,47.63,138.13,0,0.18,32.99,1812.9,1584,3,4991
25478,draftkings,classic,3257,27.6,47.6,137.99,0,0.11,33.69,1721.9,1515,2,5001
25478,draftkings,classic,1686,27.58,47.58,137.9,0.01,0.11,33.39,1732.3,1527,1,4988
25478,draftkings,classic,4552,27.53,47.53,137.64,0.02,0.21,31.09,1798,1615,1,4994
25478,draftkings,classic,2073,27.48,47.48,137.4,0.02,0.21,27.02,2057.9,1902,1,4995
25478,draftkings,classic,2424,27.46,47.46,137.29,0.01,0.09,35.73,1694,1443,1,4968
25478,draftkings,classic,2877,27.46,47.46,137.29,0,0.08,33.93,1827.6,1582,2,5000
25478,draftkings,classic,123,27.44,47.44,137.18,0.01,0.2,32.22,1807.9,1607,1,4992
25478,draftkings,classic,4206,27.42,47.42,137.12,0,0.15,33.54,1816,1579,2,4975
25478,draftkings,classic,4807,27.3,47.3,136.49,0.01,0.14,25.39,2190.6,2060,1,5000
25478,draftkings,classic,4274,27.28,47.28,136.38,0.01,0.12,33.29,1819.6,1579,1,5000
25478,draftkings,classic,4656,27.08,47.08,135.39,0.01,0.22,28.6,2057.2,1884,1,4999
25478,draftkings,classic,2361,27.02,47.02,135.12,0.02,0.13,32.25,1749.9,1568,1,4980
25478,draftkings,classic,2239,26.89,46.89,134.46,0.02,0.06,33.68,1763.6,1550,1,4964
25478,draftkings,classic,127,26.89,46.89,134.46,0,0.07,35.43,1646.2,1446,2,4983
25478,draftkings,classic,2983,26.81,46.81,134.04,0,0.18,29.78,1984.9,1812,2,4997
25478,draftkings,classic,4422,26.81,46.81,134.04,0.01,0.2,28.89,1972.9,1787,1,4986
25478,draftkings,classic,1136,26.8,46.8,134,0,0.13,36.62,1622.3,1389,2,4959
25478,draftkings,classic,2219,26.76,46.76,133.79,0,0.09,36.25,1647.9,1430,2,4963
25478,draftkings,classic,3999,26.55,46.55,132.76,0.01,0.12,31.75,1755.2,1579,1,4972
25478,draftkings,classic,4894,26.55,46.55,132.74,0,0.1,34.47,1677.8,1459,2,4966
25478,draftkings,classic,4166,26.45,46.45,132.25,0.01,0.12,33.11,1818.4,1595,1,4993
25478,draftkings,classic,3172,26.43,46.43,132.13,0,0.13,35.81,1658,1439,3,4995
25478,draftkings,classic,2227,26.43,46.43,132.17,0,0.15,35.53,1645.5,1439,3,4939
25478,draftkings,classic,1076,26.42,46.42,132.11,0,0.08,33.98,1738.6,1531,2,4983
25478,draftkings,classic,2483,26.41,46.41,132.05,0,0.09,33.15,1851.1,1606,3,4976
25478,draftkings,classic,3743,26.33,46.33,131.66,0,0.16,33.75,1705.3,1494,2,4982
25478,draftkings,classic,4284,26.32,46.32,131.61,0,0.14,31.37,1864,1641,2,4961
25478,draftkings,classic,181,26.15,46.15,130.74,0,0.06,34.98,1711.6,1476,2,5000
25478,draftkings,classic,3234,26.12,46.12,130.61,0.01,0.14,31.52,1821.7,1626,1,4967
25478,draftkings,classic,1262,26.1,46.1,130.5,0,0.2,31.82,1872.3,1667,3,4975
25478,draftkings,classic,2473,26.09,46.09,130.44,0.01,0.15,30.73,1862.8,1660,1,4997
25478,draftkings,classic,3781,26.03,46.03,130.16,0.02,0.07,32.92,1765.1,1561,1,4986
25478,draftkings,classic,1389,26.01,46.01,130.04,0,0.09,34.63,1690.7,1495,2,4928
25478,draftkings,classic,4700,25.94,45.94,129.68,0.01,0.08,34.62,1703.2,1504,1,4996
25478,draftkings,classic,1048,25.9,45.9,129.48,0.01,0.09,34.56,1698.2,1496,1,4990
25478,draftkings,classic,824,25.83,45.83,129.13,0.01,0.16,27.39,2092.5,1933,1,4998
25478,draftkings,classic,2819,25.82,45.82,129.1,0.01,0.11,35.03,1672.2,1455,1,4937
25478,draftkings,classic,1347,25.7,45.7,128.5,0.01,0.14,33.36,1771.6,1554,1,4989
25478,draftkings,classic,4413,25.69,45.69,128.46,0.02,0.13,30.28,1831,1668,1,4975
25478,draftkings,classic,4019,25.65,45.65,128.24,0.01,0.1,32.3,1794.8,1603,1,4956
25478,draftkings,classic,594,25.65,45.65,128.26,0,0.04,38.75,1626.3,1366,5,4967
25478,draftkings,classic,4447,25.63,45.63,128.16,0.01,0.06,35.57,1719.1,1462,1,4986
25478,draftkings,classic,3914,25.6,45.6,127.99,0,0.18,28.05,2036.7,1868,2,4991
25478,draftkings,classic,3558,25.54,45.54,127.72,0.01,0.13,29.4,1972.6,1791,1,4996
25478,draftkings,classic,2977,25.51,45.51,127.55,0,0.06,36.29,1703.5,1446,4,4978
25478,draftkings,classic,4489,25.38,45.38,126.88,0.02,0.12,27.01,2106.8,1949,1,5001
25478,draftkings,classic,4021,25.3,45.3,126.49,0,0.18,28.97,2036.5,1839,2,4995
25478,draftkings,classic,1899,25.27,45.27,126.36,0.01,0.08,35.58,1674.4,1454,1,4989
25478,draftkings,classic,906,25.22,45.22,126.11,0,0.06,33.31,1919.9,1666,3,4998
25478,draftkings,classic,2283,25.17,45.17,125.86,0,0.09,34.21,1747.6,1509,2,4985
25478,draftkings,classic,1751,25.15,45.15,125.74,0.02,0.16,25.96,2260.5,2144,1,4999
25478,draftkings,classic,3682,24.96,44.96,124.81,0.02,0.13,30.64,1885.1,1682,1,4970
25478,draftkings,classic,1674,24.95,44.95,124.75,0,0.05,36.82,1583.2,1379,3,4903
25478,draftkings,classic,4306,24.76,44.76,123.8,0,0.09,32.9,1881,1648,3,4995
25478,draftkings,classic,3002,24.73,44.73,123.63,0.01,0.16,26.93,2147.3,2004,1,4992
25478,draftkings,classic,1167,24.71,44.71,123.57,0.02,0.19,24.32,2198.5,2076,1,5000
25478,draftkings,classic,4104,24.7,44.7,123.48,0,0.15,32.71,1779.8,1557,2,4996
25478,draftkings,classic,3673,24.68,44.68,123.42,0,0.03,37.33,1687.5,1425,2,4989
25478,draftkings,classic,1549,24.68,44.68,123.38,0,0.17,29.83,1903.9,1739,2,4995
25478,draftkings,classic,2269,24.67,44.67,123.34,0,0.03,35.75,1742.9,1478,5,4984
25478,draftkings,classic,165,24.62,44.62,123.1,0,0.02,37.23,1707.4,1428,6,4993
25478,draftkings,classic,3348,24.55,44.55,122.75,0.02,0.14,28.29,1998.8,1856,1,4994
25478,draftkings,classic,448,24.51,44.51,122.55,0.01,0.11,30.41,1989.9,1758,1,5000
25478,draftkings,classic,109,24.48,44.48,122.39,0,0.14,28.7,2048.1,1853,2,5000
25478,draftkings,classic,2141,24.47,44.47,122.34,0.02,0.07,35.07,1687.1,1473,1,4945
25478,draftkings,classic,4781,24.46,44.46,122.3,0.01,0.13,30.31,1957.2,1778,1,4986
25478,draftkings,classic,510,24.4,44.4,122.02,0,0.12,34.07,1730.9,1507,4,4980
25478,draftkings,classic,1723,24.4,44.4,122,0,0.12,32.91,1767.3,1567,2,4975
25478,draftkings,classic,2933,24.34,44.34,121.71,0.01,0.22,27.68,2038.1,1860,1,5000
25478,draftkings,classic,2011,24.32,44.32,121.62,0.02,0.12,28.94,1858.6,1686,1,4987
25478,draftkings,classic,322,24.31,44.31,121.55,0,0.14,32.11,1799,1633,3,4992
25478,draftkings,classic,2220,24.31,44.31,121.55,0.02,0.15,25.12,2165.6,2038,1,5001
25478,draftkings,classic,2624,24.3,44.3,121.5,0.01,0.14,27.96,2114.6,1946,1,5001
25478,draftkings,classic,3368,24.28,44.28,121.38,0.02,0.14,30.57,1840.9,1655,1,4979
25478,draftkings,classic,1893,24.26,44.26,121.28,0,0.1,32.56,1877,1644,3,4988
25478,draftkings,classic,242,24.16,44.16,120.8,0.01,0.1,30.98,1824.5,1639,1,4979
25478,draftkings,classic,498,24.08,44.08,120.4,0.02,0.17,26.55,2092.5,1943,1,4986
25478,draftkings,classic,1357,24.07,44.07,120.33,0.01,0.21,25.09,2276.1,2149,1,5001
25478,draftkings,classic,3554,24.06,44.06,120.3,0.01,0.07,32.52,1810.7,1607,1,4950
25478,draftkings,classic,348,24.04,44.04,120.18,0,0.12,30.01,1922.5,1727,2,4998
25478,draftkings,classic,2795,24.02,44.02,120.1,0,0.06,33.18,1732.4,1530,2,4978
25478,draftkings,classic,2071,23.96,43.96,119.8,0,0.14,31.09,2029.1,1802,2,5001
25478,draftkings,classic,18,23.94,43.94,119.69,0.01,0.11,33.08,1767.9,1542,1,4981
25478,draftkings,classic,2161,23.93,43.93,119.64,0.02,0.07,29.95,1901.2,1702,1,4995
25478,draftkings,classic,3770,23.93,43.93,119.67,0,0.07,36.69,1595.9,1372,4,4933
25478,draftkings,classic,2932,23.92,43.92,119.6,0.01,0.05,33.35,1913.4,1644,1,5000
25478,draftkings,classic,403,23.92,43.92,119.6,0.02,0.13,27.21,2007.6,1848,1,4994
25478,draftkings,classic,107,23.9,43.9,119.5,0.01,0.11,29.24,1984,1802,1,4992
25478,draftkings,classic,2832,23.88,43.88,119.41,0.02,0.1,27.61,2135.9,1948,1,4997
25478,draftkings,classic,373,23.87,43.87,119.37,0.01,0.09,32.84,1745.8,1563,1,4995
25478,draftkings,classic,49,23.8,43.8,119.01,0.02,0.18,26.1,2114.7,1977,1,5001
25478,draftkings,classic,1612,23.74,43.74,118.68,0.02,0.2,26.28,2100.5,1960,1,4998
25478,draftkings,classic,3717,23.69,43.69,118.45,0.01,0.1,30.55,1860.5,1670,1,5001
25478,draftkings,classic,393,23.68,43.68,118.42,0,0.17,30.41,1923.9,1734,3,4998
25478,draftkings,classic,4203,23.68,43.68,118.4,0.01,0.06,34.23,1724.6,1506,1,4996
25478,draftkings,classic,4989,23.64,43.64,118.22,0.01,0.18,29.04,1977.4,1794,1,4995
25478,draftkings,classic,2174,23.62,43.62,118.11,0.01,0.13,30.38,1865.1,1681,1,4998
25478,draftkings,classic,4388,23.6,43.6,118,0,0.07,35.65,1661.6,1434,3,4981
25478,draftkings,classic,1717,23.55,43.55,117.74,0.01,0.11,26.46,2077.5,1912,1,5000
25478,draftkings,classic,2480,23.54,43.54,117.72,0,0.04,37.61,1604.8,1360,3,4964
25478,draftkings,classic,1145,23.53,43.53,117.65,0.01,0.18,29.59,1925.2,1740,1,4993
25478,draftkings,classic,4183,23.51,43.51,117.55,0,0.06,33.18,1875,1637,3,4998
25478,draftkings,classic,3467,23.5,43.5,117.52,0.01,0.04,33.64,1807.7,1569,1,4990
25478,draftkings,classic,2660,23.46,43.46,117.32,0,0.2,31.7,1824.4,1634,3,4990
25478,draftkings,classic,314,23.45,43.45,117.25,0,0.1,35.89,1621.7,1411,5,4953
25478,draftkings,classic,4249,23.39,43.39,116.94,0.02,0.17,24.17,2189.3,2058,1,4998
25478,draftkings,classic,4563,23.38,43.38,116.89,0,0.16,31.55,1870.2,1671,3,4972
25478,draftkings,classic,586,23.35,43.35,116.75,0,0.04,36.98,1589.1,1373,3,4889
25478,draftkings,classic,482,23.33,43.33,116.66,0,0.08,31.72,1915.1,1696,2,4999
25478,draftkings,classic,1605,23.24,43.24,116.22,0,0.05,32.9,1971.4,1717,3,4999
25478,draftkings,classic,1957,23.21,43.21,116.06,0,0.03,36.4,1697.5,1441,3,4994
25478,draftkings,classic,1871,23.14,43.14,115.68,0,0.15,28.74,1988.2,1828,2,4999
25478,draftkings,classic,2055,23.13,43.13,115.64,0.01,0.18,25.96,2115.9,1972,1,4994
25478,draftkings,classic,4223,23.11,43.11,115.53,0,0.1,34.77,1668.6,1478,2,4994
25478,draftkings,classic,4753,23.11,43.11,115.56,0,0.06,33.88,1699.4,1487,3,4978
25478,draftkings,classic,4744,23.09,43.09,115.44,0.01,0.13,28.15,2064.7,1893,1,4995
25478,draftkings,classic,2889,23.03,43.03,115.17,0.02,0.12,28.58,2013.7,1824,1,4999
25478,draftkings,classic,2099,22.96,42.96,114.8,0,0.09,31.34,1784.4,1588,2,4986
25478,draftkings,classic,428,22.94,42.94,114.69,0,0.1,33.85,1774.3,1556,4,4992
25478,draftkings,classic,2853,22.94,42.94,114.69,0.02,0.1,29.47,1892.3,1711,1,4985
25478,draftkings,classic,30,22.89,42.89,114.46,0.01,0.07,32.01,1793.3,1595,1,4974
25478,draftkings,classic,4764,22.88,42.88,114.42,0,0.09,33.92,1699.9,1493,3,4983
25478,draftkings,classic,2708,22.88,42.88,114.42,0.02,0.19,25.1,2141.4,2010,1,5000
25478,draftkings,classic,4087,22.85,42.85,114.23,0.01,0.13,28.54,2063.7,1887,1,4997
25478,draftkings,classic,1095,22.82,42.82,114.12,0,0.14,28.47,1964.8,1785,2,4986
25478,draftkings,classic,3791,22.81,42.81,114.05,0.01,0.09,31.25,1814.9,1631,1,4969
25478,draftkings,classic,3379,22.77,42.77,113.84,0,0.11,31.32,1774.9,1596,2,4947
25478,draftkings,classic,2454,22.76,42.76,113.79,0.01,0.12,32.18,1771.2,1560,1,4949
25478,draftkings,classic,3233,22.71,42.71,113.55,0.03,0.11,27.79,1994.6,1845,1,4999
25478,draftkings,classic,4301,22.71,42.71,113.55,0,0.04,34.14,1798.9,1545,2,4993
25478,draftkings,classic,3853,22.7,42.7,113.48,0.01,0.1,31.24,1804.3,1612,1,4987
25478,draftkings,classic,1046,22.67,42.67,113.34,0,0.14,27.76,2051.9,1884,2,5001
25478,draftkings,classic,4724,22.66,42.66,113.29,0,0.13,30.51,1839,1662,2,4971
25478,draftkings,classic,3123,22.64,42.64,113.19,0.02,0.17,24.73,2170.9,2059,1,4992
25478,draftkings,classic,3371,22.61,42.61,113.06,0,0.01,36.55,1704.7,1453,6,4986
25478,draftkings,classic,2895,22.59,42.59,112.97,0.01,0.1,31.11,1826.1,1643,1,4974
25478,draftkings,classic,2328,22.57,42.57,112.84,0.01,0.18,25.02,2167.1,2018,1,5001
25478,draftkings,classic,1162,22.56,42.56,112.79,0.01,0.08,32.9,1737.1,1554,1,4988
25478,draftkings,classic,4216,22.56,42.56,112.8,0.01,0.1,30.67,1805.4,1616,1,5000
25478,draftkings,classic,988,22.55,42.55,112.77,0.01,0.21,23.79,2191.8,2084,1,4996
25478,draftkings,classic,2637,22.54,42.54,112.69,0,0.12,32.17,1844,1617,3,4991
25478,draftkings,classic,4436,22.54,42.54,112.68,0.01,0.1,33.53,1661.5,1481,1,4882
25478,draftkings,classic,1963,22.54,42.54,112.71,0,0.05,34.97,1739,1505,3,4975
25478,draftkings,classic,2553,22.5,42.5,112.51,0,0.07,34.97,1613.7,1434,2,4954
25478,draftkings,classic,4375,22.48,42.48,112.42,0.01,0.12,30.87,1870,1682,1,4984
25478,draftkings,classic,874,22.46,42.46,112.3,0.01,0.12,27.39,2065.1,1898,1,5001
25478,draftkings,classic,1682,22.45,42.45,112.26,0,0.09,30.54,1863.8,1677,2,4989
25478,draftkings,classic,3142,22.45,42.45,112.24,0.01,0.12,28.86,2043.9,1854,1,4999
25478,draftkings,classic,2212,22.43,42.43,112.17,0.01,0.06,32.93,1727.3,1532,1,4985
25478,draftkings,classic,1777,22.41,42.41,112.07,0.01,0.14,26.97,2010,1853,1,4997
25478,draftkings,classic,2743,22.38,42.38,111.89,0,0.05,36.11,1642.5,1427,4,4959
25478,draftkings,classic,2089,22.35,42.35,111.77,0,0.11,30.59,1894.3,1710,2,4997
25478,draftkings,classic,4013,22.33,42.33,111.67,0,0.05,36.63,1603.5,1391,3,4881
25478,draftkings,classic,3618,22.25,42.25,111.26,0,0.04,33.24,1825.3,1593,4,5000
25478,draftkings,classic,2463,22.24,42.24,111.2,0,0.1,32.1,1772.4,1601,3,4996
25478,draftkings,classic,2622,22.22,42.22,111.1,0.01,0.09,29.53,1882.2,1709,1,4989
25478,draftkings,classic,2559,22.22,42.22,111.11,0.01,0.07,30.25,1964.2,1782,1,4995
25478,draftkings,classic,3617,21.99,41.99,109.95,0,0.2,26.05,2072.4,1926,2,5001
25478,draftkings,classic,601,21.98,41.98,109.89,0,0.14,29.92,1846.3,1664,2,4966
25478,draftkings,classic,1535,21.96,41.96,109.8,0.02,0.07,30.95,1801.2,1618,1,4971
25478,draftkings,classic,3091,21.93,41.93,109.63,0,0.04,33.69,1816.1,1583,7,4986
25478,draftkings,classic,3007,21.91,41.91,109.56,0,0.07,33.12,1715.6,1505,3,4974
25478,draftkings,classic,4165,21.89,41.89,109.43,0,0.07,35.67,1605,1402,4,4904
25478,draftkings,classic,4924,21.85,41.85,109.23,0,0.11,31.02,1892,1680,2,4994
25478,draftkings,classic,4449,21.82,41.82,109.1,0.01,0.08,32.18,1723.6,1538,1,4988
25478,draftkings,classic,2091,21.72,41.72,108.59,0,0.03,36.86,1562.3,1354,4,4905
25478,draftkings,classic,55,21.71,41.71,108.55,0,0.07,34.19,1676.2,1463,4,4991
25478,draftkings,classic,4960,21.64,41.64,108.21,0.02,0.1,29.14,1963.7,1782,1,4974
25478,draftkings,classic,4500,21.63,41.63,108.13,0,0.09,29.02,2207.4,2018,3,5001
25478,draftkings,classic,404,21.58,41.58,107.9,0.01,0.05,33.12,1773.8,1559,1,4977
25478,draftkings,classic,3416,21.54,41.54,107.68,0,0.09,31.73,1786.6,1586,3,4984
25478,draftkings,classic,4642,21.53,41.53,107.63,0.01,0.13,32.75,1680.7,1514,1,4943
25478,draftkings,classic,105,21.49,41.49,107.43,0,0.04,36.78,1576.8,1378,4,4933
25478,draftkings,classic,4885,21.45,41.45,107.23,0,0.05,34.98,1653.3,1442,6,4987
25478,draftkings,classic,2478,21.43,41.43,107.16,0,0.09,32.66,1762.9,1567,3,4979
25478,draftkings,classic,4742,21.4,41.4,107,0,0.05,34.48,1813.6,1548,5,4992
25478,draftkings,classic,3860,21.37,41.37,106.87,0.02,0.1,29.36,1856.7,1678,1,4995
25478,draftkings,classic,744,21.37,41.37,106.85,0.01,0.12,27.63,2078.7,1892,1,4998
25478,draftkings,classic,4882,21.37,41.37,106.86,0,0.11,33.1,1760.3,1555,4,4957
25478,draftkings,classic,2059,21.29,41.29,106.43,0.01,0.07,30.14,1913.2,1733,1,4993
25478,draftkings,classic,3898,21.27,41.27,106.33,0.01,0.13,27.66,2026.9,1881,1,5001
25478,draftkings,classic,1116,21.17,41.17,105.84,0,0.13,28.3,2158.6,1997,3,5000
25478,draftkings,classic,1469,21.16,41.16,105.81,0,0.05,31.39,1887.7,1693,2,4985
25478,draftkings,classic,345,21.15,41.15,105.76,0,0.14,31.98,1771.9,1584,3,4976
25478,draftkings,classic,3816,21.13,41.13,105.64,0.01,0.19,25.01,2228.4,2128,1,4999
25478,draftkings,classic,115,21.1,41.1,105.49,0,0.04,35.87,1612.4,1394,5,4958
25478,draftkings,classic,1387,21.09,41.09,105.43,0.01,0.1,29.09,1932.5,1744,1,4991
25478,draftkings,classic,3589,21.08,41.08,105.38,0.01,0.05,32.07,1722,1538,1,4959
25478,draftkings,classic,2948,21.05,41.05,105.23,0.01,0.09,30.89,1850.2,1661,1,4989
25478,draftkings,classic,3780,20.98,40.98,104.91,0,0.12,29.46,1926.6,1749,4,5000
25478,draftkings,classic,800,20.98,40.98,104.89,0,0.04,36.22,1585.6,1383,6,4943
25478,draftkings,classic,3750,20.96,40.96,104.79,0.01,0.1,29.82,1851.8,1665,1,4965
25478,draftkings,classic,689,20.95,40.95,104.74,0,0.06,30.57,1955.2,1742,2,4999
25478,draftkings,classic,582,20.89,40.89,104.46,0,0.07,33.31,1786.3,1564,4,4989
25478,draftkings,classic,28,20.88,40.88,104.38,0.02,0.12,26.18,2120.3,1972,1,4999
25478,draftkings,classic,4415,20.84,40.84,104.22,0,0.05,32.96,1770.2,1540,4,4961
25478,draftkings,classic,380,20.82,40.82,104.11,0,0.16,26.96,2188.8,2037,3,4998
25478,draftkings,classic,3634,20.75,40.75,103.75,0,0.1,30.4,1955.1,1751,3,4995
25478,draftkings,classic,2593,20.72,40.72,103.62,0.02,0.12,25.97,2052.1,1912,1,4997
25478,draftkings,classic,3194,20.72,40.72,103.62,0.01,0.06,32.01,1688.1,1526,1,4900
25478,draftkings,classic,2012,20.68,40.68,103.4,0.01,0.12,24.71,2192.9,2090,1,4998
25478,draftkings,classic,475,20.68,40.68,103.38,0,0.06,33.79,1624.5,1447,3,4951
25478,draftkings,classic,1289,20.65,40.65,103.26,0,0.12,30.39,1877,1686,4,4972
25478,draftkings,classic,4456,20.65,40.65,103.27,0.01,0.05,32.74,1686.3,1509,1,4980
25478,draftkings,classic,1163,20.64,40.64,103.18,0,0.12,29.91,1955.4,1741,2,4989
25478,draftkings,classic,4682,20.63,40.63,103.16,0.01,0.04,32.65,1696.5,1519,1,4986
25478,draftkings,classic,4957,20.59,40.59,102.97,0,0.06,34.45,1740.6,1515,5,4986
25478,draftkings,classic,2602,20.48,40.48,102.41,0,0.13,26.1,2172.4,2052,2,4996
25478,draftkings,classic,3292,20.46,40.46,102.28,0,0.14,30.58,1869.1,1687,3,4985
25478,draftkings,classic,450,20.44,40.44,102.21,0.02,0.05,29.29,1830.5,1656,1,4980
25478,draftkings,classic,4981,20.41,40.41,102.05,0,0.03,36.14,1559.2,1368,3,4951
25478,draftkings,classic,484,20.3,40.3,101.51,0,0.02,37.4,1562.8,1335,8,4880
25478,draftkings,classic,2714,20.29,40.29,101.45,0,0.11,31.97,1783.7,1572,3,4962
25478,draftkings,classic,1531,20.26,40.26,101.31,0,0.06,32.34,1733.9,1535,2,4961
25478,draftkings,classic,2712,20.19,40.19,100.95,0.02,0.19,24.28,2235.5,2128,1,5000
25478,draftkings,classic,3678,20.17,40.17,100.86,0,0.14,26.79,2109.1,1969,3,5000
25478,draftkings,classic,1083,20.15,40.15,100.76,0.01,0.12,24.24,2135.1,2030,1,4993
25478,draftkings,classic,2301,20.13,40.13,100.66,0,0.1,28.64,1929,1740,2,4982
25478,draftkings,classic,4164,20.11,40.11,100.54,0,0.05,32.65,1848.2,1621,6,4988
25478,draftkings,classic,1574,20.08,40.08,100.4,0,0.13,32.12,1756.6,1561,3,4973
25478,draftkings,classic,1570,20.05,40.05,100.24,0,0.04,34.94,1780.1,1537,4,4988
25478,draftkings,classic,218,20.04,40.04,100.18,0.01,0.07,31.56,1784.4,1605,1,4979
25478,draftkings,classic,4134,20,40,100,0.01,0.06,26.91,2100.7,1914,1,5001
25478,draftkings,classic,4541,19.9,39.9,99.49,0,0.05,30.26,1891.8,1701,2,4992
25478,draftkings,classic,3223,19.9,39.9,99.49,0,0.07,30.69,1920.6,1716,2,5001
25478,draftkings,classic,3934,19.87,39.87,99.33,0,0.09,30.65,1800.1,1625,2,4986
25478,draftkings,classic,1154,19.85,39.85,99.24,0.01,0.1,28.66,1887.9,1716,1,4997
25478,draftkings,classic,1514,19.84,39.84,99.22,0.01,0.09,30.12,1781.8,1611,1,4930
25478,draftkings,classic,64,19.77,39.77,98.85,0,0.12,30.43,1814.2,1651,2,4967
25478,draftkings,classic,4859,19.7,39.7,98.52,0.01,0.09,29.41,1908.3,1727,1,4997
25478,draftkings,classic,1400,19.67,39.67,98.34,0,0.05,33.51,1689.1,1489,2,4931
25478,draftkings,classic,3341,19.64,39.64,98.21,0.01,0.08,28.29,1958,1767,1,4995
25478,draftkings,classic,2134,19.63,39.63,98.15,0,0.04,33.53,1784.4,1546,4,4990
25478,draftkings,classic,3241,19.63,39.63,98.14,0,0.06,33.4,1675.3,1483,3,4968
25478,draftkings,classic,683,19.59,39.59,97.97,0.01,0.06,30.83,1824.2,1626,1,4984
25478,draftkings,classic,3540,19.57,39.57,97.87,0.01,0.09,29.92,1951.9,1780,1,4969
25478,draftkings,classic,566,19.57,39.57,97.87,0.01,0.13,27.41,2006.5,1874,1,4996
25478,draftkings,classic,2650,19.44,39.44,97.19,0,0.14,26.11,2155.4,2004,2,4999
25478,draftkings,classic,1851,19.42,39.42,97.09,0.02,0.16,25.48,2052.6,1915,1,4996
25478,draftkings,classic,1411,19.42,39.42,97.1,0.01,0.1,28.04,1966.8,1804,1,4988
25478,draftkings,classic,1088,19.4,39.4,96.98,0.01,0.21,21.72,2323.6,2270,1,5001
25478,draftkings,classic,3266,19.4,39.4,97.01,0.01,0.09,28.5,1954.9,1764,1,4996
25478,draftkings,classic,3745,19.39,39.39,96.95,0,0.05,32.39,1783.7,1565,4,4989
25478,draftkings,classic,2190,19.37,39.37,96.87,0,0.1,29.45,1956.8,1753,2,4993
25478,draftkings,classic,3505,19.34,39.34,96.68,0.01,0.06,30.34,1918.9,1725,1,4999
25478,draftkings,classic,2002,19.31,39.31,96.56,0.01,0.06,28.06,2012.1,1855,1,4993
25478,draftkings,classic,1139,19.29,39.29,96.46,0.01,0.11,27.68,1943.1,1798,1,4984
25478,draftkings,classic,1817,19.28,39.28,96.39,0.01,0.14,25.29,2043.2,1896,1,4992
25478,draftkings,classic,3338,19.24,39.24,96.22,0,0.08,30.19,1862.5,1674,3,4975
25478,draftkings,classic,2359,19.2,39.2,96.02,0,0.01,33.76,1823.3,1592,10,4997
25478,draftkings,classic,3938,19.2,39.2,95.99,0,0.07,31.94,1781.1,1578,2,4951
25478,draftkings,classic,2915,19.19,39.19,95.97,0.01,0.13,27.38,2114.7,1950,1,4997
25478,draftkings,classic,2878,19.17,39.17,95.87,0.01,0.13,28.67,1965.9,1776,1,4966
25478,draftkings,classic,1379,19.06,39.06,95.32,0.01,0.05,29.8,1899,1704,1,4996
25478,draftkings,classic,4342,19.02,39.02,95.12,0.01,0.06,29.02,1933.3,1741,1,4981
25478,draftkings,classic,4147,19,39,95,0,0.11,28.47,1894.3,1723,2,4967
25478,draftkings,classic,4763,18.96,38.96,94.8,0,0.06,32.95,1698.8,1513,3,4927
25478,draftkings,classic,3790,18.95,38.95,94.74,0,0.25,25.79,2140.3,2002,2,4998
25478,draftkings,classic,1276,18.94,38.94,94.7,0.01,0.09,27.28,1978.2,1829,1,4994
25478,draftkings,classic,4795,18.92,38.92,94.62,0,0.12,26.32,2092.1,1953,2,5000
25478,draftkings,classic,2790,18.87,38.87,94.36,0.02,0.11,26.21,2030.7,1875,1,4994
25478,draftkings,classic,4217,18.84,38.84,94.19,0,0.05,31.64,1785.1,1584,3,4923
25478,draftkings,classic,2641,18.83,38.83,94.13,0.01,0.14,26.08,2049.7,1895,1,4992
25478,draftkings,classic,143,18.79,38.79,93.95,0.01,0.12,26.64,2016.9,1853,1,4989
25478,draftkings,classic,4992,18.74,38.74,93.68,0,0.03,33.31,1698.6,1491,3,4986
25478,draftkings,classic,2238,18.63,38.63,93.16,0,0.06,31.02,1788.7,1622,2,4977
25478,draftkings,classic,3689,18.59,38.59,92.93,0,0.03,30.79,1954.1,1747,3,4996
25478,draftkings,classic,2044,18.58,38.58,92.92,0,0.01,35.08,1694.8,1453,6,4954
25478,draftkings,classic,1790,18.56,38.56,92.79,0.01,0.18,22.19,2338.9,2264,1,4992
25478,draftkings,classic,1832,18.53,38.53,92.64,0,0.06,32.07,1736.9,1545,4,4923
25478,draftkings,classic,2739,18.51,38.51,92.57,0,0.08,31.36,1855.4,1665,7,4986
25478,draftkings,classic,4947,18.43,38.43,92.15,0,0.03,32.76,1859,1630,8,4988
25478,draftkings,classic,1146,18.39,38.38,91.93,0,0.16,25.14,2170.3,2038,2,4998
25478,draftkings,classic,151,18.38,38.38,91.9,0,0.03,32.28,1841.3,1630,5,4980
25478,draftkings,classic,4586,18.35,38.35,91.76,0.01,0.05,29.48,1914.8,1741,1,4982
25478,draftkings,classic,3965,18.34,38.34,91.72,0,0.09,28.37,1955.2,1795,2,4984
25478,draftkings,classic,4574,18.34,38.34,91.7,0,0.07,29.54,1979.6,1798,2,4999
25478,draftkings,classic,3390,18.34,38.34,91.68,0,0.09,28.34,2031.6,1853,2,4994
25478,draftkings,classic,3873,18.32,38.33,91.62,0,0.13,29.49,1871.2,1699,3,4958
25478,draftkings,classic,432,18.29,38.29,91.45,0,0.1,26.87,2080.7,1928,2,4991
25478,draftkings,classic,1054,18.28,38.28,91.42,0.01,0.15,23.2,2248.8,2152,1,5001
25478,draftkings,classic,3544,18.21,38.21,91.06,0,0.08,29.39,2009.8,1806,2,4997
25478,draftkings,classic,2096,18.17,38.17,90.86,0.01,0.06,28.64,1938.9,1754,1,4993
25478,draftkings,classic,3008,18.16,38.16,90.79,0,0.06,33.82,1612,1437,4,4869
25478,draftkings,classic,787,18.12,38.12,90.58,0,0.11,24.77,2273.8,2183,2,4997
25478,draftkings,classic,4300,18.12,38.12,90.6,0,0.11,29.93,1931.8,1730,3,4975
25478,draftkings,classic,3156,18.06,38.06,90.3,0,0.06,29.24,1867.4,1702,2,4980
25478,draftkings,classic,2157,18.05,38.05,90.23,0,0.08,30.46,1967,1771,5,4995
25478,draftkings,classic,2145,18,38,90.01,0,0.05,34.71,1627.9,1441,7,4966
25478,draftkings,classic,3518,17.92,37.92,89.57,0,0.06,30.92,1806.5,1627,4,4994
25478,draftkings,classic,807,17.86,37.86,89.31,0.01,0.12,27.22,1993,1819,1,4992
25478,draftkings,classic,2357,17.8,37.8,89,0,0.04,31.19,1783,1576,2,4959
25478,draftkings,classic,4743,17.78,37.78,88.9,0,0.09,28.62,1921,1747,3,4991
25478,draftkings,classic,2309,17.78,37.78,88.92,0,0.19,22.43,2395.2,2319,2,5001
25478,draftkings,classic,505,17.74,37.74,88.68,0,0.11,28.59,1946.6,1759,3,4998
25478,draftkings,classic,304,17.74,37.74,88.7,0,0,33.47,1824.9,1583,12,4978
25478,draftkings,classic,443,17.66,37.66,88.3,0.01,0.05,28.42,2032.9,1890,1,4996
25478,draftkings,classic,1332,17.56,37.56,87.79,0.01,0.08,27.5,1901.6,1751,1,4984
25478,draftkings,classic,3683,17.56,37.56,87.8,0,0.08,29.53,1948.4,1772,3,4978
25478,draftkings,classic,2573,17.51,37.51,87.53,0,0.08,31.18,1849.6,1631,3,4972
25478,draftkings,classic,95,17.5,37.5,87.52,0,0.17,24.94,2079.6,1961,2,4989
25478,draftkings,classic,144,17.48,37.48,87.4,0,0.03,31.44,1928.6,1708,3,4990
25478,draftkings,classic,3031,17.46,37.46,87.32,0,0.02,33.9,1681.5,1467,7,4954
25478,draftkings,classic,4799,17.45,37.45,87.27,0.02,0.09,25.28,2134,1992,1,4985
25478,draftkings,classic,59,17.44,37.44,87.2,0,0.04,33.05,1696.5,1494,4,4964
25478,draftkings,classic,3238,17.43,37.43,87.13,0.02,0.07,25.27,2171.8,2062,1,4999
25478,draftkings,classic,3879,17.42,37.42,87.09,0.01,0.05,28.18,1999,1807,1,4991
25478,draftkings,classic,3721,17.42,37.42,87.11,0,0.06,32.81,1713.1,1509,7,4982
25478,draftkings,classic,4296,17.37,37.37,86.87,0,0.1,27.19,2136.1,1970,4,4991
25478,draftkings,classic,1476,17.36,37.36,86.8,0,0.06,32.42,1770.4,1556,6,4986
25478,draftkings,classic,3878,17.35,37.35,86.75,0,0.05,32.81,1700.5,1521,6,4939
25478,draftkings,classic,868,17.28,37.28,86.42,0,0.04,31.1,1779.7,1615,3,4967
25478,draftkings,classic,2024,17.27,37.28,86.37,0.01,0.19,20.89,2328.4,2273,1,5001
25478,draftkings,classic,3723,17.24,37.24,86.21,0,0.07,31.06,1873.5,1676,5,4971
25478,draftkings,classic,1582,17.23,37.22,86.12,0.01,0.14,27.34,1916.3,1758,1,4970
25478,draftkings,classic,2833,17.18,37.18,85.91,0,0.14,25.66,2205.2,2083,3,5001
25478,draftkings,classic,3612,17.18,37.18,85.88,0.01,0.09,26.23,2061.6,1926,1,4997
25478,draftkings,classic,2589,17.1,37.1,85.51,0,0.09,29.33,1818.1,1646,3,4997
25478,draftkings,classic,3735,17.07,37.07,85.35,0,0.03,33.32,1650.4,1471,6,4965
25478,draftkings,classic,1576,17.06,37.06,85.29,0.01,0.11,26.73,1987.2,1837,1,4999
25478,draftkings,classic,4595,17.04,37.04,85.21,0.02,0.11,25.92,2051.2,1909,1,5000
25478,draftkings,classic,4931,16.99,36.99,84.97,0.01,0.13,24.39,2209.9,2103,1,4995
25478,draftkings,classic,1767,16.92,36.92,84.59,0.01,0.07,27.47,1920.3,1782,1,4990
25478,draftkings,classic,4905,16.9,36.9,84.51,0.01,0.1,26.67,2071,1903,1,4996
25478,draftkings,classic,4872,16.88,36.88,84.38,0,0.02,32.44,1654.4,1491,3,4931
25478,draftkings,classic,3600,16.87,36.87,84.37,0.02,0.1,23.59,2132.5,2008,1,4992
25478,draftkings,classic,4801,16.86,36.86,84.32,0,0.07,29.23,2017.5,1821,5,4993
25478,draftkings,classic,2286,16.74,36.74,83.68,0,0.08,25.8,2157.8,2036,2,4995
25478,draftkings,classic,4475,16.74,36.74,83.7,0,0.06,27.96,1959.3,1798,2,4989
25478,draftkings,classic,654,16.69,36.69,83.44,0,0.06,30.28,1896.4,1706,3,4977
25478,draftkings,classic,4597,16.64,36.64,83.2,0,0.08,27.82,2139.6,1978,4,4995
25478,draftkings,classic,4379,16.61,36.62,83.07,0,0.01,33.47,1660.1,1465,7,4955
25478,draftkings,classic,365,16.53,36.53,82.66,0,0.05,29.54,1910.5,1730,3,4999
25478,draftkings,classic,1938,16.51,36.51,82.55,0.01,0.11,26.43,1987.7,1836,1,5001
25478,draftkings,classic,135,16.5,36.5,82.52,0,0.05,29.93,1911.3,1718,4,4989
25478,draftkings,classic,3788,16.5,36.5,82.51,0,0.02,33.08,1789.8,1575,10,4987
25478,draftkings,classic,1935,16.48,36.48,82.39,0.01,0.13,23.31,2231.6,2131,1,5000
25478,draftkings,classic,4937,16.47,36.47,82.33,0.02,0.1,23.41,2236.6,2142,1,4999
25478,draftkings,classic,4982,16.44,36.44,82.21,0,0.1,27.3,1964.9,1798,2,4997
25478,draftkings,classic,2236,16.42,36.42,82.1,0,0.04,31.55,1909.5,1673,5,4995
25478,draftkings,classic,26,16.42,36.42,82.08,0.01,0.08,27.17,1921,1766,1,4996
25478,draftkings,classic,2587,16.42,36.42,82.12,0,0.18,23.92,2170.1,2059,2,4998
25478,draftkings,classic,4398,16.39,36.39,81.94,0,0.13,25.79,2020.4,1871,2,4990
25478,draftkings,classic,1591,16.37,36.37,81.83,0,0.03,31.04,1829.9,1619,3,5000
25478,draftkings,classic,2831,16.35,36.35,81.74,0,0.07,29.31,2018.7,1826,5,4997
25478,draftkings,classic,4444,16.34,36.34,81.68,0.01,0.04,28.7,1999,1804,1,4990
25478,draftkings,classic,549,16.31,36.31,81.53,0,0.09,26.16,2115.5,1948,2,5000
25478,draftkings,classic,467,16.29,36.29,81.46,0.01,0.06,28.41,1901.4,1756,1,4998
25478,draftkings,classic,464,16.28,36.28,81.42,0,0.02,31.9,1875.1,1657,8,4985
25478,draftkings,classic,1277,16.24,36.24,81.23,0.01,0.06,27.92,1931.2,1764,1,4981
25478,draftkings,classic,2756,16.18,36.18,80.91,0,0.08,29.3,1939.6,1759,5,4988
25478,draftkings,classic,237,16.18,36.18,80.92,0,0.05,31.67,1798.7,1594,6,4974
25478,draftkings,classic,4829,16.15,36.15,80.76,0,0.05,30.64,1852.8,1670,2,4991
25478,draftkings,classic,310,16.14,36.14,80.69,0,0.08,28.21,1929.9,1755,3,4984
25478,draftkings,classic,2881,16.13,36.13,80.63,0,0.09,28.02,1927.4,1766,3,5000
25478,draftkings,classic,4190,16.12,36.12,80.59,0.01,0.05,27.62,1904.1,1731,1,4997
25478,draftkings,classic,4352,16.1,36.1,80.5,0.02,0.1,23.62,2245.3,2134,1,5000
25478,draftkings,classic,113,16.1,36.1,80.5,0.01,0.07,29.52,1812.7,1648,1,4968
25478,draftkings,classic,4271,16.1,36.1,80.5,0,0.01,29.04,2150.1,1930,8,5000
25478,draftkings,classic,4802,16.06,36.06,80.32,0,0.05,30.58,1750.9,1569,3,4989
25478,draftkings,classic,2668,16.03,36.03,80.15,0.01,0.08,26.21,2048.1,1908,1,4992
25478,draftkings,classic,1326,16.01,36.01,80.04,0.01,0.07,29.31,1895.4,1712,1,4952
25478,draftkings,classic,2776,16,36,80,0,0.04,29.71,1899.4,1708,2,4990
25478,draftkings,classic,2988,15.99,35.99,79.95,0,0.08,29.33,1937.4,1753,5,4994
25478,draftkings,classic,1027,15.96,35.96,79.8,0.01,0.06,25.6,2085.1,1945,1,4994
25478,draftkings,classic,2638,15.96,35.96,79.82,0,0.02,30.72,1796.5,1608,3,4997
25478,draftkings,classic,2244,15.96,35.96,79.82,0,0.03,29.42,1880.4,1689,2,4993
25478,draftkings,classic,2754,15.95,35.95,79.74,0.01,0.04,27.33,1971.1,1817,1,4981
25478,draftkings,classic,1741,15.89,35.89,79.44,0.01,0.08,26.07,1973.1,1831,1,4977
25478,draftkings,classic,1697,15.88,35.88,79.38,0.02,0.06,25.43,2025.6,1896,1,4997
25478,draftkings,classic,1336,15.87,35.87,79.34,0,0.07,29.2,1883.7,1707,2,4991
25478,draftkings,classic,4348,15.85,35.85,79.26,0,0.11,27.25,1906.9,1762,2,4961
25478,draftkings,classic,651,15.81,35.81,79.04,0,0.07,28.84,1936.8,1742,3,4987
25478,draftkings,classic,2865,15.81,35.81,79.07,0,0.1,27.86,1983.8,1826,3,5001
25478,draftkings,classic,3676,15.8,35.8,79.01,0.01,0.07,26.39,1995.1,1833,1,4983
25478,draftkings,classic,4026,15.68,35.67,78.38,0.01,0.09,24.23,2221.2,2097,1,5001
25478,draftkings,classic,3351,15.66,35.66,78.32,0,0.02,31.92,1806.7,1579,6,4979
25478,draftkings,classic,856,15.64,35.64,78.22,0,0.02,30.59,1837,1653,4,4987
25478,draftkings,classic,1550,15.64,35.64,78.2,0.01,0.12,23.16,2215.6,2109,1,5000
25478,draftkings,classic,3919,15.62,35.62,78.1,0,0.06,30.6,1817.7,1610,4,4981
25478,draftkings,classic,3918,15.59,35.59,77.95,0,0.08,28.95,1888,1683,4,4974
25478,draftkings,classic,2680,15.52,35.52,77.58,0.03,0.11,21.19,2345.5,2310,1,4998
25478,draftkings,classic,4759,15.48,35.48,77.42,0,0.1,25.84,1996.3,1878,2,4983
25478,draftkings,classic,3711,15.42,35.42,77.1,0,0.06,29.67,1799.9,1631,2,4960
25478,draftkings,classic,4269,15.34,35.34,76.68,0.02,0.08,25.79,2007.1,1871,1,4957
25478,draftkings,classic,3858,15.33,35.33,76.65,0.01,0.09,24.7,2152.1,2048,1,4998
25478,draftkings,classic,4839,15.33,35.33,76.67,0,0.03,32.08,1740.8,1527,7,4970
25478,draftkings,classic,1599,15.29,35.29,76.44,0,0.09,27.71,2066.4,1885,6,5001
25478,draftkings,classic,4679,15.26,35.26,76.3,0,0.1,27.19,2075.2,1921,4,4996
25478,draftkings,classic,3,15.25,35.25,76.26,0.01,0.06,25.77,1961.1,1827,1,4966
25478,draftkings,classic,1232,15.22,35.22,76.1,0.01,0.11,23.06,2174.9,2058,1,5001
25478,draftkings,classic,4821,15.19,35.19,75.96,0,0.04,30.33,1825,1635,7,4983
25478,draftkings,classic,2479,15.16,35.16,75.8,0,0.05,31.11,1764.6,1578,3,4947
25478,draftkings,classic,2303,15.1,35.1,75.5,0,0.08,26.9,1910,1743,2,4989
25478,draftkings,classic,4834,15.1,35.1,75.52,0,0.07,29.23,1826.2,1647,2,4986
25478,draftkings,classic,1880,15.08,35.08,75.42,0,0.09,28.28,1875.5,1709,3,4967
25478,draftkings,classic,4897,15.04,35.04,75.22,0,0.07,26.05,2023.3,1884,3,4983
25478,draftkings,classic,462,15.03,35.03,75.16,0,0.09,24.83,2130.8,2002,2,4999
25478,draftkings,classic,337,14.99,34.99,74.94,0,0.05,31.08,1730.8,1555,3,4962
25478,draftkings,classic,2380,14.95,34.95,74.75,0.01,0.12,24.66,2242.2,2133,1,4993
25478,draftkings,classic,4851,14.94,34.94,74.7,0.02,0.09,23.51,2166.3,2057,1,4998
25478,draftkings,classic,1245,14.85,34.85,74.27,0,0.09,29.11,1821.9,1648,4,4943
25478,draftkings,classic,2033,14.85,34.85,74.24,0,0.02,31.05,1881.7,1670,6,4996
25478,draftkings,classic,4280,14.84,34.84,74.19,0.01,0.08,24.28,2183.9,2056,1,4998
25478,draftkings,classic,3161,14.72,34.72,73.6,0.01,0.06,24.55,2223.6,2105,1,4998
25478,draftkings,classic,3294,14.68,34.68,73.38,0,0.04,30.43,1814.6,1639,4,4975
25478,draftkings,classic,4187,14.67,34.67,73.35,0,0.02,30.82,1910.3,1681,7,4999
25478,draftkings,classic,3710,14.65,34.65,73.27,0,0.09,24.93,2218.2,2068,2,5000
25478,draftkings,classic,4665,14.64,34.64,73.2,0.01,0.05,26.74,1962,1801,1,4984
25478,draftkings,classic,4813,14.61,34.61,73.04,0,0.06,26.02,2087.7,1929,2,5000
25478,draftkings,classic,3824,14.56,34.56,72.8,0,0.04,30.64,1758.6,1593,5,4927
25478,draftkings,classic,2375,14.49,34.49,72.43,0,0.04,31.23,1892.6,1673,5,4983
25478,draftkings,classic,1297,14.46,34.46,72.3,0.01,0.07,25.86,2050.4,1919,1,5001
25478,draftkings,classic,3353,14.42,34.42,72.09,0,0.03,28.32,2116.2,1921,4,5000
25478,draftkings,classic,1555,14.42,34.42,72.12,0,0.1,24.09,2174.7,2076,2,5001
25478,draftkings,classic,4496,14.38,34.38,71.9,0,0.02,29.77,1891.5,1672,6,4977
25478,draftkings,classic,2130,14.32,34.32,71.6,0,0.03,29.19,1944.4,1743,2,4994
25478,draftkings,classic,2053,14.26,34.26,71.28,0,0.07,26.84,1972.9,1820,2,4994
25478,draftkings,classic,2916,14.25,34.25,71.24,0,0.04,29.68,1851.8,1667,4,4973
25478,draftkings,classic,415,14.23,34.23,71.13,0,0.05,26.35,1980,1825,2,4997
25478,draftkings,classic,4483,14.2,34.2,71.03,0,0.08,26.91,2140.3,1979,3,5001
25478,draftkings,classic,292,14.2,34.2,71.02,0.01,0.07,25.13,1992.7,1845,1,4992
25478,draftkings,classic,3043,14.19,34.19,70.96,0,0.06,26.96,2046.9,1883,2,4993
25478,draftkings,classic,4773,14.18,34.18,70.9,0,0.11,26.17,1969.7,1836,2,4970
25478,draftkings,classic,3680,14.16,34.16,70.82,0,0.06,27.27,2020.1,1850,2,4994
25478,draftkings,classic,4817,14.11,34.11,70.55,0,0.05,29.2,1932.4,1767,4,4991
25478,draftkings,classic,3452,14.08,34.08,70.4,0,0.06,25.47,2092.3,1952,2,4998
25478,draftkings,classic,2955,14.07,34.07,70.35,0,0.03,31.12,1751.3,1553,7,4990
25478,draftkings,classic,3272,14.05,34.05,70.26,0,0.06,29.12,1849.2,1666,3,4999
25478,draftkings,classic,3447,14.03,34.03,70.14,0,0.09,27.38,1900.4,1741,4,4990
25478,draftkings,classic,1024,13.98,33.98,69.9,0,0.14,23.03,2349.3,2264,3,5000
25478,draftkings,classic,2764,13.97,33.97,69.86,0,0.07,27.1,2002.5,1854,5,4997
25478,draftkings,classic,1168,13.96,33.96,69.78,0,0.08,28.38,1882.5,1730,3,4984
25478,draftkings,classic,1573,13.92,33.92,69.6,0,0.04,28.67,1939.5,1747,4,4993
25478,draftkings,classic,5000,13.91,33.91,69.57,0.01,0.03,27.7,1952.5,1773,1,4975
25478,draftkings,classic,2854,13.89,33.89,69.46,0.01,0.04,25.15,2138.8,1983,1,4992
25478,draftkings,classic,1328,13.87,33.87,69.34,0,0.05,27.67,1996.8,1805,2,4992
25478,draftkings,classic,1207,13.85,33.85,69.27,0,0.02,29.72,1970.8,1769,4,4999
25478,draftkings,classic,3779,13.81,33.81,69.06,0,0.11,25.25,2188.9,2052,3,4995
25478,draftkings,classic,2810,13.81,33.81,69.05,0,0.1,24.63,2175.7,2045,3,4993
25478,draftkings,classic,2319,13.79,33.79,68.95,0.01,0.07,24.29,2156.7,2024,1,4994
25478,draftkings,classic,4706,13.79,33.79,68.95,0,0.05,25.77,2177.5,2028,3,4999
25478,draftkings,classic,4536,13.76,33.76,68.81,0,0.09,26.92,1970.6,1820,4,4997
25478,draftkings,classic,2440,13.72,33.72,68.6,0,0.07,26.67,1950,1798,2,4987
25478,draftkings,classic,3449,13.71,33.71,68.57,0,0.04,28.08,1900.6,1738,2,4990
25478,draftkings,classic,4105,13.7,33.7,68.49,0,0.04,26.94,2118.6,1961,4,4994
25478,draftkings,classic,79,13.7,33.7,68.49,0,0.06,28.5,1856,1702,4,4996
25478,draftkings,classic,4441,13.66,33.66,68.28,0,0.04,28.59,1966.8,1786,8,4990
25478,draftkings,classic,4900,13.63,33.63,68.13,0,0.02,27.8,2057.8,1872,10,4988
25478,draftkings,classic,3582,13.6,33.6,67.99,0,0.03,29.58,1942.8,1743,4,4996
25478,draftkings,classic,2940,13.56,33.56,67.79,0,0.06,27.12,2167.6,2013,7,5001
25478,draftkings,classic,4400,13.51,33.51,67.56,0,0.05,27.89,1861.5,1705,3,4961
25478,draftkings,classic,4590,13.46,33.46,67.32,0.01,0.11,24.74,2035.5,1899,1,4985
25478,draftkings,classic,3148,13.41,33.41,67.04,0,0.07,27.69,1907.2,1739,2,4993
25478,draftkings,classic,212,13.3,33.3,66.47,0,0.07,27.19,1916.5,1757,4,4988
25478,draftkings,classic,1702,13.26,33.26,66.29,0,0.01,29.57,1949.4,1740,7,5000
25478,draftkings,classic,1149,13.25,33.25,66.26,0.01,0.05,25.2,2149.7,2002,1,5001
25478,draftkings,classic,3811,13.24,33.24,66.2,0,0.07,29.35,1846.7,1650,6,4977
25478,draftkings,classic,440,13.24,33.24,66.22,0.01,0.08,22.61,2150.9,2041,1,4997
25478,draftkings,classic,2527,13.23,33.23,66.15,0.01,0.1,25.68,1956.1,1813,1,4979
25478,draftkings,classic,34,13.2,33.2,66.01,0,0.13,23.93,2123.3,2003,2,5000
25478,draftkings,classic,1983,13.15,33.15,65.75,0,0.06,28.08,1898.3,1742,5,4953
25478,draftkings,classic,2905,13.07,33.07,65.34,0,0.05,26.78,1904.8,1750,2,4989
25478,draftkings,classic,193,13.06,33.06,65.3,0,0.01,29.38,2044.9,1828,10,4998
25478,draftkings,classic,2471,13.05,33.05,65.24,0,0.04,28.58,1932.2,1747,5,4992
25478,draftkings,classic,1914,13.05,33.05,65.24,0,0.07,25.53,1968.3,1840,2,4975
25478,draftkings,classic,857,13.03,33.03,65.16,0,0.05,29.2,1817.5,1648,5,4945
25478,draftkings,classic,861,13.01,33.01,65.07,0,0.08,26.16,1944,1795,2,4981
25478,draftkings,classic,517,12.99,32.99,64.93,0,0.07,25.36,2132.3,1991,2,4998
25478,draftkings,classic,2615,12.98,32.98,64.89,0,0.07,25.61,2032,1879,2,4998
25478,draftkings,classic,4430,12.98,32.98,64.88,0,0.09,23.77,2175.9,2060,3,4993
25478,draftkings,classic,2909,12.96,32.96,64.81,0,0.08,24.83,2077.3,1955,2,4979
25478,draftkings,classic,2596,12.9,32.9,64.51,0,0.12,21.31,2341.7,2284,2,4998
25478,draftkings,classic,933,12.79,32.79,63.97,0,0.05,27.8,1835.6,1689,3,4998
25478,draftkings,classic,1731,12.78,32.78,63.88,0,0.1,23.06,2214.1,2123,2,4996
25478,draftkings,classic,2730,12.77,32.77,63.87,0.01,0.09,23.89,2067.6,1967,1,4985
25478,draftkings,classic,12,12.77,32.77,63.87,0.01,0.08,25.05,1964.2,1824,1,4999
25478,draftkings,classic,1630,12.72,32.72,63.58,0.01,0.07,22.06,2341.2,2275,1,4994
25478,draftkings,classic,4843,12.72,32.72,63.62,0.01,0.05,24.51,2214.5,2082,1,4994
25478,draftkings,classic,2510,12.71,32.71,63.53,0,0.08,24.56,2233.4,2113,2,4996
25478,draftkings,classic,2653,12.71,32.71,63.56,0,0.09,25.86,2014.3,1875,2,4981
25478,draftkings,classic,3323,12.7,32.7,63.48,0.01,0.06,22.73,2198.7,2082,1,4997
25478,draftkings,classic,2945,12.66,32.66,63.29,0,0.1,26.7,2010.1,1861,3,4992
25478,draftkings,classic,1944,12.59,32.59,62.97,0,0,29.82,1786.9,1601,13,4968
25478,draftkings,classic,2841,12.58,32.58,62.9,0.02,0.09,22.47,2133,2032,1,4992
25478,draftkings,classic,1968,12.58,32.58,62.93,0,0.05,26.47,2079,1913,7,4990
25478,draftkings,classic,3927,12.51,32.51,62.57,0,0.09,24.39,2104.3,1970,3,4999
25478,draftkings,classic,4562,12.51,32.51,62.55,0,0.01,29.85,1838.1,1650,3,4993
25478,draftkings,classic,4117,12.51,32.51,62.55,0,0.07,25.16,2043.7,1919,2,4985
25478,draftkings,classic,3208,12.41,32.41,62.07,0,0.04,29.49,1785.3,1613,5,4927
25478,draftkings,classic,4060,12.37,32.37,61.85,0,0.02,27.71,1998.6,1805,2,5000
25478,draftkings,classic,1254,12.33,32.33,61.64,0,0.08,28.78,1812.7,1657,4,4967
25478,draftkings,classic,583,12.33,32.33,61.67,0,0.05,26.41,2091.9,1953,3,4993
25478,draftkings,classic,214,12.3,32.3,61.5,0,0.03,28.21,1918.4,1745,2,4989
25478,draftkings,classic,2794,12.28,32.28,61.39,0,0.03,27.95,1869.8,1702,5,4978
25478,draftkings,classic,101,12.25,32.25,61.27,0.01,0.06,24.6,1997.3,1868,1,4961
25478,draftkings,classic,4275,12.25,32.25,61.23,0,0.04,27.78,1986.8,1819,3,4970
25478,draftkings,classic,713,12.24,32.24,61.22,0,0.06,27.7,1913.4,1758,4,4990
25478,draftkings,classic,470,12.18,32.18,60.9,0.01,0.09,23.78,2068.7,1951,1,5000
25478,draftkings,classic,1015,12.15,32.15,60.74,0,0.05,26.64,2077.7,1917,3,4987
25478,draftkings,classic,2524,12.14,32.14,60.68,0,0.05,25.26,2224,2081,4,4990
25478,draftkings,classic,3621,12.08,32.08,60.38,0,0.09,23.8,2235.5,2112,3,4998
25478,draftkings,classic,3590,11.82,31.82,59.12,0,0.05,25.09,2036.7,1877,2,4991
25478,draftkings,classic,4662,11.81,31.81,59.05,0,0.05,28.03,1920,1759,3,4993
25478,draftkings,classic,2484,11.8,31.8,58.98,0,0.02,29.72,1832.1,1663,7,4980
25478,draftkings,classic,4401,11.75,31.75,58.76,0.01,0.04,24.82,2017.5,1883,1,4975
25478,draftkings,classic,1769,11.74,31.74,58.7,0,0.1,21.26,2350.6,2277,2,5000
25478,draftkings,classic,4079,11.71,31.71,58.57,0,0.01,30.26,1745.6,1568,3,4916
25478,draftkings,classic,377,11.66,31.66,58.3,0.01,0.07,22.88,2292.6,2180,1,5001
25478,draftkings,classic,75,11.61,31.61,58.05,0,0.06,25.94,2022.6,1871,3,4984
25478,draftkings,classic,596,11.59,31.59,57.94,0.01,0.06,24.95,2026.5,1889,1,4968
25478,draftkings,classic,3168,11.59,31.59,57.95,0,0.02,30.04,1753.4,1582,7,4982
25478,draftkings,classic,370,11.53,31.53,57.64,0,0.08,22.49,2314.7,2223,4,4998
25478,draftkings,classic,284,11.5,31.5,57.52,0,0.03,26.83,1956.4,1789,3,4985
25478,draftkings,classic,2272,11.5,31.5,57.51,0.01,0.08,22.67,2231.2,2112,1,4994
25478,draftkings,classic,1791,11.46,31.46,57.31,0,0.01,26.94,2128.7,1948,4,5001
25478,draftkings,classic,2640,11.45,31.45,57.24,0.01,0.03,26.81,1854.6,1706,1,4983
25478,draftkings,classic,2052,11.42,31.42,57.12,0,0.08,22.75,2266.1,2147,2,5000
25478,draftkings,classic,2116,11.4,31.4,57,0,0.06,26.6,1939.9,1781,2,4984
25478,draftkings,classic,4290,11.38,31.38,56.88,0,0.04,24.49,2111.8,1959,2,4996
25478,draftkings,classic,3015,11.37,31.37,56.86,0.01,0.05,25.76,1932.1,1793,1,5000
25478,draftkings,classic,2951,11.36,31.36,56.79,0,0.04,26.94,1921.6,1766,2,4997
25478,draftkings,classic,1178,11.35,31.35,56.77,0,0.11,21.49,2236.3,2131,2,4996
25478,draftkings,classic,4542,11.32,31.32,56.58,0,0.09,26.29,1986.8,1839,4,4994
25478,draftkings,classic,160,11.3,31.3,56.49,0.01,0.02,26.16,1963.4,1797,1,4979
25478,draftkings,classic,1252,11.3,31.3,56.51,0,0,28.51,1880.6,1695,12,4985
25478,draftkings,classic,4254,11.26,31.26,56.32,0,0.03,25.99,2129,1980,8,4998
25478,draftkings,classic,4196,11.25,31.25,56.26,0,0.02,28.48,1869.5,1677,6,4963
25478,draftkings,classic,2195,11.23,31.23,56.13,0,0.08,24.55,2076.2,1945,2,4999
25478,draftkings,classic,3782,11.22,31.22,56.11,0,0.07,25.69,2103.5,1965,5,4992
25478,draftkings,classic,4113,11.21,31.21,56.06,0,0.04,27.87,1869.2,1702,6,4981
25478,draftkings,classic,685,11.21,31.21,56.04,0,0.01,26.42,2159.1,1986,5,4995
25478,draftkings,classic,565,11.16,31.16,55.78,0,0.08,22.07,2255.2,2159,2,4996
25478,draftkings,classic,1331,11.1,31.1,55.53,0,0.03,26.38,1955.1,1784,3,4997
25478,draftkings,classic,4020,11.08,31.08,55.42,0,0.04,25.72,1986.1,1861,2,4990
25478,draftkings,classic,547,11.04,31.04,55.21,0,0.03,26.36,1978.5,1839,4,4956
25478,draftkings,classic,4423,11.02,31.02,55.1,0,0.02,29.19,1778.2,1614,4,4919
25478,draftkings,classic,780,10.98,30.98,54.92,0,0.01,28.47,1869.8,1680,6,4978
25478,draftkings,classic,1218,10.98,30.98,54.9,0,0.07,25.99,2018.3,1865,3,4984
25478,draftkings,classic,1788,10.96,30.96,54.81,0,0.06,25.83,2076.9,1959,5,4998
25478,draftkings,classic,1307,10.95,30.95,54.77,0,0.01,29.77,1815.1,1603,6,4985
25478,draftkings,classic,2406,10.94,30.94,54.69,0,0.14,21.43,2309.7,2224,4,4999
25478,draftkings,classic,490,10.93,30.93,54.64,0,0.03,26.46,2132.9,1958,6,4991
25478,draftkings,classic,4100,10.92,30.92,54.6,0,0.12,20.74,2456.8,2403,2,5001
25478,draftkings,classic,541,10.9,30.9,54.52,0,0.01,28.07,1983.1,1806,8,4990
25478,draftkings,classic,489,10.86,30.86,54.32,0,0.05,25.77,1976.9,1822,3,4972
25478,draftkings,classic,2382,10.86,30.86,54.3,0,0,27.77,2072.4,1895,11,4992
25478,draftkings,classic,4705,10.86,30.86,54.3,0,0.05,25.01,2073.3,1916,2,4996
25478,draftkings,classic,3995,10.82,30.82,54.08,0,0.03,27.78,1868.4,1698,5,4968
25478,draftkings,classic,954,10.82,30.82,54.11,0,0.03,25.7,2136.1,1982,4,4995
25478,draftkings,classic,3924,10.82,30.82,54.12,0.01,0.03,26.13,1910.8,1758,1,4960
25478,draftkings,classic,1296,10.81,30.81,54.04,0,0.02,26.63,1925.7,1789,2,4966
25478,draftkings,classic,3146,10.8,30.8,53.99,0.01,0.03,25.73,1990.9,1832,1,4992
25478,draftkings,classic,829,10.8,30.8,54,0,0.07,24.83,2008,1882,3,4985
25478,draftkings,classic,4525,10.78,30.78,53.92,0,0.01,29.97,1731.4,1574,9,4945
25478,draftkings,classic,336,10.75,30.75,53.73,0.01,0.05,24.65,2066.8,1928,1,4993
25478,draftkings,classic,2894,10.7,30.7,53.49,0.02,0.05,21.93,2174.3,2089,1,4997
25478,draftkings,classic,17,10.67,30.67,53.37,0.01,0.09,22.66,2222.2,2113,1,4995
25478,draftkings,classic,1835,10.6,30.6,53.01,0,0.02,27.65,2014.6,1831,7,5001
25478,draftkings,classic,4236,10.53,30.53,52.64,0,0.1,22.67,2190.4,2089,2,4999
25478,draftkings,classic,2027,10.51,30.51,52.54,0,0.05,25.58,2050.2,1909,4,4996
25478,draftkings,classic,4797,10.5,30.5,52.48,0,0.06,23.55,2231.9,2139,2,4994
25478,draftkings,classic,1689,10.48,30.48,52.39,0.01,0.05,23.64,2129.4,2004,1,4997
25478,draftkings,classic,4471,10.47,30.47,52.36,0.01,0.06,24.79,2032.7,1889,1,4975
25478,draftkings,classic,3551,10.38,30.38,51.89,0,0.05,23.07,2170.3,2053,2,4997
25478,draftkings,classic,4004,10.35,30.35,51.74,0,0,28.7,1958.2,1745,19,4991
25478,draftkings,classic,1771,10.35,30.35,51.75,0.02,0.04,21.81,2263,2164,1,5001
25478,draftkings,classic,4469,10.34,30.34,51.69,0,0.06,23.56,2187.1,2064,3,4988
25478,draftkings,classic,262,10.34,30.34,51.68,0,0.08,25.67,2012.5,1870,4,4990
25478,draftkings,classic,2824,10.34,30.34,51.7,0.01,0.05,23.98,2005,1875,1,4984
25478,draftkings,classic,3237,10.32,30.32,51.6,0.01,0.07,24.51,2012,1872,1,4985
25478,draftkings,classic,2715,10.32,30.32,51.62,0,0.02,26.23,2015.6,1865,4,4991
25478,draftkings,classic,3961,10.32,30.32,51.58,0,0.06,24.66,2201.9,2054,5,4999
25478,draftkings,classic,4629,10.3,30.3,51.51,0,0.02,28.41,1844,1657,4,4972
25478,draftkings,classic,1797,10.28,30.28,51.42,0.01,0.11,21.12,2192.6,2116,1,4983
25478,draftkings,classic,4049,10.27,30.27,51.36,0,0.05,25.81,2000.1,1847,5,4993
25478,draftkings,classic,2788,10.18,30.18,50.92,0,0.07,25.64,1997.6,1856,5,4970
25478,draftkings,classic,182,10.15,30.15,50.75,0,0.05,26.41,2021.2,1864,6,4982
25478,draftkings,classic,1495,10.15,30.15,50.76,0,0.08,22.53,2115.8,2030,2,4992
25478,draftkings,classic,1615,10.09,30.09,50.44,0.01,0.03,23.38,2234.5,2108,1,4994
25478,draftkings,classic,4426,10.08,30.08,50.38,0,0.02,26.46,1994.9,1833,5,4999
25478,draftkings,classic,2676,10.06,30.06,50.3,0,0.07,23.98,2178.7,2056,2,4998
25478,draftkings,classic,2179,10.04,30.04,50.18,0.01,0.07,23.11,2174.4,2044,1,4995
25478,draftkings,classic,1474,10.04,30.04,50.2,0.01,0.05,23.04,2087.4,1962,1,4999
25478,draftkings,classic,3429,10.01,30.01,50.05,0.02,0.06,21.11,2225.5,2149,1,4997
25478,draftkings,classic,659,10.01,30.01,50.04,0,0.05,27.29,1877.9,1715,3,4981
25478,draftkings,classic,820,9.97,29.97,49.83,0,0.05,25.88,1915.5,1791,3,4978
25478,draftkings,classic,1762,9.96,29.96,49.82,0,0.02,28.63,1760.6,1594,8,4919
25478,draftkings,classic,2364,9.95,29.95,49.73,0,0.04,25.3,2090.1,1963,7,4996
25478,draftkings,classic,1200,9.95,29.95,49.77,0.01,0.09,20,2460.2,2431,1,5000
25478,draftkings,classic,588,9.94,29.94,49.68,0.01,0.08,21.8,2323,2250,1,5000
25478,draftkings,classic,1738,9.94,29.94,49.68,0,0.02,28.24,1874.3,1700,7,4979
25478,draftkings,classic,4374,9.89,29.89,49.43,0,0.02,28.22,1836.4,1688,7,4963
25478,draftkings,classic,2285,9.85,29.85,49.23,0,0.03,26.41,1933.5,1767,3,4988
25478,draftkings,classic,4210,9.77,29.77,48.84,0,0.11,24.5,2060.1,1917,4,4992
25478,draftkings,classic,3759,9.76,29.76,48.8,0,0.05,24.34,2083.8,1929,2,4989
25478,draftkings,classic,1992,9.75,29.75,48.74,0,0.02,25.87,2066.5,1928,9,4978
25478,draftkings,classic,4276,9.72,29.72,48.58,0,0.04,23.72,2172.6,2025,2,4999
25478,draftkings,classic,4024,9.72,29.72,48.58,0,0.05,26.39,1941.8,1768,6,4970
25478,draftkings,classic,646,9.71,29.71,48.55,0.01,0.09,19.66,2374.1,2315,1,4999
25478,draftkings,classic,4565,9.68,29.68,48.42,0,0.02,23.63,2326.9,2241,4,4997
25478,draftkings,classic,2226,9.66,29.66,48.3,0,0.01,28.95,1824.7,1632,5,4967
25478,draftkings,classic,4674,9.66,29.66,48.31,0,0,29.37,1822,1629,12,4999
25478,draftkings,classic,4163,9.66,29.66,48.28,0,0.05,24.87,1990.5,1840,5,4989
25478,draftkings,classic,2447,9.66,29.66,48.32,0,0.09,24.87,2036.6,1898,4,4984
25478,draftkings,classic,138,9.65,29.65,48.26,0,0.03,24.17,2169.1,2028,4,5001
25478,draftkings,classic,3668,9.63,29.63,48.16,0,0.1,23.08,2083.6,1958,2,4971
25478,draftkings,classic,2530,9.61,29.61,48.04,0,0.04,26.56,1915.2,1768,6,4984
25478,draftkings,classic,244,9.59,29.59,47.96,0,0,27.31,2006.4,1825,11,4993
25478,draftkings,classic,4964,9.58,29.58,47.9,0,0.01,26.49,1878.7,1726,2,4983
25478,draftkings,classic,2765,9.53,29.53,47.66,0,0.07,24.23,2054.5,1922,4,4984
25478,draftkings,classic,4631,9.52,29.52,47.61,0,0.11,22.27,2208.4,2107,3,4998
25478,draftkings,classic,4620,9.51,29.51,47.57,0,0.07,25.34,2015.7,1881,5,4998
25478,draftkings,classic,3923,9.46,29.46,47.32,0,0.06,22.97,2125,2023,3,4994
25478,draftkings,classic,3857,9.44,29.44,47.21,0,0.04,24.46,2019.1,1888,3,4988
25478,draftkings,classic,1137,9.43,29.43,47.17,0.01,0.03,23.09,2129.3,2024,1,4994
25478,draftkings,classic,3013,9.33,29.33,46.67,0,0.02,25.43,2060.7,1917,3,4988
25478,draftkings,classic,4750,9.28,29.28,46.38,0.02,0.06,19.65,2477.7,2441,1,5001
25478,draftkings,classic,3813,9.27,29.27,46.36,0.01,0.04,24.14,2089.4,1954,1,4975
25478,draftkings,classic,2390,9.26,29.26,46.3,0,0.02,26.72,1941.3,1778,5,4958
25478,draftkings,classic,2964,9.2,29.2,45.99,0,0.02,25.95,1989.1,1859,8,4969
25478,draftkings,classic,3193,9.2,29.2,45.98,0,0,27.95,1988.2,1799,14,4991
25478,draftkings,classic,806,9.16,29.16,45.8,0.02,0.15,17.71,2515.1,2499,1,5000
25478,draftkings,classic,3685,9.15,29.16,45.78,0,0.06,26.5,1892,1772,3,4983
25478,draftkings,classic,4583,9.15,29.15,45.73,0,0.04,24.24,2147,2006,2,4999
25478,draftkings,classic,1202,9.14,29.14,45.72,0,0.07,22.19,2232.8,2149,2,4986
25478,draftkings,classic,3803,9.09,29.09,45.45,0,0.04,23.88,2241.2,2109,4,5001
25478,draftkings,classic,2429,9.08,29.08,45.42,0,0.02,26.88,1964.1,1799,2,4971
25478,draftkings,classic,4298,9.02,29.02,45.12,0,0.05,25.35,2008.7,1857,4,4995
25478,draftkings,classic,3173,8.98,28.98,44.89,0.02,0.05,20.73,2245.1,2169,1,4997
25478,draftkings,classic,2138,8.95,28.95,44.76,0,0.02,25.34,2015.2,1851,2,4983
25478,draftkings,classic,4663,8.93,28.93,44.64,0,0.05,24.79,2056.7,1887,3,4977
25478,draftkings,classic,2512,8.92,28.92,44.6,0,0.04,24.16,2091.6,1962,2,4986
25478,draftkings,classic,4437,8.88,28.88,44.4,0,0.05,23.56,2194.3,2081,4,4999
25478,draftkings,classic,3315,8.83,28.83,44.13,0,0.04,23.7,2194,2051,2,4991
25478,draftkings,classic,2847,8.8,28.8,44.02,0,0.09,23.98,2044,1911,3,4991
25478,draftkings,classic,809,8.75,28.75,43.74,0,0.08,23.3,2132.8,2011,4,4993
25478,draftkings,classic,4561,8.74,28.74,43.7,0,0.04,24.46,2045.3,1893,4,5000
25478,draftkings,classic,1929,8.74,28.74,43.72,0,0.11,19.76,2430.4,2384,3,5001
25478,draftkings,classic,736,8.73,28.73,43.66,0,0.01,24.49,2172.6,2026,10,4999
25478,draftkings,classic,1646,8.71,28.71,43.54,0,0.01,26.67,2017.8,1824,10,4995
25478,draftkings,classic,1019,8.67,28.67,43.33,0,0.07,23.44,2130.5,2047,5,4986
25478,draftkings,classic,3795,8.64,28.64,43.19,0.01,0.08,20.34,2269.6,2194,1,4994
25478,draftkings,classic,1294,8.6,28.6,43,0,0,26.61,1984.5,1821,11,4982
25478,draftkings,classic,4880,8.59,28.59,42.96,0,0.07,23.36,2066.1,1957,2,4988
25478,draftkings,classic,3361,8.58,28.58,42.92,0,0.05,23.81,2109.3,1993,4,4991
25478,draftkings,classic,2796,8.55,28.55,42.76,0,0.06,23.99,2117.5,1988,3,4987
25478,draftkings,classic,837,8.55,28.55,42.76,0,0.02,25.24,1994.1,1857,4,4966
25478,draftkings,classic,2970,8.52,28.52,42.59,0,0.02,25.39,2039.5,1889,3,5000
25478,draftkings,classic,2851,8.52,28.52,42.58,0,0.03,26.45,1861.5,1719,5,4991
25478,draftkings,classic,3852,8.52,28.52,42.58,0,0.02,24.4,2205.4,2092,5,4986
25478,draftkings,classic,4616,8.51,28.51,42.55,0,0.06,21,2249.1,2160,2,4999
25478,draftkings,classic,4895,8.51,28.51,42.53,0,0.07,21.8,2326.1,2226,2,5001
25478,draftkings,classic,316,8.49,28.5,42.47,0,0.04,23.29,2145.5,2052,3,5001
25478,draftkings,classic,4377,8.49,28.49,42.45,0,0.03,23.05,2261.5,2151,3,4997
25478,draftkings,classic,725,8.45,28.45,42.24,0,0.01,25.51,2086.8,1926,9,4988
25478,draftkings,classic,1579,8.36,28.36,41.79,0,0.01,26.34,1959.6,1779,7,4978
25478,draftkings,classic,2385,8.35,28.35,41.75,0,0.03,23.6,2144.4,2023,3,4991
25478,draftkings,classic,2088,8.31,28.31,41.55,0,0.03,25.43,1963.2,1821,7,5000
25478,draftkings,classic,3246,8.26,28.26,41.28,0,0.06,21.71,2298.3,2197,4,5001
25478,draftkings,classic,2103,8.24,28.24,41.2,0,0.03,24.56,2054.1,1926,4,4990
25478,draftkings,classic,4219,8.23,28.23,41.13,0,0.05,22.45,2139.8,2042,2,5000
25478,draftkings,classic,1696,8.22,28.22,41.12,0,0.03,25.07,2121.5,1980,6,4994
25478,draftkings,classic,2083,8.2,28.2,41,0,0.04,24.29,2029,1894,4,4988
25478,draftkings,classic,2821,8.18,28.18,40.88,0.01,0.03,24.77,1958.3,1816,1,4995
25478,draftkings,classic,333,8.15,28.15,40.77,0,0.09,20.37,2322,2231,2,4998
25478,draftkings,classic,2521,8.09,28.09,40.45,0.01,0.04,23.41,2051.3,1936,1,4983
25478,draftkings,classic,2376,8.09,28.09,40.45,0.01,0.05,20.19,2254.4,2179,1,4992
25478,draftkings,classic,1363,8.08,28.08,40.39,0.01,0.06,21.66,2225.1,2122,1,4996
25478,draftkings,classic,932,8.04,28.04,40.2,0,0.04,25.36,1944.5,1790,6,4981
25478,draftkings,classic,173,8.04,28.04,40.19,0,0.03,25.2,2011.7,1874,5,4991
25478,draftkings,classic,4320,8,28,40,0,0.04,24.52,2125.1,1981,6,4984
25478,draftkings,classic,1519,7.99,27.99,39.94,0,0.08,23.73,2088.7,1948,4,4993
25478,draftkings,classic,2026,7.99,27.99,39.97,0,0.02,24.98,2007.2,1858,3,4990
25478,draftkings,classic,293,7.98,27.98,39.88,0,0.04,24.24,2031.1,1871,2,4999
25478,draftkings,classic,801,7.94,27.94,39.71,0,0.02,26.31,1945.3,1794,7,4975
25478,draftkings,classic,4073,7.9,27.9,39.5,0,0.09,23.04,2067.9,1960,3,4982
25478,draftkings,classic,48,7.9,27.9,39.5,0,0.04,23.89,2086.5,1954,5,4997
25478,draftkings,classic,4082,7.9,27.9,39.52,0,0.01,24.25,2157,2040,3,4980
25478,draftkings,classic,520,7.9,27.9,39.49,0,0.03,25.04,2015,1878,6,4998
25478,draftkings,classic,2048,7.89,27.89,39.44,0.01,0.04,22.43,2121.2,2005,1,4985
25478,draftkings,classic,4267,7.77,27.77,38.86,0,0,26.31,1914.9,1745,13,4990
25478,draftkings,classic,4787,7.76,27.76,38.78,0.01,0.05,20.76,2345.3,2298,1,4998
25478,draftkings,classic,4176,7.75,27.75,38.76,0,0.05,23.48,2121.4,2011,3,4993
25478,draftkings,classic,4912,7.74,27.74,38.69,0.01,0.03,23.12,2113.4,1978,1,4993
25478,draftkings,classic,3960,7.72,27.72,38.62,0,0.06,22.01,2161,2048,3,4986
25478,draftkings,classic,4870,7.67,27.67,38.35,0,0.06,21.75,2210.8,2094,2,4999
25478,draftkings,classic,636,7.65,27.65,38.25,0,0.02,23.15,2274.8,2164,7,5001
25478,draftkings,classic,1105,7.64,27.64,38.19,0,0.05,23.95,2098.5,1973,4,5000
25478,draftkings,classic,2355,7.62,27.62,38.11,0,0.08,20.93,2286.4,2236,3,4992
25478,draftkings,classic,426,7.6,27.6,37.98,0,0.03,24.3,2000.4,1882,3,4990
25478,draftkings,classic,1342,7.6,27.6,38.01,0,0.03,25.05,2031.6,1894,5,4988
25478,draftkings,classic,2280,7.54,27.54,37.68,0,0.06,22.16,2177.5,2070,2,4997
25478,draftkings,classic,3789,7.53,27.53,37.66,0.01,0.05,21.9,2223.2,2134,1,4993
25478,draftkings,classic,1658,7.52,27.52,37.62,0.01,0.04,21.53,2313.4,2231,1,4992
25478,draftkings,classic,4688,7.5,27.5,37.48,0,0.04,22.61,2265.2,2142,4,4995
25478,draftkings,classic,4598,7.49,27.49,37.44,0,0.1,19.64,2445.2,2423,2,5000
25478,draftkings,classic,4681,7.47,27.47,37.36,0,0.02,25.27,1932.8,1785,3,4972
25478,draftkings,classic,945,7.46,27.46,37.32,0,0.04,23.51,2096.6,1962,2,4993
25478,draftkings,classic,4359,7.45,27.45,37.25,0.02,0.04,20.41,2217.7,2117,1,4984
25478,draftkings,classic,3895,7.45,27.45,37.25,0,0.07,22.38,2129.9,2048,3,4999
25478,draftkings,classic,419,7.45,27.45,37.23,0,0.02,23.4,2187.4,2072,6,4995
25478,draftkings,classic,4350,7.41,27.41,37.03,0.01,0.07,20.91,2154.7,2059,1,4966
25478,draftkings,classic,2884,7.36,27.36,36.78,0,0,26.98,2010.4,1838,12,4986
25478,draftkings,classic,4537,7.34,27.34,36.71,0.01,0.04,23.13,2006.4,1879,1,4974
25478,draftkings,classic,998,7.33,27.33,36.67,0,0.1,18.48,2483,2462,2,5000
25478,draftkings,classic,3778,7.32,27.32,36.6,0,0.08,20.7,2335.4,2245,3,5001
25478,draftkings,classic,1934,7.31,27.31,36.55,0.01,0.05,20.47,2210.2,2126,1,4995
25478,draftkings,classic,853,7.3,27.3,36.52,0,0.02,23.94,2170.7,2030,8,5000
25478,draftkings,classic,3846,7.27,27.27,36.37,0,0.04,22.75,2150.1,2039,3,4989
25478,draftkings,classic,3597,7.26,27.26,36.32,0,0.04,23.91,2059.1,1937,4,4998
25478,draftkings,classic,3777,7.26,27.26,36.29,0,0.03,23.16,2090.1,1952,2,4998
25478,draftkings,classic,1559,7.22,27.22,36.09,0,0.03,23.34,2101.9,1958,2,4999
25478,draftkings,classic,2441,7.21,27.21,36.03,0,0.02,24.44,1994.9,1853,3,4957
25478,draftkings,classic,201,7.2,27.2,36.02,0,0.13,19.81,2420.8,2398,4,4998
25478,draftkings,classic,519,7.13,27.13,35.66,0,0.05,24.96,1920,1771,3,4982
25478,draftkings,classic,3453,7.12,27.12,35.58,0,0,24.08,2280.4,2173,16,5000
25478,draftkings,classic,245,7.11,27.11,35.56,0,0.06,22.42,2122.9,2005,3,4995
25478,draftkings,classic,3489,7.07,27.07,35.35,0,0.03,24.03,2072.3,1935,9,4995
25478,draftkings,classic,2189,7.05,27.05,35.24,0,0.01,23.9,2052.7,1913,3,4995
25478,draftkings,classic,1937,7.04,27.04,35.2,0.01,0.02,24.53,1875.3,1744,1,4900
25478,draftkings,classic,971,7.02,27.02,35.09,0,0.02,24.48,1972.8,1839,3,4990
25478,draftkings,classic,2420,7.01,27.01,35.03,0.01,0.07,18.92,2378.4,2332,1,4999
25478,draftkings,classic,4083,6.97,26.97,34.86,0,0.05,20.45,2455.2,2453,2,4997
25478,draftkings,classic,967,6.97,26.97,34.83,0,0.02,24.24,2086.5,1950,4,4993
25478,draftkings,classic,120,6.96,26.96,34.78,0,0,25.27,2067.9,1932,15,4998
25478,draftkings,classic,430,6.92,26.92,34.58,0,0.09,21.76,2160.4,2065,2,4989
25478,draftkings,classic,3656,6.91,26.91,34.56,0,0.05,21.5,2298,2212,3,4992
25478,draftkings,classic,3822,6.9,26.9,34.51,0,0.05,23.22,2088.4,1950,3,4987
25478,draftkings,classic,4311,6.89,26.89,34.44,0,0.03,22.55,2138.7,2032,4,5000
25478,draftkings,classic,1666,6.88,26.88,34.39,0,0.01,24.83,2079.6,1905,6,4997
25478,draftkings,classic,973,6.84,26.84,34.22,0,0.03,23.14,2153.9,2024,3,4984
25478,draftkings,classic,295,6.82,26.82,34.12,0,0.03,22.87,2185.5,2068,3,4997
25478,draftkings,classic,578,6.8,26.8,34,0,0.01,24.44,2041.7,1894,9,4990
25478,draftkings,classic,4478,6.77,26.77,33.87,0,0.03,25.05,2088.2,1939,8,4999
25478,draftkings,classic,3329,6.73,26.73,33.65,0,0.02,23.69,2044.3,1926,2,4993
25478,draftkings,classic,4498,6.69,26.69,33.46,0,0.02,24.48,2085.2,1937,4,4992
25478,draftkings,classic,4195,6.68,26.68,33.38,0,0.06,23.46,2007.9,1888,4,5001
25478,draftkings,classic,4683,6.68,26.68,33.42,0,0.01,25.59,1891.1,1722,4,4997
25478,draftkings,classic,4212,6.62,26.62,33.11,0,0.04,23.72,2050.1,1910,6,4995
25478,draftkings,classic,4977,6.59,26.59,32.93,0.01,0.06,18.47,2338.7,2282,1,5000
25478,draftkings,classic,4725,6.58,26.58,32.9,0,0.01,24.39,2011.9,1892,9,4995
25478,draftkings,classic,1975,6.58,26.58,32.9,0,0.03,22.86,2259.5,2163,5,4997
25478,draftkings,classic,3817,6.54,26.54,32.7,0,0.06,21.52,2250.9,2154,3,4999
25478,draftkings,classic,2339,6.5,26.5,32.51,0,0.02,22.53,2161.9,2036,2,4997
25478,draftkings,classic,176,6.48,26.48,32.41,0,0.01,25.4,1940.7,1789,5,4946
25478,draftkings,classic,4462,6.46,26.46,32.3,0,0.03,22.94,2145.9,2050,2,4993
25478,draftkings,classic,2308,6.43,26.43,32.14,0,0.04,22.48,2141.3,2030,2,4995
25478,draftkings,classic,2959,6.38,26.38,31.92,0.01,0.11,17.66,2385.7,2369,1,4993
25478,draftkings,classic,1118,6.38,26.38,31.88,0,0.07,20.28,2360.3,2281,2,4997
25478,draftkings,classic,1504,6.36,26.36,31.8,0,0.03,22.95,2155,2016,5,5001
25478,draftkings,classic,4692,6.35,26.35,31.76,0,0.03,20.99,2261.8,2177,2,5001
25478,draftkings,classic,277,6.34,26.34,31.69,0,0.01,24.19,2034.3,1897,6,4999
25478,draftkings,classic,453,6.31,26.31,31.56,0,0.02,23.27,2138,1998,5,4996
25478,draftkings,classic,1802,6.29,26.29,31.45,0,0.04,20.44,2419.3,2357,2,5001
25478,draftkings,classic,4509,6.28,26.28,31.42,0,0.01,24.46,1940.4,1810,5,4981
25478,draftkings,classic,2773,6.25,26.25,31.24,0,0.1,18.75,2355.7,2274,2,5000
25478,draftkings,classic,3132,6.22,26.22,31.1,0,0.02,23.78,2106.6,2005,6,4991
25478,draftkings,classic,2984,6.2,26.2,31,0,0.04,22.34,2175.8,2068,3,4998
25478,draftkings,classic,4808,6.18,26.18,30.92,0,0.02,24.83,1969.8,1843,5,4978
25478,draftkings,classic,1287,6.18,26.18,30.92,0,0.07,21.39,2231.6,2138,3,4991
25478,draftkings,classic,2474,6.1,26.1,30.48,0,0.02,23.77,1988,1880,3,4962
25478,draftkings,classic,23,6.1,26.1,30.48,0,0.03,23.01,2106.8,1992,2,4979
25478,draftkings,classic,655,6.1,26.1,30.49,0,0,24.68,2196.5,2048,13,5000
25478,draftkings,classic,3758,6.09,26.09,30.44,0,0.02,23.57,2157.4,2043,8,4974
25478,draftkings,classic,3935,6.08,26.08,30.41,0,0.02,22.98,2143.9,2035,3,4988
25478,draftkings,classic,302,6.06,26.06,30.3,0,0,24.65,2098.1,1963,14,4998
25478,draftkings,classic,261,6.01,26.01,30.05,0.01,0.1,18.78,2332.8,2299,1,4995
25478,draftkings,classic,4443,5.98,25.98,29.92,0,0.01,23.24,2100.5,1992,10,5000
25478,draftkings,classic,4332,5.97,25.97,29.85,0,0.02,24.18,2019.6,1876,3,4983
25478,draftkings,classic,1309,5.93,25.93,29.63,0.01,0.05,19.78,2328.2,2254,1,5000
25478,draftkings,classic,2265,5.92,25.92,29.58,0,0.01,22.3,2273,2180,7,4999
25478,draftkings,classic,1772,5.83,25.83,29.14,0,0.03,23.88,2078.3,1947,9,4996
25478,draftkings,classic,962,5.83,25.83,29.14,0,0.05,21.26,2223.1,2126,3,4980
25478,draftkings,classic,3011,5.83,25.83,29.17,0,0.02,23.72,2040.8,1924,8,4988
25478,draftkings,classic,2487,5.81,25.81,29.05,0,0.05,21.91,2172.3,2069,2,5000
25478,draftkings,classic,3245,5.77,25.77,28.83,0,0.05,22.46,2085.8,1988,4,4986
25478,draftkings,classic,4169,5.76,25.76,28.79,0,0.03,23,2043.3,1925,3,4996
25478,draftkings,classic,2937,5.76,25.76,28.8,0,0.08,18.14,2447.7,2413,2,5000
25478,draftkings,classic,4873,5.75,25.75,28.76,0,0.06,21.72,2251.8,2165,3,4981
25478,draftkings,classic,2513,5.73,25.73,28.65,0,0.1,17.41,2604.5,2648,2,5001
25478,draftkings,classic,2007,5.63,25.63,28.13,0,0.01,23.03,2280,2164,9,4998
25478,draftkings,classic,2632,5.62,25.62,28.09,0,0.05,24.01,1993.7,1855,7,4993
25478,draftkings,classic,3072,5.62,25.62,28.11,0,0.02,23.21,2147.6,2031,5,4985
25478,draftkings,classic,3985,5.59,25.59,27.96,0,0.04,20.55,2256.1,2170,2,4991
25478,draftkings,classic,122,5.59,25.59,27.95,0.01,0.05,20.25,2217.1,2131,1,5000
25478,draftkings,classic,4729,5.59,25.59,27.95,0,0.04,22.74,2093.3,1976,3,4987
25478,draftkings,classic,1452,5.59,25.59,27.95,0,0.05,18.19,2519.3,2533,2,5001
25478,draftkings,classic,4205,5.58,25.58,27.88,0,0.03,23.52,2052.6,1922,3,4991
25478,draftkings,classic,1876,5.55,25.55,27.75,0.01,0.03,21.1,2157.3,2046,1,4993
25478,draftkings,classic,2740,5.51,25.51,27.53,0,0,25.35,2102.9,1918,15,4997
25478,draftkings,classic,1451,5.51,25.51,27.57,0,0.03,23.33,2052.6,1935,5,4996
25478,draftkings,classic,35,5.5,25.5,27.51,0,0.03,21.23,2322,2234,6,5001
25478,draftkings,classic,1669,5.49,25.49,27.43,0,0.07,20.18,2368.6,2321,4,4994
25478,draftkings,classic,4928,5.47,25.47,27.37,0,0.03,22.47,2079.4,1979,3,4989
25478,draftkings,classic,445,5.41,25.41,27.05,0,0.03,21.88,2270.9,2182,3,5001
25478,draftkings,classic,4005,5.41,25.41,27.03,0,0.04,21.65,2220.2,2135,2,5001
25478,draftkings,classic,259,5.4,25.4,27,0,0.03,21.99,2288.8,2200,4,4998
25478,draftkings,classic,3178,5.37,25.37,26.87,0,0.03,22.92,2018.3,1893,4,4968
25478,draftkings,classic,2374,5.28,25.28,26.4,0,0.01,24.04,1992.7,1844,8,4980
25478,draftkings,classic,3503,5.24,25.24,26.19,0,0.03,22.47,2024.8,1920,4,4986
25478,draftkings,classic,334,5.23,25.23,26.16,0,0.03,23.52,2020.6,1898,3,4996
25478,draftkings,classic,2820,5.22,25.22,26.1,0.02,0.05,17.34,2429.2,2390,1,4997
25478,draftkings,classic,535,5.22,25.22,26.11,0.01,0.08,17.03,2368.3,2322,1,4996
25478,draftkings,classic,4569,5.21,25.21,26.05,0,0.02,23.14,2054.6,1938,3,4990
25478,draftkings,classic,1553,5.19,25.19,25.94,0,0.04,20.62,2302.7,2227,3,4998
25478,draftkings,classic,1954,5.19,25.19,25.96,0,0,25.32,1938.7,1803,11,4981
25478,draftkings,classic,1263,5.16,25.16,25.82,0,0.02,22.67,2178.3,2047,8,4990
25478,draftkings,classic,4214,5.14,25.14,25.72,0.01,0.01,21.93,2252,2123,1,4999
25478,draftkings,classic,2087,5.13,25.13,25.66,0,0.02,22.74,2117.7,2015,5,4991
25478,draftkings,classic,1293,5.12,25.12,25.59,0,0.08,22.72,2100.3,1967,6,4993
25478,draftkings,classic,1233,5.06,25.06,25.31,0,0.05,20.36,2304,2225,2,5001
25478,draftkings,classic,197,5.04,25.04,25.2,0,0.06,18.84,2446.9,2422,3,4996
25478,draftkings,classic,3124,5.03,25.03,25.14,0,0,23.38,2027.6,1887,12,4996
25478,draftkings,classic,4152,5.01,25.01,25.03,0,0.03,20.93,2304.3,2232,4,5001
25478,draftkings,classic,1620,4.99,24.99,24.94,0,0.02,21.11,2409.3,2367,7,5001
25478,draftkings,classic,2822,4.97,24.97,24.86,0,0.02,23.39,2108.1,1966,6,4994
25478,draftkings,classic,4717,4.92,24.92,24.58,0.01,0.08,17.9,2428.5,2398,1,4999
25478,draftkings,classic,612,4.91,24.91,24.55,0.01,0.04,20.42,2253.8,2168,1,4986
25478,draftkings,classic,2235,4.9,24.9,24.5,0,0.06,20.8,2349.4,2276,3,4999
25478,draftkings,classic,2751,4.88,24.88,24.42,0,0.03,21.36,2310.4,2232,5,4996
25478,draftkings,classic,3724,4.87,24.87,24.37,0,0.05,20.08,2346.3,2275,4,4996
25478,draftkings,classic,1779,4.87,24.87,24.36,0,0.01,21.99,2184.6,2079,6,4988
25478,draftkings,classic,615,4.86,24.86,24.3,0,0,23.19,2196,2085,14,4999
25478,draftkings,classic,4386,4.85,24.85,24.24,0,0.01,22.85,2078.4,1974,9,4983
25478,draftkings,classic,452,4.83,24.83,24.17,0,0.06,20.98,2198.2,2100,3,4997
25478,draftkings,classic,3433,4.81,24.81,24.03,0,0.01,23.3,2147,2012,9,4996
25478,draftkings,classic,3614,4.81,24.81,24.04,0,0,23.84,1926.9,1798,12,4975
25478,draftkings,classic,9,4.79,24.79,23.93,0,0.11,18.58,2364.1,2303,3,4999
25478,draftkings,classic,1649,4.76,24.76,23.8,0.01,0.03,19,2318.4,2237,1,4995
25478,draftkings,classic,332,4.72,24.72,23.58,0,0.02,22.12,2227.2,2122,6,4987
25478,draftkings,classic,649,4.69,24.69,23.47,0,0.03,20.49,2434.8,2390,5,4997
25478,draftkings,classic,3432,4.68,24.68,23.42,0,0.01,22.84,2178.7,2044,9,4996
25478,draftkings,classic,3920,4.67,24.67,23.37,0,0.05,19.55,2383.3,2355,3,5000
25478,draftkings,classic,660,4.65,24.65,23.27,0,0.02,21.1,2272,2189,3,5000
25478,draftkings,classic,4235,4.63,24.63,23.16,0,0.03,21.85,2154.6,2045,6,4984
25478,draftkings,classic,3883,4.61,24.61,23.07,0,0.04,21.27,2264.8,2183,4,5000
25478,draftkings,classic,1127,4.59,24.59,22.96,0,0.05,21.6,2110.9,2001,3,4977
25478,draftkings,classic,3422,4.57,24.57,22.86,0,0.01,21.62,2283.1,2174,4,5000
25478,draftkings,classic,3740,4.57,24.57,22.84,0,0.04,22.96,2018.4,1876,7,4989
25478,draftkings,classic,4417,4.55,24.55,22.75,0,0.01,23.64,2037.8,1909,7,4946
25478,draftkings,classic,3861,4.54,24.54,22.7,0,0,23.72,2192.7,2043,12,4999
25478,draftkings,classic,2890,4.54,24.54,22.72,0.01,0.04,19.75,2345,2274,1,4995
25478,draftkings,classic,2008,4.52,24.52,22.6,0,0.03,21.72,2266,2169,6,4998
25478,draftkings,classic,1068,4.51,24.51,22.55,0.01,0.02,19.53,2316.8,2248,1,4994
25478,draftkings,classic,344,4.5,24.5,22.51,0,0.01,22.4,2194.5,2089,9,4999
25478,draftkings,classic,3462,4.49,24.49,22.47,0,0.04,21.39,2235.6,2169,8,4996
25478,draftkings,classic,1126,4.48,24.48,22.41,0,0.01,23.73,1967.7,1825,3,4959
25478,draftkings,classic,2761,4.47,24.47,22.36,0,0,24.26,2103.3,1943,18,4998
25478,draftkings,classic,4649,4.45,24.45,22.26,0,0,24.41,2031.4,1866,17,4974
25478,draftkings,classic,4861,4.44,24.44,22.22,0,0.02,21.53,2327.7,2250,8,4999
25478,draftkings,classic,391,4.42,24.42,22.12,0,0.02,21.72,2187.1,2087,2,5000
25478,draftkings,classic,1671,4.27,24.27,21.35,0,0.01,22.31,2228.8,2112,9,4999
25478,draftkings,classic,4854,4.24,24.24,21.18,0,0.04,22.7,2025.8,1911,6,4991
25478,draftkings,classic,441,4.24,24.24,21.19,0,0,23.82,2093.2,1941,14,4992
25478,draftkings,classic,1275,4.22,24.22,21.08,0,0,23.31,2096.5,1987,12,4975
25478,draftkings,classic,4974,4.21,24.21,21.04,0,0.03,21.04,2222.6,2140,6,4991
25478,draftkings,classic,416,4.21,24.21,21.03,0,0.01,22.28,2231.8,2140,10,4996
25478,draftkings,classic,1523,4.2,24.2,20.98,0,0.03,22.85,2039.4,1909,6,4975
25478,draftkings,classic,3084,4.18,24.18,20.92,0,0,23.26,2205.6,2062,16,4995
25478,draftkings,classic,2167,4.1,24.1,20.47,0,0.05,19.36,2414.6,2381,2,5000
25478,draftkings,classic,537,4.07,24.07,20.37,0,0.07,20.26,2208,2117,3,4996
25478,draftkings,classic,2571,4.04,24.04,20.21,0,0.03,22.03,2209.9,2101,6,4991
25478,draftkings,classic,4707,4.02,24.02,20.1,0,0,21.74,2241.2,2142,12,5001
25478,draftkings,classic,617,3.98,23.98,19.9,0,0,21.41,2210.2,2092,13,4996
25478,draftkings,classic,3584,3.95,23.95,19.75,0,0.02,20.09,2350.9,2288,5,4999
25478,draftkings,classic,2028,3.95,23.95,19.76,0,0.03,20.73,2302.1,2228,3,4999
25478,draftkings,classic,2791,3.93,23.93,19.63,0,0,23.97,1946.2,1825,14,4960
25478,draftkings,classic,93,3.92,23.92,19.6,0,0.02,21.31,2149.6,2037,6,4987
25478,draftkings,classic,2807,3.89,23.89,19.46,0,0,24.05,1940.4,1791,22,4993
25478,draftkings,classic,2168,3.88,23.88,19.38,0,0.01,20.87,2376.3,2304,6,5000
25478,draftkings,classic,4893,3.87,23.87,19.37,0,0.04,21.19,2126.1,2011,3,5000
25478,draftkings,classic,4577,3.86,23.86,19.29,0,0.01,22.53,2048.3,1928,10,4976
25478,draftkings,classic,2545,3.85,23.85,19.23,0,0,22.81,2224.1,2103,12,5001
25478,draftkings,classic,2230,3.85,23.85,19.23,0,0.04,20.64,2209.6,2115,4,4999
25478,draftkings,classic,3252,3.84,23.84,19.23,0,0.03,20.15,2250.9,2159,4,4998
25478,draftkings,classic,202,3.81,23.81,19.07,0,0.05,20.38,2302.7,2219,5,5000
25478,draftkings,classic,2997,3.77,23.77,18.87,0,0,23.92,1947.9,1817,12,4991
25478,draftkings,classic,545,3.74,23.74,18.7,0,0.04,19.97,2452.1,2394,4,4999
25478,draftkings,classic,360,3.73,23.73,18.65,0,0.03,22.14,2280.6,2170,8,4999
25478,draftkings,classic,572,3.72,23.72,18.58,0,0.02,20.95,2210.4,2135,4,4999
25478,draftkings,classic,2732,3.7,23.7,18.49,0,0.02,22.19,2119.7,2009,4,4996
25478,draftkings,classic,804,3.68,23.68,18.4,0,0.03,20.68,2319.2,2239,6,4994
25478,draftkings,classic,1455,3.68,23.68,18.39,0,0.01,23.62,1965.9,1820,6,4980
25478,draftkings,classic,2170,3.68,23.68,18.4,0,0.04,19.28,2290.5,2198,2,4990
25478,draftkings,classic,2500,3.66,23.66,18.3,0.01,0.02,20.13,2211.7,2130,1,4997
25478,draftkings,classic,219,3.66,23.66,18.31,0.01,0.02,20.56,2193.3,2102,1,4984
25478,draftkings,classic,1047,3.63,23.63,18.14,0,0.03,21.62,2084.8,1950,6,4970
25478,draftkings,classic,923,3.62,23.62,18.08,0,0,24.85,1812.2,1696,29,4857
25478,draftkings,classic,724,3.59,23.59,17.96,0,0.02,20.96,2312.6,2231,4,4999
25478,draftkings,classic,3802,3.58,23.58,17.9,0,0.02,22.11,2177.6,2058,6,4997
25478,draftkings,classic,4867,3.56,23.56,17.8,0,0.02,22.27,2148.2,2026,7,4993
25478,draftkings,classic,387,3.55,23.55,17.76,0,0,23.56,2131,1972,13,4996
25478,draftkings,classic,994,3.54,23.54,17.7,0,0,22.15,2160.4,2048,11,4998
25478,draftkings,classic,2253,3.52,23.52,17.61,0,0.01,21.49,2209.7,2105,5,4991
25478,draftkings,classic,474,3.5,23.5,17.48,0,0.04,21,2169.7,2083,5,4975
25478,draftkings,classic,4068,3.49,23.49,17.44,0,0.02,20.25,2379.2,2313,6,4996
25478,draftkings,classic,2886,3.45,23.45,17.24,0,0.02,20.38,2383.2,2311,5,4998
25478,draftkings,classic,2495,3.45,23.45,17.26,0,0.02,19.77,2474.3,2410,7,4999
25478,draftkings,classic,2935,3.42,23.42,17.08,0,0.04,21.22,2213,2130,8,4997
25478,draftkings,classic,38,3.41,23.41,17.03,0,0,22.56,2294.1,2168,25,4998
25478,draftkings,classic,92,3.4,23.4,17.02,0,0.03,21.25,2101.9,1984,3,4990
25478,draftkings,classic,1091,3.39,23.39,16.95,0,0.04,18.92,2276.7,2206,2,4981
25478,draftkings,classic,2872,3.34,23.34,16.7,0,0,23.68,1988.6,1839,15,4977
25478,draftkings,classic,4546,3.33,23.33,16.66,0,0.02,21.68,2192.6,2085,5,4988
25478,draftkings,classic,3288,3.32,23.32,16.58,0,0.01,21.79,2199,2067,5,4992
25478,draftkings,classic,4148,3.3,23.3,16.5,0,0.05,19.12,2246,2180,2,5001
25478,draftkings,classic,1685,3.3,23.3,16.52,0,0.04,21.41,2216.2,2117,7,4997
25478,draftkings,classic,4179,3.27,23.27,16.36,0.01,0.05,17.07,2553.7,2539,1,5001
25478,draftkings,classic,966,3.25,23.25,16.24,0,0.02,23.33,2004,1863,7,4978
25478,draftkings,classic,3674,3.23,23.23,16.15,0,0.04,20.08,2259.3,2192,4,4998
25478,draftkings,classic,3383,3.21,23.21,16.03,0,0.01,22.69,2101.9,1976,10,4994
25478,draftkings,classic,2757,3.19,23.19,15.97,0,0.01,22.31,2084.9,1959,9,4988
25478,draftkings,classic,2946,3.17,23.17,15.84,0,0.02,20.95,2222.8,2150,5,4989
25478,draftkings,classic,4951,3.17,23.17,15.87,0,0.02,21.1,2216.6,2134,5,4990
25478,draftkings,classic,2874,3.16,23.16,15.81,0,0.01,20.17,2264.3,2192,2,4998
25478,draftkings,classic,3030,3.14,23.14,15.69,0,0,23.46,2024.1,1871,25,4982
25478,draftkings,classic,1748,3.14,23.14,15.7,0,0,22.85,2052.8,1921,11,4956
25478,draftkings,classic,4308,3.11,23.11,15.57,0,0.02,20.22,2313.7,2241,3,4993
25478,draftkings,classic,1201,3.08,23.08,15.41,0,0.01,21.25,2360.1,2281,9,4999
25478,draftkings,classic,3445,3.06,23.06,15.32,0,0.02,19.4,2384.5,2323,2,4998
25478,draftkings,classic,1683,3.05,23.05,15.26,0,0.04,20.68,2264.6,2183,8,5001
25478,draftkings,classic,2147,2.98,22.98,14.9,0,0.01,21.68,2068.9,1953,6,4966
25478,draftkings,classic,3798,2.98,22.98,14.89,0,0,22.18,2106,1959,12,4985
25478,draftkings,classic,3440,2.96,22.96,14.82,0,0.03,18.07,2421.8,2367,2,4998
25478,draftkings,classic,491,2.95,22.95,14.74,0,0.01,21.34,2229.1,2137,10,4994
25478,draftkings,classic,4012,2.93,22.93,14.67,0,0.01,21.69,2090.5,1978,10,5000
25478,draftkings,classic,1699,2.9,22.9,14.52,0,0.02,20.94,2245.8,2160,5,4990
25478,draftkings,classic,696,2.86,22.86,14.27,0,0.04,20.75,2169.5,2070,5,4987
25478,draftkings,classic,3654,2.85,22.85,14.27,0,0,22.34,2017.9,1897,16,4972
25478,draftkings,classic,494,2.85,22.85,14.24,0,0.02,21.19,2171.7,2058,9,5000
25478,draftkings,classic,3435,2.79,22.79,13.94,0,0.01,20.65,2242.6,2174,8,4994
25478,draftkings,classic,2178,2.77,22.77,13.84,0,0,21.54,2167.2,2067,12,4989
25478,draftkings,classic,2032,2.76,22.76,13.78,0,0.01,21.49,2174.7,2071,9,4993
25478,draftkings,classic,684,2.71,22.71,13.56,0,0.03,19.38,2390.2,2328,3,4999
25478,draftkings,classic,524,2.7,22.7,13.52,0,0.02,20.46,2399.8,2328,7,4999
25478,draftkings,classic,3841,2.69,22.69,13.44,0,0,22.93,2144.9,2009,11,4997
25478,draftkings,classic,1425,2.68,22.68,13.39,0,0.04,19.11,2325.2,2247,4,4997
25478,draftkings,classic,1704,2.65,22.65,13.26,0,0.01,20.36,2216.8,2140,3,4996
25478,draftkings,classic,4778,2.63,22.63,13.16,0,0,22.76,2118.4,1985,15,4991
25478,draftkings,classic,4664,2.63,22.63,13.16,0,0.01,21.85,2158.5,2012,10,4978
25478,draftkings,classic,695,2.61,22.61,13.05,0,0.01,21.57,2316.8,2222,7,5000
25478,draftkings,classic,1837,2.61,22.61,13.04,0,0.03,20.41,2250.2,2172,6,4984
25478,draftkings,classic,657,2.59,22.59,12.97,0,0.04,18.58,2388.5,2337,3,4994
25478,draftkings,classic,4239,2.58,22.58,12.88,0,0,22.27,2070,1944,14,4985
25478,draftkings,classic,4975,2.55,22.55,12.73,0,0.05,18.1,2550.2,2552,4,5001
25478,draftkings,classic,4596,2.54,22.54,12.68,0,0.03,19.77,2275.3,2220,4,4989
25478,draftkings,classic,3270,2.5,22.5,12.52,0,0.06,17.2,2526.2,2527,3,5001
25478,draftkings,classic,1377,2.49,22.49,12.43,0,0.01,21.44,2208.1,2094,5,4986
25478,draftkings,classic,1922,2.45,22.45,12.23,0,0.02,19.41,2204.7,2106,2,4986
25478,draftkings,classic,407,2.4,22.4,12.02,0,0,21.62,2106,1988,17,4994
25478,draftkings,classic,2577,2.32,22.32,11.61,0,0.03,19.89,2233.2,2152,3,4976
25478,draftkings,classic,1530,2.31,22.31,11.53,0,0,22.66,2106.9,1978,16,4988
25478,draftkings,classic,3248,2.3,22.3,11.5,0,0.03,20.43,2165.2,2082,6,4981
25478,draftkings,classic,1597,2.27,22.27,11.34,0.01,0.04,17.22,2395.3,2365,1,4996
25478,draftkings,classic,4265,2.26,22.26,11.28,0,0.01,22.38,1970,1870,10,4969
25478,draftkings,classic,641,2.26,22.26,11.29,0,0.02,20.67,2218,2108,5,4997
25478,draftkings,classic,1641,2.23,22.23,11.14,0,0.01,19.84,2228.4,2144,2,4996
25478,draftkings,classic,1099,2.19,22.19,10.96,0,0.02,20.52,2272.3,2187,6,4991
25478,draftkings,classic,146,2.17,22.17,10.86,0,0.04,18.9,2396,2348,5,4996
25478,draftkings,classic,4103,2.16,22.16,10.79,0,0.02,21.65,2036.7,1917,7,4971
25478,draftkings,classic,1928,2.11,22.11,10.54,0,0.03,18.78,2369.3,2313,3,4999
25478,draftkings,classic,2092,2.05,22.05,10.24,0,0.04,17.92,2377.3,2308,2,4997
25478,draftkings,classic,3726,2.04,22.04,10.22,0,0.03,18.97,2407.9,2380,5,4997
25478,draftkings,classic,790,2.04,22.04,10.18,0,0.03,19.34,2255.6,2194,2,4991
25478,draftkings,classic,2127,2.03,22.03,10.17,0,0.03,19.49,2314.5,2242,3,4998
25478,draftkings,classic,2508,2.01,22.01,10.06,0,0.02,19.08,2306.6,2230,2,5001
25478,draftkings,classic,1371,1.99,21.99,9.96,0,0,20.61,2252.4,2162,13,4979
25478,draftkings,classic,3484,1.97,21.97,9.84,0,0.03,20.04,2304.6,2228,7,4995
25478,draftkings,classic,4858,1.96,21.96,9.82,0,0.01,20.62,2144.5,2039,4,4997
25478,draftkings,classic,4009,1.95,21.95,9.73,0,0.04,17.88,2433.6,2403,4,5000
25478,draftkings,classic,1882,1.95,21.95,9.73,0,0.05,16.76,2519.9,2516,2,5000
25478,draftkings,classic,2241,1.94,21.94,9.69,0,0.03,19.81,2277.4,2212,9,4987
25478,draftkings,classic,1896,1.93,21.93,9.67,0,0.01,21.23,2108.9,1983,9,4997
25478,draftkings,classic,1391,1.89,21.89,9.47,0,0.02,18.9,2445.4,2429,4,4998
25478,draftkings,classic,3692,1.87,21.87,9.35,0,0.02,19.69,2295.2,2225,4,4997
25478,draftkings,classic,528,1.76,21.76,8.82,0,0.03,18.33,2362.5,2312,4,4992
25478,draftkings,classic,1924,1.76,21.76,8.79,0,0,21.08,2207.3,2098,14,4998
25478,draftkings,classic,2978,1.75,21.75,8.77,0,0.02,19.95,2228.6,2136,8,4999
25478,draftkings,classic,2094,1.75,21.75,8.76,0,0.02,19.87,2163.5,2080,5,4983
25478,draftkings,classic,413,1.72,21.72,8.59,0,0.04,18.99,2407.6,2329,5,4998
25478,draftkings,classic,1009,1.68,21.68,8.43,0.01,0.01,17.33,2427.1,2390,1,5000
25478,draftkings,classic,331,1.66,21.66,8.32,0,0.02,18.72,2487.4,2425,2,5001
25478,draftkings,classic,1393,1.64,21.64,8.22,0,0.05,18.86,2238.9,2156,4,4986
25478,draftkings,classic,4733,1.61,21.61,8.05,0,0,22.1,2090.2,1969,18,4998
25478,draftkings,classic,2066,1.56,21.56,7.81,0,0.02,19.17,2330,2246,6,5000
25478,draftkings,classic,3424,1.55,21.55,7.75,0,0.04,18.59,2479.8,2472,5,5000
25478,draftkings,classic,1955,1.54,21.54,7.72,0,0.03,18.78,2290.8,2245,4,4998
25478,draftkings,classic,3054,1.51,21.51,7.54,0,0.02,19.77,2213.4,2098,4,4989
25478,draftkings,classic,4828,1.51,21.51,7.54,0,0.02,19.69,2260.3,2184,4,4995
25478,draftkings,classic,175,1.5,21.5,7.52,0,0.01,20.79,2118.4,1999,5,4997
25478,draftkings,classic,1257,1.48,21.48,7.39,0,0.03,19.98,2163.5,2058,4,4996
25478,draftkings,classic,4201,1.48,21.48,7.43,0,0,21.18,2160.1,2057,16,4990
25478,draftkings,classic,4273,1.46,21.46,7.3,0,0,20.28,2266.1,2158,11,5000
25478,draftkings,classic,2101,1.44,21.44,7.2,0,0,21.52,2069.8,1950,11,4938
25478,draftkings,classic,629,1.43,21.43,7.17,0,0.04,19.69,2254.9,2204,6,4979
25478,draftkings,classic,2107,1.42,21.42,7.11,0,0.05,16.99,2553.8,2529,3,5001
25478,draftkings,classic,2394,1.4,21.4,7.02,0,0.01,19.27,2258.4,2198,4,4992
25478,draftkings,classic,3844,1.4,21.4,7,0,0.02,18.08,2522.4,2508,6,5000
25478,draftkings,classic,3359,1.39,21.39,6.97,0,0.01,20.87,2112.4,2016,6,4995
25478,draftkings,classic,442,1.38,21.38,6.88,0,0.03,19.39,2240.5,2163,4,4997
25478,draftkings,classic,3133,1.37,21.37,6.87,0,0.01,20.59,2175,2063,7,4997
25478,draftkings,classic,503,1.36,21.36,6.8,0,0,20.65,2313.6,2221,16,5000
25478,draftkings,classic,1482,1.36,21.36,6.79,0,0.02,20.52,2144.9,2053,6,4956
25478,draftkings,classic,2918,1.35,21.35,6.73,0,0.03,19.42,2240.8,2159,3,4995
25478,draftkings,classic,1016,1.34,21.34,6.72,0,0.02,19.74,2175.9,2079,4,4981
25478,draftkings,classic,3090,1.33,21.33,6.66,0,0.01,19.51,2243.5,2138,4,4987
25478,draftkings,classic,3831,1.28,21.28,6.41,0,0.01,17.66,2474.2,2460,2,4998
25478,draftkings,classic,3709,1.27,21.27,6.34,0,0.04,19.45,2245.1,2158,7,4988
25478,draftkings,classic,626,1.25,21.25,6.23,0,0.02,20.88,2044.8,1932,8,4982
25478,draftkings,classic,114,1.22,21.22,6.09,0.01,0.03,16.91,2390.8,2332,1,4997
25478,draftkings,classic,2744,1.18,21.18,5.89,0,0,21.87,2023.6,1912,15,4948
25478,draftkings,classic,3060,1.13,21.13,5.66,0,0.02,18.07,2461.7,2439,3,5001
25478,draftkings,classic,3296,1.12,21.12,5.62,0,0.03,18.63,2448.6,2441,5,4998
25478,draftkings,classic,4081,1.11,21.11,5.57,0,0.01,19.2,2379.5,2343,6,4998
25478,draftkings,classic,1130,1.11,21.11,5.57,0,0.04,18.17,2449.1,2433,5,4998
25478,draftkings,classic,2185,1.09,21.09,5.44,0,0,20.45,2187.1,2062,12,4991
25478,draftkings,classic,3064,1.09,21.09,5.46,0,0.03,18.72,2325.1,2270,5,4996
25478,draftkings,classic,2914,1.09,21.09,5.46,0,0.03,19.43,2208.8,2138,3,4992
25478,draftkings,classic,580,1.06,21.06,5.3,0,0.08,16.84,2517.4,2515,4,4998
25478,draftkings,classic,1811,1.04,21.04,5.2,0,0,20.08,2169.6,2073,11,4978
25478,draftkings,classic,2430,1.01,21.01,5.06,0,0,20.19,2143.3,2058,12,4998
25478,draftkings,classic,4074,0.98,20.98,4.88,0,0.06,16.84,2403.7,2372,2,4999
25478,draftkings,classic,4173,0.98,20.98,4.89,0,0.01,19.79,2246.2,2164,10,4987
25478,draftkings,classic,499,0.97,20.97,4.85,0,0.01,20.56,2164.3,2068,8,4994
25478,draftkings,classic,27,0.96,20.96,4.79,0,0.01,20.21,2145.5,2054,9,4947
25478,draftkings,classic,1693,0.93,20.93,4.65,0,0.01,20.38,2167.3,2073,8,4997
25478,draftkings,classic,4457,0.9,20.9,4.52,0,0.04,18.2,2537.5,2514,8,5001
25478,draftkings,classic,4809,0.89,20.89,4.47,0,0.01,19.37,2307.4,2237,5,4994
25478,draftkings,classic,1889,0.85,20.85,4.26,0,0.01,18.68,2269.3,2179,2,4985
25478,draftkings,classic,719,0.84,20.84,4.2,0,0.05,17.15,2408.8,2387,3,4991
25478,draftkings,classic,1668,0.84,20.84,4.18,0,0.01,19.06,2276.1,2156,2,4990
25478,draftkings,classic,3650,0.84,20.84,4.2,0,0.01,20.03,2223.3,2132,9,4985
25478,draftkings,classic,1096,0.81,20.81,4.05,0.01,0.02,16.1,2576,2614,1,5001
25478,draftkings,classic,1450,0.76,20.76,3.8,0,0.01,19.67,2223.7,2134,4,4999
25478,draftkings,classic,3138,0.75,20.75,3.73,0,0,21.14,2067.6,1956,14,4987
25478,draftkings,classic,2595,0.72,20.72,3.62,0,0.04,16.82,2388.6,2350,2,4996
25478,draftkings,classic,679,0.72,20.72,3.6,0,0.01,21.46,2014.3,1889,7,4979
25478,draftkings,classic,2354,0.72,20.72,3.58,0,0.04,16.6,2437.9,2413,2,5001
25478,draftkings,classic,4381,0.72,20.72,3.6,0,0.01,18.86,2513.2,2495,7,4999
25478,draftkings,classic,2331,0.71,20.71,3.55,0,0.05,18.31,2312.5,2250,6,4998
25478,draftkings,classic,4956,0.69,20.69,3.43,0,0.02,19.17,2299.2,2215,10,4996
25478,draftkings,classic,3177,0.69,20.69,3.44,0,0,20.2,2327.7,2233,12,5000
25478,draftkings,classic,2707,0.69,20.69,3.43,0,0.01,19.95,2183,2082,6,4978
25478,draftkings,classic,3297,0.68,20.68,3.42,0,0.01,20.6,2041.9,1937,8,4964
25478,draftkings,classic,1708,0.67,20.67,3.36,0,0,21.08,2168.8,2095,17,4999
25478,draftkings,classic,1505,0.66,20.66,3.32,0,0.02,20.31,2090.4,1989,8,4943
25478,draftkings,classic,1222,0.59,20.59,2.95,0,0.03,18.21,2331.2,2280,5,4995
25478,draftkings,classic,2518,0.59,20.59,2.97,0.01,0.04,15.25,2479.4,2467,1,4983
25478,draftkings,classic,2457,0.56,20.56,2.78,0,0,18.77,2500.9,2467,11,5001
25478,draftkings,classic,2762,0.56,20.56,2.81,0.01,0.03,15.63,2471.9,2484,1,4997
25478,draftkings,classic,2118,0.54,20.54,2.72,0,0,19.2,2384.7,2316,14,5001
25478,draftkings,classic,647,0.52,20.52,2.63,0,0.03,18.89,2449.4,2418,6,4999
25478,draftkings,classic,3220,0.51,20.51,2.56,0,0,19.43,2325.4,2246,15,4999
25478,draftkings,classic,3793,0.48,20.48,2.38,0,0,21.24,2116,1997,22,4988
25478,draftkings,classic,2529,0.47,20.47,2.34,0,0.01,20.23,2298.5,2219,7,4985
25478,draftkings,classic,852,0.47,20.47,2.34,0,0,19.44,2280.8,2201,14,4998
25478,draftkings,classic,3992,0.39,20.39,1.97,0.01,0.02,15.43,2522.6,2496,1,5001
25478,draftkings,classic,2090,0.36,20.36,1.8,0,0.01,19.44,2257.5,2181,9,4998
25478,draftkings,classic,785,0.36,20.36,1.8,0,0.01,19.94,2250.7,2175,9,4991
25478,draftkings,classic,2681,0.25,20.25,1.23,0,0.04,17.94,2255.1,2182,4,4997
25478,draftkings,classic,4777,0.25,20.25,1.27,0,0,20.77,2064.3,1964,13,4969
25478,draftkings,classic,4244,0.22,20.22,1.08,0,0.01,18.82,2309.1,2246,8,4992
25478,draftkings,classic,522,0.21,20.21,1.06,0,0.01,20.66,2212.7,2075,10,4999
25478,draftkings,classic,324,0.2,20.2,0.98,0,0,19.96,2177,2067,12,4995
25478,draftkings,classic,816,0.18,20.18,0.88,0,0.01,19.77,2164.2,2031,5,4996
25478,draftkings,classic,4852,0.15,20.15,0.75,0,0.03,17.26,2438.6,2411,6,5001
25478,draftkings,classic,3945,0.12,20.12,0.61,0,0.01,19.2,2160.5,2082,3,4976
25478,draftkings,classic,210,0.1,20.1,0.51,0.01,0.02,15.43,2791.5,2886,1,5001
25478,draftkings,classic,527,0.09,20.09,0.43,0.01,0.06,15.6,2474,2467,1,4998
25478,draftkings,classic,3632,0.09,20.09,0.47,0,0.04,18.56,2309.3,2238,7,5001
25478,draftkings,classic,3322,0.06,20.06,0.29,0,0.03,18.73,2403.8,2361,7,5001
25478,draftkings,classic,3434,0.04,20.04,0.19,0,0.01,18.52,2326.4,2274,3,4989
25478,draftkings,classic,2966,0.03,20.03,0.15,0,0.04,17.45,2462.7,2424,3,4999
25478,draftkings,classic,168,0.01,20.01,0.07,0,0,21.13,1973.5,1855,14,4924
25478,draftkings,classic,4247,0.01,20.01,0.07,0,0.03,17.35,2522.6,2511,3,5000
25478,draftkings,classic,2187,0,20,0,0.01,0.02,15.65,2567.6,2570,1,5000
25478,draftkings,classic,2766,0,20,0,0,0.02,17.72,2459.2,2433,9,5000
25478,draftkings,classic,4425,-0.01,19.99,-0.03,0,0.03,16.97,2405.1,2371,4,4999
25478,draftkings,classic,2010,-0.02,19.98,-0.08,0,0,20.7,2079.4,1953,18,4931
25478,draftkings,classic,3254,-0.03,19.97,-0.14,0,0.01,18.96,2375,2299,10,4996
25478,draftkings,classic,3398,-0.04,19.96,-0.2,0.02,0.04,13.75,2669.7,2710,1,5000
25478,draftkings,classic,119,-0.08,19.92,-0.4,0,0,20.12,2091,1996,18,4936
25478,draftkings,classic,2270,-0.1,19.9,-0.49,0,0.02,19.36,2218.9,2126,5,5000
25478,draftkings,classic,71,-0.1,19.9,-0.51,0,0.01,18.79,2246.1,2181,5,4977
25478,draftkings,classic,3335,-0.12,19.88,-0.62,0,0,20.19,2187,2077,17,5000
25478,draftkings,classic,1892,-0.17,19.83,-0.83,0,0,19.13,2365.1,2288,15,4992
25478,draftkings,classic,3994,-0.18,19.82,-0.88,0,0.03,17.18,2360.9,2310,4,4995
25478,draftkings,classic,247,-0.18,19.82,-0.91,0,0.01,19.76,2173.1,2078,8,4998
25478,draftkings,classic,2541,-0.22,19.78,-1.08,0,0,19.25,2224.3,2139,16,4976
25478,draftkings,classic,1547,-0.22,19.78,-1.1,0,0.01,18.84,2234.4,2159,2,4974
25478,draftkings,classic,1740,-0.23,19.77,-1.16,0,0.01,19.16,2321.4,2239,6,4998
25478,draftkings,classic,3864,-0.24,19.76,-1.19,0,0,20.45,2096.9,1989,12,4986
25478,draftkings,classic,3628,-0.24,19.76,-1.18,0,0.02,18.63,2268.2,2181,6,4997
25478,draftkings,classic,4191,-0.26,19.74,-1.32,0,0.02,17.21,2474,2453,4,4999
25478,draftkings,classic,4938,-0.26,19.74,-1.32,0,0.01,18.55,2333.3,2273,7,5001
25478,draftkings,classic,4133,-0.28,19.72,-1.41,0,0,19.93,2093.3,2007,15,4988
25478,draftkings,classic,4831,-0.29,19.71,-1.44,0,0.01,19.45,2407.3,2337,6,5001
25478,draftkings,classic,1453,-0.3,19.7,-1.5,0,0.07,15.5,2590.4,2635,3,5001
25478,draftkings,classic,1639,-0.31,19.69,-1.55,0,0.02,17.27,2295.4,2239,3,5001
25478,draftkings,classic,2956,-0.33,19.67,-1.67,0,0.02,18.39,2407.9,2346,8,4998
25478,draftkings,classic,2045,-0.34,19.66,-1.69,0,0,19.07,2360.5,2297,11,4992
25478,draftkings,classic,3661,-0.37,19.63,-1.83,0,0.01,19.23,2221.7,2146,6,4981
25478,draftkings,classic,4863,-0.37,19.63,-1.83,0,0,20.41,2087.1,1978,18,4998
25478,draftkings,classic,457,-0.38,19.62,-1.89,0.01,0.03,15.84,2580.2,2588,1,4995
25478,draftkings,classic,1100,-0.38,19.62,-1.88,0,0.01,18.84,2273.9,2195,7,4998
25478,draftkings,classic,216,-0.38,19.62,-1.88,0,0.02,18.34,2336.1,2261,9,5001
25478,draftkings,classic,1120,-0.41,19.59,-2.07,0,0,18.9,2363.8,2285,16,4997
25478,draftkings,classic,4035,-0.41,19.59,-2.06,0,0.02,18.13,2343,2290,8,4998
25478,draftkings,classic,2654,-0.42,19.58,-2.12,0,0.01,17.99,2405.3,2338,7,4997
25478,draftkings,classic,1587,-0.42,19.58,-2.08,0,0.01,19.06,2201.8,2125,8,4985
25478,draftkings,classic,1198,-0.42,19.58,-2.08,0,0,19.26,2265.1,2178,11,4989
25478,draftkings,classic,2031,-0.43,19.57,-2.14,0,0.04,17.79,2321.9,2266,5,4999
25478,draftkings,classic,1032,-0.45,19.55,-2.25,0,0.04,17.15,2515.7,2490,5,5000
25478,draftkings,classic,3635,-0.47,19.53,-2.33,0,0.01,18.46,2318.3,2247,8,5000
25478,draftkings,classic,555,-0.47,19.53,-2.37,0,0.01,19.24,2252.2,2149,10,4998
25478,draftkings,classic,4576,-0.49,19.51,-2.44,0,0.03,16.86,2373,2312,3,5000
25478,draftkings,classic,3773,-0.5,19.5,-2.5,0,0.04,17.24,2407.6,2373,6,4997
25478,draftkings,classic,1493,-0.52,19.48,-2.6,0,0,19.44,2264.4,2189,22,4996
25478,draftkings,classic,895,-0.52,19.48,-2.6,0,0.04,18.09,2321.6,2246,5,4988
25478,draftkings,classic,3827,-0.53,19.47,-2.66,0,0.01,18.77,2242.6,2153,4,5000
25478,draftkings,classic,4299,-0.56,19.44,-2.82,0,0.01,18.53,2342.1,2296,10,4980
25478,draftkings,classic,668,-0.56,19.44,-2.79,0,0,19.9,2196.9,2089,18,4988
25478,draftkings,classic,3041,-0.59,19.41,-2.97,0,0.01,17.4,2544.2,2557,7,4998
25478,draftkings,classic,3700,-0.62,19.38,-3.08,0,0.01,17.45,2425.6,2391,8,4999
25478,draftkings,classic,1862,-0.63,19.37,-3.16,0,0.03,17.96,2345.9,2273,7,4998
25478,draftkings,classic,936,-0.64,19.36,-3.2,0,0.02,19.32,2205.9,2096,6,4986
25478,draftkings,classic,3563,-0.66,19.34,-3.28,0,0.01,18.5,2206,2119,6,4980
25478,draftkings,classic,3356,-0.7,19.3,-3.49,0.01,0.02,16.37,2266.2,2219,1,4977
25478,draftkings,classic,4066,-0.71,19.29,-3.56,0,0.01,17.2,2591.3,2589,5,5001
25478,draftkings,classic,1589,-0.72,19.28,-3.58,0,0,19.53,2100.1,2015,14,4955
25478,draftkings,classic,2451,-0.72,19.28,-3.6,0,0.03,16.83,2468.4,2454,3,4997
25478,draftkings,classic,3427,-0.74,19.26,-3.71,0,0.02,18.28,2309.7,2253,5,4982
25478,draftkings,classic,1865,-0.76,19.24,-3.79,0,0,19.12,2270.8,2185,16,4987
25478,draftkings,classic,4645,-0.76,19.24,-3.81,0,0.04,17.03,2436.3,2388,4,5000
25478,draftkings,classic,560,-0.77,19.23,-3.85,0,0,18.6,2355.8,2281,12,4978
25478,draftkings,classic,4862,-0.78,19.22,-3.88,0,0.02,17.28,2383.2,2348,4,4998
25478,draftkings,classic,1800,-0.79,19.21,-3.96,0,0.03,16.47,2501.2,2476,3,5001
25478,draftkings,classic,425,-0.81,19.19,-4.05,0,0.01,19.26,2365,2264,6,4999
25478,draftkings,classic,1490,-0.86,19.14,-4.28,0,0.01,17.11,2579.2,2593,9,4999
25478,draftkings,classic,3380,-0.88,19.12,-4.42,0,0.03,17.67,2296.7,2212,3,4984
25478,draftkings,classic,32,-0.9,19.1,-4.52,0,0.01,18.19,2415.8,2365,6,4994
25478,draftkings,classic,2400,-0.91,19.09,-4.55,0,0.02,17.36,2430.4,2386,6,5000
25478,draftkings,classic,1093,-0.93,19.07,-4.65,0,0.02,17.45,2413,2382,7,5001
25478,draftkings,classic,366,-0.93,19.07,-4.66,0,0.01,17.62,2398.8,2359,9,5000
25478,draftkings,classic,2551,-0.93,19.07,-4.63,0,0.01,17.9,2346.3,2297,4,4992
25478,draftkings,classic,3573,-0.94,19.06,-4.72,0,0.04,17.75,2362.7,2309,6,5000
25478,draftkings,classic,3087,-0.96,19.04,-4.8,0,0.03,15,2689.6,2731,2,5001
25478,draftkings,classic,1006,-0.97,19.03,-4.84,0,0.01,16.88,2435.3,2414,3,4995
25478,draftkings,classic,3402,-0.97,19.03,-4.85,0,0,18.48,2428.4,2361,14,5000
25478,draftkings,classic,2542,-0.97,19.03,-4.86,0,0.02,18.15,2353,2317,6,4999
25478,draftkings,classic,2038,-0.97,19.03,-4.86,0,0.04,16.55,2599.7,2613,4,5000
25478,draftkings,classic,3308,-0.97,19.03,-4.84,0,0.01,17.65,2525.7,2538,7,5001
25478,draftkings,classic,1596,-0.98,19.02,-4.89,0,0,18.56,2288.9,2229,12,4983
25478,draftkings,classic,4904,-1,19,-5.01,0,0.03,17.23,2480,2471,9,5000
25478,draftkings,classic,3474,-1.01,18.99,-5.04,0,0.01,18.58,2440,2399,10,5000
25478,draftkings,classic,1603,-1.05,18.95,-5.27,0.01,0.02,15.83,2500.4,2496,1,4992
25478,draftkings,classic,1367,-1.05,18.95,-5.25,0,0.01,18.17,2272.5,2201,10,4999
25478,draftkings,classic,4207,-1.08,18.92,-5.4,0.01,0.02,13.96,2673.2,2755,1,4999
25478,draftkings,classic,552,-1.11,18.89,-5.56,0,0.04,14.85,2516.1,2495,2,4995
25478,draftkings,classic,1395,-1.13,18.87,-5.67,0,0,18.72,2239.4,2151,15,4997
25478,draftkings,classic,3478,-1.16,18.84,-5.82,0,0,18.66,2298,2208,23,4983
25478,draftkings,classic,4346,-1.16,18.84,-5.8,0,0,19.16,2242.7,2122,18,4996
25478,draftkings,classic,1359,-1.17,18.83,-5.87,0,0.03,17.17,2303.5,2263,4,4981
25478,draftkings,classic,3997,-1.17,18.83,-5.83,0,0,18.56,2305.9,2195,14,5000
25478,draftkings,classic,995,-1.18,18.82,-5.91,0,0.02,17.06,2614,2638,7,5001
25478,draftkings,classic,1366,-1.2,18.8,-6.01,0,0.02,18.48,2333.6,2257,5,5000
25478,draftkings,classic,542,-1.2,18.8,-5.98,0,0,18.42,2287.9,2208,17,5000
25478,draftkings,classic,4086,-1.21,18.79,-6.04,0,0.06,15.48,2586.1,2589,5,5000
25478,draftkings,classic,68,-1.22,18.78,-6.08,0,0,19.1,2285.5,2193,14,5000
25478,draftkings,classic,1135,-1.23,18.77,-6.13,0,0,19.78,2164.9,2056,24,4976
25478,draftkings,classic,3626,-1.24,18.76,-6.18,0,0.03,16.32,2550.7,2566,6,4998
25478,draftkings,classic,3197,-1.29,18.71,-6.43,0,0.03,15.86,2548.8,2543,3,4999
25478,draftkings,classic,2606,-1.35,18.65,-6.76,0,0,18.88,2170.3,2076,11,4979
25478,draftkings,classic,2421,-1.37,18.63,-6.86,0,0.01,18.61,2243.8,2157,10,4998
25478,draftkings,classic,2453,-1.38,18.61,-6.93,0,0.01,16.93,2424.5,2369,3,5000
25478,draftkings,classic,1632,-1.38,18.62,-6.92,0,0.03,17.33,2466.8,2424,9,5000
25478,draftkings,classic,3976,-1.41,18.59,-7.06,0,0.02,17.55,2266.4,2204,7,4992
25478,draftkings,classic,858,-1.42,18.58,-7.12,0.01,0.02,14.82,2601,2633,1,4999
25478,draftkings,classic,1237,-1.43,18.57,-7.13,0,0,17.89,2360.3,2315,12,4995
25478,draftkings,classic,4160,-1.44,18.56,-7.18,0,0.01,17.62,2332.2,2280,9,4994
25478,draftkings,classic,3145,-1.45,18.55,-7.26,0,0.01,18.34,2224.6,2135,7,5001
25478,draftkings,classic,4869,-1.46,18.55,-7.28,0,0.02,17.96,2267.5,2199,6,4999
25478,draftkings,classic,4671,-1.46,18.54,-7.3,0,0,18.49,2207.3,2114,15,4993
25478,draftkings,classic,4948,-1.48,18.52,-7.39,0,0,18.26,2381.7,2301,18,5001
25478,draftkings,classic,4796,-1.48,18.52,-7.38,0,0.03,16.55,2491.6,2470,6,5001
25478,draftkings,classic,3269,-1.51,18.49,-7.55,0,0,18.18,2434.7,2376,12,4998
25478,draftkings,classic,1215,-1.51,18.49,-7.57,0,0.01,17.1,2346.1,2306,5,4991
25478,draftkings,classic,3838,-1.52,18.48,-7.61,0,0.03,15.9,2444.5,2418,3,5001
25478,draftkings,classic,4355,-1.53,18.47,-7.64,0,0,19.19,2300.4,2190,11,4995
25478,draftkings,classic,3559,-1.53,18.47,-7.64,0,0.04,15.55,2555,2575,5,5000
25478,draftkings,classic,3555,-1.55,18.45,-7.75,0,0,19.35,2205.1,2111,14,4998
25478,draftkings,classic,190,-1.55,18.45,-7.75,0,0.01,17.1,2235.1,2182,2,4979
25478,draftkings,classic,3169,-1.56,18.44,-7.8,0,0.02,17.39,2483.3,2462,7,4999
25478,draftkings,classic,4518,-1.56,18.44,-7.82,0,0,17.57,2556.4,2544,13,5001
25478,draftkings,classic,3662,-1.57,18.43,-7.83,0,0.01,16.92,2499.7,2478,5,5001
25478,draftkings,classic,4339,-1.59,18.41,-7.97,0,0.01,17.79,2365.3,2313,9,4997
25478,draftkings,classic,1526,-1.59,18.41,-7.94,0,0.01,17.01,2264.7,2216,2,4998
25478,draftkings,classic,3604,-1.59,18.41,-7.96,0.01,0.04,13.33,2690,2744,1,5000
25478,draftkings,classic,72,-1.6,18.4,-8.02,0,0,17.65,2372,2322,13,4988
25478,draftkings,classic,4108,-1.6,18.4,-8,0.01,0.02,14.96,2701.5,2769,1,4998
25478,draftkings,classic,2737,-1.6,18.4,-7.99,0,0,18.23,2288.9,2216,13,5000
25478,draftkings,classic,949,-1.66,18.34,-8.32,0,0.01,17.92,2299.8,2259,8,4970
25478,draftkings,classic,1449,-1.67,18.33,-8.37,0,0.01,17.67,2350.2,2301,10,4998
25478,draftkings,classic,2789,-1.7,18.3,-8.49,0,0,18.3,2317.9,2215,11,4994
25478,draftkings,classic,3514,-1.71,18.29,-8.53,0,0,18.03,2450.5,2426,25,4997
25478,draftkings,classic,281,-1.74,18.26,-8.7,0,0.03,14.84,2520.7,2527,2,5000
25478,draftkings,classic,4226,-1.74,18.26,-8.68,0,0.01,16.55,2466,2450,4,5000
25478,draftkings,classic,2452,-1.74,18.26,-8.72,0,0.05,15.99,2617.1,2664,7,5000
25478,draftkings,classic,1940,-1.75,18.25,-8.74,0,0.02,16.9,2380.5,2325,6,4992
25478,draftkings,classic,1325,-1.78,18.22,-8.9,0,0,18.02,2291.8,2202,12,4990
25478,draftkings,classic,1230,-1.79,18.21,-8.95,0,0,17.24,2448.8,2423,14,4994
25478,draftkings,classic,939,-1.8,18.2,-8.98,0,0.03,16.03,2560.3,2553,4,4998
25478,draftkings,classic,2250,-1.86,18.14,-9.32,0,0.03,16.76,2373.1,2324,5,4998
25478,draftkings,classic,2497,-1.88,18.12,-9.41,0,0,18.07,2476.2,2441,31,5000
25478,draftkings,classic,667,-1.89,18.11,-9.44,0,0,18.24,2361.5,2300,35,4995
25478,draftkings,classic,1434,-1.91,18.09,-9.53,0,0,18.29,2287.1,2206,13,4993
25478,draftkings,classic,2830,-1.92,18.08,-9.61,0,0,17.89,2437.2,2368,19,5000
25478,draftkings,classic,1108,-1.92,18.08,-9.6,0,0.01,16.97,2359.4,2326,8,4993
25478,draftkings,classic,227,-1.92,18.08,-9.61,0,0.01,17.46,2311.7,2264,9,4987
25478,draftkings,classic,2302,-1.95,18.05,-9.76,0,0.03,16.11,2424.5,2393,4,5001
25478,draftkings,classic,4227,-1.96,18.04,-9.81,0,0.02,16.34,2493.4,2493,7,5000
25478,draftkings,classic,4248,-1.96,18.04,-9.78,0,0.01,18.24,2266.1,2190,9,4991
25478,draftkings,classic,2450,-1.97,18.03,-9.84,0,0.03,14.51,2624.1,2659,2,5000
25478,draftkings,classic,2489,-1.98,18.02,-9.91,0,0.01,15.63,2628.1,2668,7,5001
25478,draftkings,classic,1380,-1.98,18.02,-9.92,0,0.01,17.04,2527,2514,4,4999
25478,draftkings,classic,1353,-1.99,18.01,-9.94,0,0.04,14.5,2587.6,2610,4,5000
25478,draftkings,classic,4749,-2.01,17.99,-10.05,0,0,17.91,2241.5,2192,11,4969
25478,draftkings,classic,3391,-2.02,17.98,-10.12,0,0,18.38,2222.8,2145,16,4994
25478,draftkings,classic,137,-2.05,17.95,-10.25,0,0.02,15.68,2539.1,2539,2,4997
25478,draftkings,classic,1733,-2.06,17.94,-10.32,0,0.01,17.39,2281.8,2209,8,5001
25478,draftkings,classic,116,-2.07,17.93,-10.34,0,0,17.81,2343,2295,16,4997
25478,draftkings,classic,2368,-2.1,17.9,-10.5,0,0.01,17.83,2353.4,2298,10,4994
25478,draftkings,classic,2233,-2.11,17.89,-10.54,0,0.02,15.71,2469.3,2467,3,4996
25478,draftkings,classic,4899,-2.12,17.88,-10.6,0,0,17.49,2448,2403,21,4996
25478,draftkings,classic,2177,-2.13,17.87,-10.65,0,0.01,16.48,2544.3,2530,9,5000
25478,draftkings,classic,2768,-2.15,17.85,-10.77,0,0,16.14,2511.7,2506,12,5001
25478,draftkings,classic,3818,-2.16,17.84,-10.81,0,0.01,17.55,2331,2252,9,5000
25478,draftkings,classic,1227,-2.17,17.82,-10.87,0,0.03,15.29,2529.5,2530,4,4997
25478,draftkings,classic,4996,-2.17,17.83,-10.84,0,0.01,16.62,2448,2434,5,4998
25478,draftkings,classic,3527,-2.19,17.81,-10.96,0,0.03,16.15,2414.1,2389,5,4999
25478,draftkings,classic,1838,-2.19,17.81,-10.96,0,0.03,17.4,2255.3,2181,6,4974
25478,draftkings,classic,3916,-2.2,17.8,-10.98,0,0,17.77,2375,2307,18,4998
25478,draftkings,classic,2843,-2.21,17.79,-11.05,0,0.03,16.03,2445.3,2421,5,4994
25478,draftkings,classic,901,-2.22,17.78,-11.08,0,0,18.77,2155.9,2051,25,4978
25478,draftkings,classic,2873,-2.23,17.77,-11.15,0,0.02,17.15,2360,2305,8,4992
25478,draftkings,classic,2566,-2.24,17.76,-11.19,0,0.05,14.18,2639.5,2670,2,5001
25478,draftkings,classic,4384,-2.25,17.75,-11.23,0,0.02,16.42,2434.7,2401,4,4994
25478,draftkings,classic,4304,-2.25,17.75,-11.23,0,0.03,16.13,2296,2234,4,4992
25478,draftkings,classic,1256,-2.26,17.74,-11.3,0,0,17.28,2440.3,2412,17,4999
25478,draftkings,classic,3944,-2.27,17.73,-11.33,0,0.02,16.36,2400.7,2386,6,4982
25478,draftkings,classic,3285,-2.28,17.72,-11.39,0,0.03,16.48,2429.1,2405,7,4998
25478,draftkings,classic,268,-2.29,17.71,-11.47,0,0,17.76,2254,2187,12,4985
25478,draftkings,classic,1185,-2.3,17.7,-11.48,0,0.03,16.34,2495.3,2482,6,5000
25478,draftkings,classic,2644,-2.31,17.69,-11.55,0,0,18.16,2228.9,2128,22,4995
25478,draftkings,classic,3260,-2.32,17.68,-11.58,0,0,17.56,2328,2256,14,4999
25478,draftkings,classic,784,-2.33,17.67,-11.65,0,0,18.31,2252.6,2170,41,4978
25478,draftkings,classic,3116,-2.34,17.66,-11.72,0,0.02,17.01,2355.5,2310,5,4994
25478,draftkings,classic,1735,-2.34,17.66,-11.68,0,0,18.86,2146.7,2025,15,4974
25478,draftkings,classic,3952,-2.37,17.63,-11.83,0,0.03,16.29,2382.6,2366,5,4997
25478,draftkings,classic,1640,-2.38,17.62,-11.9,0,0.02,16.69,2394.1,2383,9,4992
25478,draftkings,classic,1701,-2.38,17.62,-11.89,0,0.01,16.43,2425.3,2391,4,4997
25478,draftkings,classic,3607,-2.39,17.61,-11.96,0,0.01,16.89,2298.4,2250,5,4976
25478,draftkings,classic,508,-2.4,17.6,-12,0,0,16.32,2560.6,2567,11,4997
25478,draftkings,classic,687,-2.41,17.59,-12.07,0,0.01,16.4,2439.7,2411,3,4997
25478,draftkings,classic,4825,-2.43,17.57,-12.14,0,0.02,15.26,2772.3,2866,4,5001
25478,draftkings,classic,972,-2.43,17.57,-12.14,0,0.02,16.12,2560,2564,9,4991
25478,draftkings,classic,289,-2.46,17.54,-12.29,0,0,17.25,2532.6,2526,15,4999
25478,draftkings,classic,170,-2.48,17.52,-12.38,0,0,17.16,2424.5,2361,25,5000
25478,draftkings,classic,3117,-2.48,17.52,-12.38,0,0.02,15.7,2495.1,2460,4,4994
25478,draftkings,classic,2616,-2.48,17.52,-12.41,0,0.01,16.97,2355.7,2308,7,4984
25478,draftkings,classic,969,-2.48,17.52,-12.4,0,0.02,16.63,2340.5,2290,6,4991
25478,draftkings,classic,4966,-2.49,17.51,-12.44,0,0,15.99,2532,2520,13,5000
25478,draftkings,classic,417,-2.49,17.51,-12.43,0,0.01,16.54,2553.5,2560,9,5000
25478,draftkings,classic,690,-2.5,17.5,-12.5,0,0,17.8,2410.8,2349,20,4997
25478,draftkings,classic,3094,-2.5,17.5,-12.5,0,0.03,15.92,2551.5,2545,6,4999
25478,draftkings,classic,633,-2.51,17.49,-12.55,0,0.01,16.16,2447.5,2406,9,4998
25478,draftkings,classic,3870,-2.51,17.49,-12.55,0,0.02,16.22,2489.4,2461,7,5000
25478,draftkings,classic,3097,-2.52,17.48,-12.59,0,0,17.9,2251.5,2166,15,4997
25478,draftkings,classic,3808,-2.53,17.47,-12.65,0,0.01,16.99,2411.4,2391,8,4996
25478,draftkings,classic,916,-2.54,17.46,-12.71,0,0,16.83,2383.2,2360,12,4999
25478,draftkings,classic,4765,-2.55,17.45,-12.74,0,0,16.02,2627.5,2635,14,5001
25478,draftkings,classic,2156,-2.56,17.44,-12.78,0,0,16.62,2472.6,2451,12,5000
25478,draftkings,classic,3772,-2.59,17.41,-12.94,0,0.01,17.19,2266.6,2206,9,4969
25478,draftkings,classic,3712,-2.6,17.4,-13.02,0,0,17.8,2240.6,2171,21,4976
25478,draftkings,classic,4261,-2.61,17.39,-13.06,0,0.01,17.42,2326.3,2280,9,4955
25478,draftkings,classic,1645,-2.61,17.39,-13.05,0,0,17.63,2296.5,2244,13,4983
25478,draftkings,classic,4917,-2.63,17.37,-13.14,0,0.02,15.58,2538.8,2546,10,4998
25478,draftkings,classic,1385,-2.65,17.35,-13.24,0,0.01,16.75,2333.3,2296,8,4979
25478,draftkings,classic,140,-2.68,17.32,-13.42,0,0,17.35,2451.8,2392,13,5001
25478,draftkings,classic,2749,-2.69,17.31,-13.46,0,0.02,15.75,2525.3,2501,6,4998
25478,draftkings,classic,1183,-2.69,17.31,-13.43,0,0.01,17.15,2237.8,2165,8,4959
25478,draftkings,classic,1962,-2.7,17.3,-13.48,0,0.06,13.36,2675.6,2726,2,5000
25478,draftkings,classic,1253,-2.7,17.3,-13.52,0,0.02,16.88,2291.2,2220,6,5000
25478,draftkings,classic,2555,-2.72,17.28,-13.61,0,0.01,16.76,2480.7,2455,10,4999
25478,draftkings,classic,751,-2.72,17.27,-13.63,0,0,17.14,2432.5,2386,17,5001
25478,draftkings,classic,637,-2.75,17.25,-13.76,0,0,17.55,2257.7,2194,17,4990
25478,draftkings,classic,3364,-2.77,17.23,-13.85,0,0.02,16.72,2344.1,2308,4,4988
25478,draftkings,classic,3522,-2.79,17.21,-13.97,0,0.03,16.55,2353.2,2276,7,4993
25478,draftkings,classic,1212,-2.79,17.21,-13.97,0,0.02,16.24,2403.3,2375,4,4994
25478,draftkings,classic,2699,-2.81,17.19,-14.05,0,0.01,15.22,2670.7,2709,4,5001
25478,draftkings,classic,3198,-2.84,17.16,-14.22,0,0,15.71,2547.7,2551,15,5000
25478,draftkings,classic,4877,-2.84,17.16,-14.21,0,0.01,17.86,2205.1,2118,7,4960
25478,draftkings,classic,4428,-2.85,17.15,-14.25,0,0.01,15.21,2676,2709,3,5001
25478,draftkings,classic,4178,-2.85,17.15,-14.25,0,0.01,17.06,2332.8,2281,8,4981
25478,draftkings,classic,2289,-2.87,17.13,-14.35,0,0.02,16.26,2430,2404,8,4987
25478,draftkings,classic,4961,-2.92,17.08,-14.6,0,0.02,15.26,2498.4,2492,3,4998
25478,draftkings,classic,4418,-2.92,17.08,-14.58,0,0,16.61,2505.5,2496,16,4998
25478,draftkings,classic,4114,-2.92,17.08,-14.62,0,0.01,16.09,2450.1,2442,5,4999
25478,draftkings,classic,3264,-2.97,17.03,-14.84,0,0.03,15.83,2472.9,2448,5,4997
25478,draftkings,classic,1397,-2.97,17.03,-14.85,0,0,17.64,2223.4,2138,20,4998
25478,draftkings,classic,2923,-2.98,17.02,-14.9,0,0.01,16.1,2499.1,2470,8,5001
25478,draftkings,classic,2062,-3.02,16.98,-15.08,0,0,16.44,2510.7,2478,15,4995
25478,draftkings,classic,3760,-3.07,16.93,-15.35,0,0.01,17.08,2324.1,2251,10,4997
25478,draftkings,classic,3347,-3.07,16.93,-15.36,0,0.01,15.99,2524.7,2526,7,4998
25478,draftkings,classic,1429,-3.1,16.9,-15.5,0.01,0.04,13.43,2542.2,2531,1,5000
25478,draftkings,classic,2702,-3.11,16.89,-15.55,0,0,16.46,2572.6,2547,14,4998
25478,draftkings,classic,1313,-3.11,16.89,-15.53,0.01,0.03,13.6,2560.4,2564,1,5000
25478,draftkings,classic,2258,-3.12,16.89,-15.58,0,0,15.71,2474.3,2449,11,4996
25478,draftkings,classic,960,-3.12,16.88,-15.58,0,0.01,16.18,2426.5,2393,10,5000
25478,draftkings,classic,4657,-3.12,16.88,-15.59,0,0.03,14.09,2743.8,2832,5,5000
25478,draftkings,classic,576,-3.14,16.86,-15.69,0,0,17.86,2188.7,2099,11,4985
25478,draftkings,classic,955,-3.15,16.85,-15.76,0,0.01,16.25,2441.8,2394,9,5001
25478,draftkings,classic,3412,-3.18,16.82,-15.88,0,0,16.72,2518,2506,23,5000
25478,draftkings,classic,2164,-3.21,16.79,-16.05,0,0.02,15.19,2663.9,2715,7,5000
25478,draftkings,classic,4819,-3.22,16.78,-16.11,0,0.01,15.96,2506.6,2477,6,5000
25478,draftkings,classic,172,-3.23,16.77,-16.16,0,0.01,16.1,2378.1,2323,5,4997
25478,draftkings,classic,4896,-3.23,16.77,-16.13,0,0.01,14.69,2515.8,2506,3,5001
25478,draftkings,classic,2882,-3.24,16.76,-16.22,0,0.01,17.02,2256.6,2177,5,4995
25478,draftkings,classic,1416,-3.24,16.76,-16.21,0,0.01,15.74,2634.4,2686,10,5000
25478,draftkings,classic,1634,-3.28,16.72,-16.38,0,0.01,17.05,2234.4,2170,6,4997
25478,draftkings,classic,4929,-3.29,16.71,-16.46,0,0.01,17.14,2233.1,2158,7,4987
25478,draftkings,classic,427,-3.3,16.7,-16.5,0.01,0.03,13.27,2636.8,2671,1,4999
25478,draftkings,classic,4936,-3.34,16.66,-16.7,0,0.03,14.32,2675.3,2719,3,5001
25478,draftkings,classic,4365,-3.35,16.65,-16.76,0,0,16.86,2534.1,2499,15,5001
25478,draftkings,classic,132,-3.37,16.63,-16.85,0,0.01,16.84,2307,2248,9,4996
25478,draftkings,classic,3530,-3.38,16.62,-16.91,0,0.01,16.88,2248,2160,5,4985
25478,draftkings,classic,3810,-3.38,16.62,-16.92,0,0.01,16.48,2305.9,2257,8,4991
25478,draftkings,classic,1614,-3.38,16.62,-16.89,0,0,16.56,2536.8,2494,20,4999
25478,draftkings,classic,3698,-3.39,16.61,-16.97,0,0.02,16.28,2439.3,2399,8,5001
25478,draftkings,classic,4056,-3.39,16.61,-16.94,0,0.01,15.41,2607,2631,8,5000
25478,draftkings,classic,3401,-3.4,16.6,-17,0,0.01,16.65,2357.8,2304,10,4995
25478,draftkings,classic,4357,-3.45,16.55,-17.23,0,0.03,15.84,2400.3,2356,7,5001
25478,draftkings,classic,4215,-3.45,16.55,-17.24,0,0.01,15.77,2639.8,2642,10,4998
25478,draftkings,classic,4445,-3.46,16.54,-17.3,0,0.03,15.35,2462.6,2454,5,4998
25478,draftkings,classic,1998,-3.48,16.52,-17.41,0,0.02,15.72,2421.9,2396,10,4992
25478,draftkings,classic,4932,-3.52,16.48,-17.6,0,0.01,15.5,2501.8,2490,7,5001
25478,draftkings,classic,4557,-3.56,16.44,-17.78,0,0,16.76,2273.6,2191,11,4996
25478,draftkings,classic,1030,-3.56,16.44,-17.82,0,0.02,16.24,2308.3,2248,4,4998
25478,draftkings,classic,4805,-3.57,16.43,-17.84,0,0.01,16.38,2316.3,2256,6,4996
25478,draftkings,classic,823,-3.58,16.42,-17.92,0,0.06,13.97,2836.3,2940,6,5001
25478,draftkings,classic,1242,-3.58,16.42,-17.89,0,0,17.05,2211.4,2135,25,4993
25478,draftkings,classic,2396,-3.58,16.42,-17.88,0,0,17.35,2290.4,2208,26,4969
25478,draftkings,classic,3747,-3.6,16.4,-18.01,0,0.02,16.5,2339.3,2285,7,4991
25478,draftkings,classic,2297,-3.62,16.38,-18.12,0,0.05,11.66,2704.8,2746,2,4997
25478,draftkings,classic,769,-3.64,16.36,-18.18,0,0.03,15.01,2522.3,2511,6,5001
25478,draftkings,classic,4078,-3.64,16.36,-18.2,0,0.02,15.1,2618.2,2625,7,5001
25478,draftkings,classic,2292,-3.66,16.34,-18.31,0,0,16.4,2404.4,2375,18,4995
25478,draftkings,classic,1422,-3.67,16.33,-18.36,0,0.01,16.73,2264.6,2201,6,4997
25478,draftkings,classic,1846,-3.68,16.32,-18.42,0,0.01,16.51,2307.6,2230,10,4964
25478,draftkings,classic,1241,-3.69,16.31,-18.43,0,0,16.8,2383.4,2340,25,4999
25478,draftkings,classic,2389,-3.73,16.27,-18.67,0,0,17.54,2314.5,2222,27,4997
25478,draftkings,classic,3155,-3.75,16.25,-18.77,0,0.01,16.08,2484.8,2436,8,4992
25478,draftkings,classic,3001,-3.75,16.25,-18.75,0,0.01,16.43,2400.8,2372,10,4997
25478,draftkings,classic,1843,-3.77,16.23,-18.87,0,0,16.25,2395.2,2376,13,4997
25478,draftkings,classic,2204,-3.78,16.22,-18.89,0,0.02,13.76,2651.3,2683,2,5001
25478,draftkings,classic,2371,-3.79,16.21,-18.94,0,0.02,14.93,2494.4,2456,4,4991
25478,draftkings,classic,3317,-3.8,16.2,-19,0,0,16.14,2604.2,2604,19,5000
25478,draftkings,classic,2679,-3.82,16.18,-19.11,0,0.02,15.21,2531.9,2532,5,4998
25478,draftkings,classic,4842,-3.83,16.17,-19.17,0,0,16.18,2638.6,2653,13,5001
25478,draftkings,classic,1339,-3.85,16.15,-19.23,0,0,17.41,2370.6,2289,48,4998
25478,draftkings,classic,3136,-3.86,16.14,-19.31,0,0,16.44,2304.3,2248,18,4990
25478,draftkings,classic,2047,-3.87,16.13,-19.34,0,0,15.87,2463.7,2445,12,4999
25478,draftkings,classic,4949,-3.88,16.12,-19.39,0,0.01,15.87,2377.8,2341,6,4995
25478,draftkings,classic,2037,-3.88,16.12,-19.38,0,0,15.46,2559.1,2569,16,5000
25478,draftkings,classic,4806,-3.88,16.12,-19.38,0,0,16.5,2309.5,2239,15,4978
25478,draftkings,classic,406,-3.9,16.1,-19.5,0,0.01,14.91,2549.4,2580,6,4995
25478,draftkings,classic,2548,-3.9,16.1,-19.49,0,0,16.73,2398.7,2327,29,4996
25478,draftkings,classic,2561,-3.92,16.08,-19.62,0,0.01,13.94,2522.9,2511,2,4994
25478,draftkings,classic,4465,-3.94,16.07,-19.68,0.01,0.03,11.8,2752.4,2807,1,5001
25478,draftkings,classic,3774,-3.94,16.06,-19.71,0,0,17.23,2397,2318,24,5000
25478,draftkings,classic,2397,-3.94,16.06,-19.69,0,0,16.95,2347.3,2277,30,4981
25478,draftkings,classic,1229,-3.98,16.02,-19.9,0,0,15.94,2651.5,2663,24,5001
25478,draftkings,classic,4282,-3.98,16.02,-19.88,0,0,16.16,2261.4,2188,15,4985
25478,draftkings,classic,1349,-3.98,16.02,-19.89,0,0,16.9,2258.1,2184,15,4991
25478,draftkings,classic,2639,-4,16,-20,0,0,16.17,2466,2439,26,4992
25478,draftkings,classic,4140,-4.01,15.99,-20.05,0,0,15.93,2528.2,2511,24,4998
25478,draftkings,classic,1920,-4.05,15.95,-20.26,0,0.01,16.34,2277.5,2213,10,4983
25478,draftkings,classic,772,-4.06,15.94,-20.29,0,0,15.35,2623,2621,13,5001
25478,draftkings,classic,3978,-4.06,15.94,-20.32,0,0,15.78,2427.4,2399,11,4995
25478,draftkings,classic,4392,-4.07,15.93,-20.37,0,0.01,15.56,2593.5,2593,10,4994
25478,draftkings,classic,507,-4.07,15.93,-20.36,0,0,15.91,2383.4,2323,21,5001
25478,draftkings,classic,3305,-4.07,15.93,-20.36,0,0,15.74,2597.5,2578,25,5001
25478,draftkings,classic,2381,-4.09,15.91,-20.43,0,0.01,13.49,2728.7,2775,2,5001
25478,draftkings,classic,3355,-4.11,15.89,-20.57,0,0,15.65,2361,2309,13,4992
25478,draftkings,classic,4848,-4.12,15.88,-20.6,0,0.03,15.26,2412.4,2355,4,4999
25478,draftkings,classic,13,-4.12,15.88,-20.59,0,0,16.74,2265.6,2180,13,4998
25478,draftkings,classic,2043,-4.13,15.87,-20.64,0,0,14.75,2481.4,2475,11,4990
25478,draftkings,classic,4607,-4.15,15.85,-20.76,0,0,15.57,2565,2555,11,4998
25478,draftkings,classic,828,-4.15,15.85,-20.77,0,0,16.88,2224.5,2154,22,4986
25478,draftkings,classic,3820,-4.16,15.84,-20.81,0,0.01,16.06,2266.8,2200,7,4981
25478,draftkings,classic,3771,-4.16,15.84,-20.78,0,0.02,15.73,2539.7,2521,8,5001
25478,draftkings,classic,1986,-4.17,15.83,-20.84,0,0.02,15.32,2575.5,2577,9,5000
25478,draftkings,classic,2814,-4.18,15.82,-20.88,0,0.01,15.97,2251.3,2197,6,4958
25478,draftkings,classic,3134,-4.18,15.82,-20.9,0,0.02,14.57,2610.7,2655,8,4999
25478,draftkings,classic,3333,-4.19,15.81,-20.94,0,0.01,14.92,2469.1,2444,7,4995
25478,draftkings,classic,2532,-4.2,15.8,-20.99,0,0,15.62,2561.2,2570,13,5001
25478,draftkings,classic,4416,-4.25,15.75,-21.24,0,0.01,15.92,2488.5,2457,9,4988
25478,draftkings,classic,4058,-4.26,15.74,-21.3,0,0,15.91,2607.3,2577,21,5001
25478,draftkings,classic,1000,-4.31,15.69,-21.55,0,0,15.75,2432.3,2379,14,4994
25478,draftkings,classic,526,-4.33,15.67,-21.65,0,0,16.49,2290.2,2212,11,4975
25478,draftkings,classic,718,-4.34,15.66,-21.7,0,0.02,14.34,2560.3,2549,4,4999
25478,draftkings,classic,4613,-4.34,15.66,-21.71,0,0,16.31,2371.6,2319,20,4995
25478,draftkings,classic,69,-4.35,15.65,-21.77,0,0,15.74,2373.4,2325,11,4998
25478,draftkings,classic,812,-4.35,15.65,-21.76,0,0,16,2547.2,2547,42,5000
25478,draftkings,classic,1459,-4.36,15.64,-21.82,0,0,15.91,2320.9,2276,16,4984
25478,draftkings,classic,3289,-4.36,15.64,-21.81,0,0,15.13,2559.2,2588,18,5000
25478,draftkings,classic,4461,-4.36,15.64,-21.79,0,0,16.12,2447.2,2411,28,5001
25478,draftkings,classic,249,-4.37,15.63,-21.84,0,0.01,16.38,2275.2,2215,10,4986
25478,draftkings,classic,3137,-4.38,15.62,-21.88,0,0.01,15.22,2413.4,2381,4,4998
25478,draftkings,classic,2020,-4.39,15.61,-21.95,0,0.02,13.24,2713.7,2776,3,4998
25478,draftkings,classic,1970,-4.39,15.61,-21.94,0,0,16.71,2247.9,2162,26,4981
25478,draftkings,classic,3981,-4.39,15.61,-21.96,0,0,16.02,2385.5,2334,13,4999
25478,draftkings,classic,1799,-4.4,15.6,-21.99,0,0,16.01,2367.2,2318,30,4992
25478,draftkings,classic,900,-4.42,15.58,-22.12,0,0,15.11,2438.5,2444,15,4979
25478,draftkings,classic,3523,-4.43,15.57,-22.17,0,0.02,14.11,2499.8,2490,3,5000
25478,draftkings,classic,915,-4.44,15.56,-22.18,0,0,15.64,2479.8,2465,14,5001
25478,draftkings,classic,4069,-4.46,15.54,-22.29,0,0,15.65,2320.4,2281,19,4994
25478,draftkings,classic,2248,-4.47,15.53,-22.36,0,0,15.36,2629.4,2655,22,5001
25478,draftkings,classic,3312,-4.47,15.53,-22.36,0,0,15.81,2528.6,2508,13,5001
25478,draftkings,classic,4181,-4.47,15.53,-22.33,0,0,15.3,2475.4,2455,16,4993
25478,draftkings,classic,142,-4.49,15.51,-22.46,0,0.01,13.85,2516.9,2521,2,4999
25478,draftkings,classic,2503,-4.49,15.51,-22.44,0,0.02,13.65,2541.8,2554,2,4992
25478,draftkings,classic,3776,-4.5,15.5,-22.51,0,0.01,15.77,2426,2389,9,4995
25478,draftkings,classic,686,-4.51,15.49,-22.57,0,0.01,14.67,2696.9,2736,10,5000
25478,draftkings,classic,2446,-4.53,15.47,-22.63,0,0,15.76,2385.1,2337,18,4995
25478,draftkings,classic,1786,-4.54,15.46,-22.69,0,0,14.96,2655,2680,12,4998
25478,draftkings,classic,299,-4.54,15.46,-22.69,0,0,15.54,2490.7,2447,19,5000
25478,draftkings,classic,653,-4.56,15.44,-22.78,0,0,15.41,2519.3,2512,16,4997
25478,draftkings,classic,4650,-4.57,15.44,-22.82,0,0.05,11.63,2728.7,2779,2,4997
25478,draftkings,classic,2481,-4.58,15.42,-22.88,0,0.02,14.7,2524.4,2530,8,5001
25478,draftkings,classic,2649,-4.61,15.39,-23.04,0,0,15.39,2427.3,2409,18,4998
25478,draftkings,classic,3749,-4.62,15.38,-23.11,0,0.03,14.34,2580.1,2590,5,4993
25478,draftkings,classic,698,-4.62,15.38,-23.08,0,0.02,15.15,2373.2,2340,7,4988
25478,draftkings,classic,3282,-4.63,15.37,-23.13,0,0,15.27,2488.9,2437,11,5000
25478,draftkings,classic,3702,-4.64,15.36,-23.22,0,0,15.14,2603.5,2621,12,5000
25478,draftkings,classic,1877,-4.64,15.36,-23.19,0,0,15.76,2662.4,2708,51,5001
25478,draftkings,classic,4394,-4.64,15.36,-23.22,0,0,15.95,2249.9,2187,20,4990
25478,draftkings,classic,4532,-4.65,15.35,-23.26,0,0,16.07,2361.7,2300,19,4995
25478,draftkings,classic,814,-4.66,15.34,-23.29,0,0,15.49,2392.6,2351,12,4991
25478,draftkings,classic,2893,-4.68,15.32,-23.38,0,0,15.01,2549.9,2568,11,4999
25478,draftkings,classic,3566,-4.7,15.3,-23.5,0,0,15.21,2397.1,2351,16,4998
25478,draftkings,classic,4841,-4.7,15.3,-23.5,0.01,0.01,13.36,2472,2443,1,4992
25478,draftkings,classic,3763,-4.72,15.28,-23.58,0,0,14.88,2524.3,2486,18,5000
25478,draftkings,classic,3725,-4.73,15.27,-23.67,0,0.01,15.88,2360.7,2308,9,4968
25478,draftkings,classic,3971,-4.75,15.25,-23.76,0,0.01,15.54,2364.3,2334,10,4997
25478,draftkings,classic,3044,-4.75,15.25,-23.75,0,0.02,13.73,2781.5,2876,6,5001
25478,draftkings,classic,2437,-4.8,15.2,-24.01,0,0,15.51,2436.7,2382,15,4991
25478,draftkings,classic,4260,-4.81,15.19,-24.03,0,0,14.71,2443,2426,13,4994
25478,draftkings,classic,4820,-4.83,15.17,-24.14,0,0.01,15.51,2228.7,2158,3,4991
25478,draftkings,classic,418,-4.86,15.14,-24.3,0,0.03,13.57,2600.3,2604,4,4994
25478,draftkings,classic,2750,-4.86,15.14,-24.28,0,0.02,13.85,2490.3,2483,5,4995
25478,draftkings,classic,4800,-4.88,15.12,-24.42,0,0,15.01,2617.2,2627,20,4997
25478,draftkings,classic,3572,-4.88,15.12,-24.39,0,0.02,14.59,2607.2,2596,6,5000
25478,draftkings,classic,2098,-4.88,15.12,-24.38,0,0,14.81,2412.1,2379,14,4994
25478,draftkings,classic,3414,-4.89,15.11,-24.44,0,0,15.57,2363.3,2325,26,4994
25478,draftkings,classic,3616,-4.91,15.09,-24.54,0,0.01,14.56,2453.7,2449,10,4983
25478,draftkings,classic,4879,-4.93,15.07,-24.64,0,0.01,15.15,2455.5,2414,10,5001
25478,draftkings,classic,3037,-4.94,15.06,-24.71,0,0.01,14.81,2622.1,2639,8,5001
25478,draftkings,classic,4747,-4.96,15.04,-24.79,0,0,15.83,2342.3,2266,25,4995
25478,draftkings,classic,3980,-4.98,15.02,-24.88,0,0.01,14.82,2354.4,2304,6,4984
25478,draftkings,classic,4923,-4.98,15.02,-24.89,0,0,14.79,2780.4,2841,13,5001
25478,draftkings,classic,4243,-4.98,15.02,-24.9,0,0,15.78,2504.6,2482,21,5001
25478,draftkings,classic,1625,-5,15,-25.01,0,0.03,13.43,2757.6,2837,6,5001
25478,draftkings,classic,2926,-5,15,-25.01,0,0.01,15.27,2417.4,2351,9,4998
25478,draftkings,classic,2846,-5.04,14.96,-25.2,0,0,15.84,2522.1,2469,48,4999
25478,draftkings,classic,1951,-5.06,14.94,-25.3,0,0.02,13.96,2482.1,2439,3,4996
25478,draftkings,classic,4167,-5.06,14.94,-25.31,0,0,14.49,2654.6,2688,16,4999
25478,draftkings,classic,4535,-5.07,14.93,-25.33,0,0.01,15.22,2444,2399,9,4998
25478,draftkings,classic,4704,-5.12,14.88,-25.6,0,0,15.95,2397.3,2358,25,4996
25478,draftkings,classic,1155,-5.12,14.88,-25.62,0,0.01,15,2408.1,2343,8,4990
25478,draftkings,classic,150,-5.13,14.87,-25.66,0,0.02,14.05,2600.2,2586,4,5000
25478,draftkings,classic,3279,-5.14,14.86,-25.69,0,0.02,14.14,2574.2,2577,4,4994
25478,draftkings,classic,3182,-5.15,14.85,-25.73,0,0.02,13.75,2517.9,2505,4,4994
25478,draftkings,classic,3947,-5.16,14.84,-25.8,0,0.01,14.86,2424.1,2387,6,4998
25478,draftkings,classic,4558,-5.16,14.84,-25.8,0,0.01,14.22,2533.5,2529,6,4999
25478,draftkings,classic,3560,-5.17,14.83,-25.83,0,0,14.69,2582.5,2604,18,5001
25478,draftkings,classic,131,-5.18,14.82,-25.88,0,0,15.69,2363.9,2303,21,4993
25478,draftkings,classic,2264,-5.18,14.82,-25.89,0,0,15.41,2355.6,2309,13,4988
25478,draftkings,classic,4769,-5.2,14.8,-25.99,0,0,14.98,2449.9,2410,14,4996
25478,draftkings,classic,379,-5.24,14.76,-26.2,0,0,15.89,2236.8,2166,31,4991
25478,draftkings,classic,2158,-5.27,14.73,-26.35,0,0.01,15.07,2348.4,2276,7,4997
25478,draftkings,classic,300,-5.28,14.72,-26.4,0,0.01,13.36,2557.3,2556,2,4993
25478,draftkings,classic,1334,-5.3,14.7,-26.48,0,0,14.67,2482.3,2458,22,4998
25478,draftkings,classic,2391,-5.3,14.7,-26.52,0,0,15.47,2318.4,2247,14,4992
25478,draftkings,classic,4499,-5.31,14.69,-26.53,0,0,15.74,2338.8,2249,23,5000
25478,draftkings,classic,1875,-5.31,14.69,-26.54,0,0,15.4,2356,2295,21,5000
25478,draftkings,classic,1306,-5.32,14.68,-26.59,0,0,14.86,2415.2,2367,13,5001
25478,draftkings,classic,4898,-5.34,14.66,-26.68,0,0,14.05,2767,2836,12,5001
25478,draftkings,classic,3099,-5.34,14.66,-26.72,0,0.01,14.1,2621.2,2646,7,4999
25478,draftkings,classic,3189,-5.36,14.64,-26.8,0,0,14.98,2518.7,2492,24,4997
25478,draftkings,classic,912,-5.36,14.64,-26.8,0,0,14.58,2674.7,2692,22,5001
25478,draftkings,classic,2774,-5.37,14.63,-26.86,0,0.01,14.74,2468,2454,9,4996
25478,draftkings,classic,4286,-5.38,14.62,-26.9,0,0,15.25,2342.3,2291,16,4987
25478,draftkings,classic,4702,-5.39,14.61,-26.97,0,0,15.25,2417.8,2360,23,4995
25478,draftkings,classic,1010,-5.39,14.61,-26.93,0,0.01,14.69,2358.3,2325,3,4999
25478,draftkings,classic,1707,-5.39,14.61,-26.96,0,0,14.68,2451.6,2417,22,4999
25478,draftkings,classic,755,-5.4,14.6,-26.98,0,0.02,14.73,2484.3,2478,8,4996
25478,draftkings,classic,3739,-5.4,14.6,-26.98,0,0,14.02,2566.7,2577,11,5000
25478,draftkings,classic,3986,-5.4,14.6,-26.99,0,0,14.47,2692.9,2729,28,4999
25478,draftkings,classic,3728,-5.41,14.59,-27.06,0.01,0.01,12.26,2617.9,2629,1,4997
25478,draftkings,classic,3426,-5.41,14.59,-27.04,0,0,15.55,2293.7,2220,14,4992
25478,draftkings,classic,1243,-5.43,14.57,-27.13,0,0,15.05,2380.9,2344,17,4988
25478,draftkings,classic,1498,-5.44,14.56,-27.19,0,0,14.98,2334.5,2292,14,4977
25478,draftkings,classic,674,-5.45,14.55,-27.27,0,0.01,14.53,2532.8,2513,5,4996
25478,draftkings,classic,1542,-5.47,14.53,-27.33,0,0,14.03,2523.8,2528,17,4996
25478,draftkings,classic,3525,-5.48,14.52,-27.4,0,0,14.61,2633,2641,16,5000
25478,draftkings,classic,1833,-5.48,14.52,-27.42,0,0,15.01,2571.8,2578,17,5001
25478,draftkings,classic,3382,-5.49,14.51,-27.46,0,0.01,13.32,2487.5,2491,2,4991
25478,draftkings,classic,811,-5.51,14.49,-27.55,0,0.01,13.66,2679.4,2716,7,5001
25478,draftkings,classic,4329,-5.55,14.45,-27.76,0,0,15.64,2295.5,2232,26,4976
25478,draftkings,classic,4327,-5.57,14.43,-27.87,0,0.01,13.8,2712.6,2771,9,5000
25478,draftkings,classic,4470,-5.57,14.43,-27.87,0,0.01,13.35,2644,2677,4,5001
25478,draftkings,classic,1663,-5.58,14.42,-27.88,0,0,15.08,2391.2,2346,32,4985
25478,draftkings,classic,4040,-5.59,14.41,-27.96,0,0.01,15.13,2312.9,2269,8,4983
25478,draftkings,classic,3829,-5.61,14.39,-28.03,0,0.01,14.33,2395.4,2350,5,5001
25478,draftkings,classic,3119,-5.62,14.38,-28.08,0,0.03,13.57,2526.3,2542,7,4999
25478,draftkings,classic,2720,-5.62,14.38,-28.08,0,0.01,14.44,2505.2,2487,10,5001
25478,draftkings,classic,4084,-5.62,14.38,-28.08,0,0.02,13.67,2529.2,2523,5,4996
25478,draftkings,classic,1234,-5.63,14.37,-28.17,0,0,14.88,2482.8,2443,13,4998
25478,draftkings,classic,4315,-5.65,14.35,-28.25,0,0.02,13.88,2589.4,2616,9,4998
25478,draftkings,classic,4221,-5.65,14.35,-28.27,0,0,15.17,2497.9,2455,49,5000
25478,draftkings,classic,3797,-5.67,14.33,-28.37,0,0,14.13,2551.1,2557,15,4994
25478,draftkings,classic,2051,-5.68,14.32,-28.42,0,0,13.8,2632.7,2655,11,5001
25478,draftkings,classic,2255,-5.71,14.29,-28.54,0,0,14.36,2547.1,2542,14,4994
25478,draftkings,classic,1133,-5.72,14.28,-28.6,0,0.02,13.52,2648.5,2662,5,5000
25478,draftkings,classic,770,-5.73,14.27,-28.63,0,0.02,13.95,2474.9,2463,5,4998
25478,draftkings,classic,4229,-5.74,14.26,-28.68,0,0,14.96,2520.5,2495,40,5000
25478,draftkings,classic,1554,-5.75,14.25,-28.75,0,0,14.39,2465.8,2437,14,4994
25478,draftkings,classic,927,-5.77,14.23,-28.86,0,0.01,12.35,2757.3,2847,2,4999
25478,draftkings,classic,2015,-5.77,14.23,-28.86,0,0.01,13.73,2577.8,2585,9,4993
25478,draftkings,classic,4466,-5.78,14.22,-28.9,0,0,15.44,2351.4,2298,24,4979
25478,draftkings,classic,1141,-5.78,14.22,-28.91,0,0,15.3,2289.9,2222,32,4995
25478,draftkings,classic,167,-5.81,14.19,-29.05,0,0.02,13.48,2454.6,2417,3,4995
25478,draftkings,classic,2804,-5.81,14.19,-29.07,0,0.01,12.85,2673.3,2705,6,5000
25478,draftkings,classic,1868,-5.82,14.18,-29.11,0,0.03,12.33,2818.5,2904,5,5001
25478,draftkings,classic,993,-5.82,14.18,-29.11,0,0.01,14.11,2514,2496,6,5000
25478,draftkings,classic,4048,-5.84,14.16,-29.2,0,0.01,13.75,2569.6,2572,10,4999
25478,draftkings,classic,200,-5.84,14.16,-29.2,0,0,14.72,2390.4,2363,22,4992
25478,draftkings,classic,1044,-5.84,14.16,-29.2,0,0.01,13.63,2622.6,2631,9,5001
25478,draftkings,classic,270,-5.87,14.13,-29.36,0,0.01,14.23,2412.2,2376,8,4985
25478,draftkings,classic,762,-5.88,14.12,-29.39,0,0.01,13.33,2658,2680,10,5001
25478,draftkings,classic,1001,-5.89,14.11,-29.46,0,0,14.54,2340.5,2290,13,5000
25478,draftkings,classic,752,-5.91,14.09,-29.54,0,0.01,12.88,2641.3,2681,5,4997
25478,draftkings,classic,4857,-5.92,14.08,-29.6,0,0,14.42,2435.6,2400,25,4988
25478,draftkings,classic,4973,-5.94,14.06,-29.72,0,0,14.52,2386.8,2361,14,4989
25478,draftkings,classic,4109,-5.97,14.03,-29.83,0,0,14.13,2673.3,2686,13,5001
25478,draftkings,classic,4693,-6,14,-30.01,0,0.01,13.38,2548.5,2564,6,5000
25478,draftkings,classic,841,-6,14,-30.02,0,0.01,13.82,2343.1,2296,5,4966
25478,draftkings,classic,946,-6,14,-29.99,0,0.01,12.96,2720.6,2783,8,4998
25478,draftkings,classic,1673,-6,14,-30.02,0,0,14.39,2374.8,2345,16,4996
25478,draftkings,classic,2445,-6.02,13.98,-30.12,0,0.04,11.12,2833,2927,4,4999
25478,draftkings,classic,4999,-6.03,13.97,-30.13,0,0,14.07,2609.5,2616,24,4999
25478,draftkings,classic,597,-6.03,13.97,-30.17,0,0,14.32,2589.5,2598,13,4999
25478,draftkings,classic,2498,-6.06,13.94,-30.3,0,0,14.44,2326.9,2277,13,4992
25478,draftkings,classic,1008,-6.07,13.93,-30.35,0,0.01,13.46,2680.3,2720,8,5001
25478,draftkings,classic,1497,-6.09,13.91,-30.44,0,0.01,13.79,2487.6,2456,10,4995
25478,draftkings,classic,2583,-6.09,13.91,-30.47,0,0,14.9,2354.6,2301,17,5001
25478,draftkings,classic,3046,-6.12,13.88,-30.58,0,0,14.42,2435.6,2412,19,5001
25478,draftkings,classic,4564,-6.2,13.8,-30.98,0,0,13.75,2459.6,2456,14,4996
25478,draftkings,classic,701,-6.22,13.78,-31.08,0,0,13.72,2614.4,2637,11,4998
25478,draftkings,classic,3520,-6.23,13.77,-31.13,0,0.01,13.01,2701.3,2760,10,5001
25478,draftkings,classic,2912,-6.25,13.75,-31.27,0,0,14.57,2414.4,2384,35,4999
25478,draftkings,classic,2175,-6.32,13.68,-31.62,0,0.01,13.26,2592.9,2599,10,4997
25478,draftkings,classic,623,-6.34,13.66,-31.7,0,0.01,13.63,2540.9,2527,9,5001
25478,draftkings,classic,2119,-6.34,13.66,-31.7,0,0.01,13.76,2650.9,2658,10,4999
25478,draftkings,classic,2809,-6.36,13.64,-31.81,0,0.03,13.64,2613.4,2635,7,4996
25478,draftkings,classic,859,-6.36,13.64,-31.8,0,0.01,13.2,2679.8,2708,10,5001
25478,draftkings,classic,4945,-6.37,13.63,-31.83,0,0.01,12.91,2606.4,2621,4,5001
25478,draftkings,classic,1511,-6.38,13.62,-31.92,0,0.01,13.05,2684.5,2741,10,5000
25478,draftkings,classic,1714,-6.39,13.61,-31.94,0,0.03,13,2625.7,2661,9,5001
25478,draftkings,classic,1194,-6.41,13.59,-32.05,0,0.01,13.45,2540.3,2533,10,4999
25478,draftkings,classic,1644,-6.42,13.58,-32.12,0,0,14.36,2434.2,2384,22,4994
25478,draftkings,classic,1581,-6.44,13.56,-32.2,0,0,13.54,2584.7,2580,22,5000
25478,draftkings,classic,1107,-6.45,13.55,-32.26,0,0,14.12,2465.8,2428,17,5001
25478,draftkings,classic,3738,-6.5,13.5,-32.51,0,0,13.31,2697.4,2734,19,4996
25478,draftkings,classic,2148,-6.51,13.49,-32.54,0,0,13.67,2580.2,2589,20,4999
25478,draftkings,classic,3471,-6.51,13.49,-32.55,0,0,14.47,2476.9,2436,32,4993
25478,draftkings,classic,4545,-6.51,13.49,-32.55,0,0.02,13.6,2360.5,2301,8,4983
25478,draftkings,classic,1765,-6.53,13.47,-32.67,0,0.01,12.95,2588.8,2623,8,4998
25478,draftkings,classic,3946,-6.54,13.46,-32.71,0,0,13.95,2565.2,2568,40,4998
25478,draftkings,classic,3112,-6.54,13.46,-32.68,0,0.01,12.05,2624.7,2638,2,5000
25478,draftkings,classic,4539,-6.55,13.45,-32.76,0,0.03,12.24,2469.5,2447,3,4977
25478,draftkings,classic,330,-6.55,13.45,-32.73,0,0.01,13.96,2605.8,2623,10,4998
25478,draftkings,classic,512,-6.56,13.44,-32.82,0,0.01,12.61,2826.4,2908,5,5001
25478,draftkings,classic,3609,-6.57,13.43,-32.83,0,0,13.36,2759.3,2834,28,4999
25478,draftkings,classic,2363,-6.57,13.43,-32.84,0,0,13.68,2496,2499,16,4995
25478,draftkings,classic,3975,-6.6,13.4,-33,0,0.01,13.19,2612.7,2621,8,4997
25478,draftkings,classic,1383,-6.62,13.38,-33.08,0,0.02,13.35,2532,2525,8,4991
25478,draftkings,classic,4485,-6.62,13.38,-33.11,0,0,14.06,2431.5,2395,23,4987
25478,draftkings,classic,753,-6.63,13.37,-33.17,0,0.02,12.58,2670.2,2704,6,4996
25478,draftkings,classic,2944,-6.63,13.37,-33.17,0,0,14.49,2294.1,2227,29,4996
25478,draftkings,classic,392,-6.63,13.37,-33.17,0,0,13.91,2454.7,2431,18,4988
25478,draftkings,classic,4876,-6.63,13.37,-33.17,0,0.02,12.75,2774.4,2866,9,4999
25478,draftkings,classic,3167,-6.64,13.36,-33.2,0,0.02,12.64,2532,2539,4,4981
25478,draftkings,classic,4309,-6.65,13.35,-33.23,0,0,13.33,2495.7,2483,15,4989
25478,draftkings,classic,4901,-6.67,13.33,-33.36,0,0,14.31,2325.7,2285,26,4982
25478,draftkings,classic,3906,-6.68,13.32,-33.42,0,0,14.17,2443.5,2418,27,4996
25478,draftkings,classic,4556,-6.69,13.31,-33.44,0,0,13.58,2476.6,2468,12,4997
25478,draftkings,classic,729,-6.72,13.28,-33.58,0,0,13.49,2522.5,2505,15,4999
25478,draftkings,classic,2727,-6.72,13.28,-33.6,0,0.01,13.7,2474.7,2447,8,4988
25478,draftkings,classic,4584,-6.72,13.28,-33.61,0,0,13.01,2622.5,2635,28,4999
25478,draftkings,classic,4570,-6.73,13.27,-33.67,0,0,14.28,2413,2351,36,4968
25478,draftkings,classic,2469,-6.75,13.25,-33.76,0,0.01,11.96,2672.8,2722,3,4997
25478,draftkings,classic,3576,-6.76,13.24,-33.78,0,0,13.93,2556.5,2535,18,5000
25478,draftkings,classic,1488,-6.77,13.23,-33.83,0,0.01,13.46,2404.7,2360,5,4998
25478,draftkings,classic,4760,-6.77,13.23,-33.85,0,0.01,12.12,2696.3,2749,5,5000
25478,draftkings,classic,1996,-6.8,13.2,-34.02,0,0.02,12.49,2615.2,2626,4,4994
25478,draftkings,classic,4988,-6.8,13.2,-34.02,0,0,13.77,2381.5,2335,23,4975
25478,draftkings,classic,4837,-6.8,13.2,-34.01,0,0.04,10.6,2810.7,2907,2,5000
25478,draftkings,classic,3949,-6.8,13.2,-33.99,0,0,13.6,2477.5,2464,29,4986
25478,draftkings,classic,238,-6.83,13.17,-34.16,0,0.02,13.13,2563.8,2561,7,4999
25478,draftkings,classic,2412,-6.85,13.15,-34.25,0,0,13.96,2448.7,2397,14,4996
25478,draftkings,classic,911,-6.85,13.15,-34.24,0,0.01,13.49,2389.9,2352,9,4996
25478,draftkings,classic,3644,-6.86,13.14,-34.29,0,0,13.69,2607.5,2600,29,4997
25478,draftkings,classic,4971,-6.86,13.14,-34.29,0,0,14.43,2319.3,2277,27,5000
25478,draftkings,classic,4798,-6.87,13.13,-34.37,0,0,14.1,2304.5,2265,20,4985
25478,draftkings,classic,2477,-6.87,13.13,-34.36,0,0,13.53,2470.8,2451,17,4993
25478,draftkings,classic,4292,-6.89,13.11,-34.47,0,0.01,12.94,2741.8,2807,10,5001
25478,draftkings,classic,4038,-6.9,13.1,-34.49,0,0,13.01,2570.8,2567,11,4996
25478,draftkings,classic,3314,-6.9,13.1,-34.51,0,0.01,12.03,2885.2,3026,9,5001
25478,draftkings,classic,1305,-6.92,13.08,-34.61,0,0,13.66,2485,2452,36,4999
25478,draftkings,classic,3152,-6.95,13.05,-34.74,0,0.01,13.02,2636.5,2650,10,5001
25478,draftkings,classic,3082,-6.97,13.03,-34.85,0,0,13.36,2548.4,2532,12,5001
25478,draftkings,classic,2344,-6.99,13.01,-34.97,0,0,12.43,2730.3,2766,11,5001
25478,draftkings,classic,926,-6.99,13.01,-34.94,0,0.03,11.33,2880.5,3003,4,5001
25478,draftkings,classic,4112,-7.01,12.99,-35.06,0,0,13.37,2466.1,2450,21,5000
25478,draftkings,classic,21,-7.06,12.94,-35.32,0,0,12.89,2559.2,2575,18,4997
25478,draftkings,classic,2386,-7.07,12.93,-35.34,0,0,11.71,2810,2894,11,5001
25478,draftkings,classic,1583,-7.08,12.92,-35.38,0,0.01,12.26,2663.7,2706,9,4996
25478,draftkings,classic,2921,-7.08,12.92,-35.42,0,0,13.35,2457.5,2427,11,4997
25478,draftkings,classic,1465,-7.1,12.9,-35.48,0,0,14.53,2377.4,2311,46,4987
25478,draftkings,classic,4283,-7.12,12.88,-35.61,0,0,12.23,2763.3,2855,11,5001
25478,draftkings,classic,3998,-7.12,12.88,-35.58,0,0.01,13.6,2410.6,2377,10,4988
25478,draftkings,classic,3686,-7.12,12.88,-35.58,0,0,12.89,2654,2686,12,4998
25478,draftkings,classic,563,-7.13,12.87,-35.67,0,0,13.46,2446.4,2412,14,4978
25478,draftkings,classic,4149,-7.13,12.87,-35.64,0,0.01,11.98,2551.7,2537,2,4993
25478,draftkings,classic,4237,-7.13,12.87,-35.64,0,0,13.15,2445,2438,11,4992
25478,draftkings,classic,1324,-7.13,12.87,-35.66,0,0,12.8,2677,2758,20,5000
25478,draftkings,classic,3077,-7.14,12.86,-35.68,0,0.01,12.79,2589,2601,9,5001
25478,draftkings,classic,1629,-7.15,12.85,-35.75,0,0,13.4,2590,2577,24,4999
25478,draftkings,classic,243,-7.15,12.85,-35.76,0,0,13.73,2404.4,2377,16,4999
25478,draftkings,classic,2193,-7.15,12.85,-35.73,0,0,13.14,2565.8,2564,18,4995
25478,draftkings,classic,2413,-7.16,12.84,-35.78,0,0.01,13.47,2510.4,2504,10,4994
25478,draftkings,classic,3339,-7.17,12.83,-35.86,0,0.01,12.73,2672.2,2691,8,4995
25478,draftkings,classic,904,-7.17,12.83,-35.86,0,0,13.57,2452.4,2398,30,4999
25478,draftkings,classic,4402,-7.18,12.82,-35.88,0,0,12.99,2815.7,2907,18,4999
25478,draftkings,classic,3098,-7.2,12.8,-36.02,0,0.01,12.52,2622,2643,6,4999
25478,draftkings,classic,3222,-7.21,12.79,-36.06,0,0.02,12.01,2681.2,2723,5,4998
25478,draftkings,classic,1648,-7.22,12.78,-36.1,0,0.02,11.35,2677.5,2739,3,4999
25478,draftkings,classic,2393,-7.26,12.74,-36.3,0,0.02,12.26,2805.5,2899,8,5001
25478,draftkings,classic,2784,-7.26,12.74,-36.32,0,0,13.57,2433.1,2410,35,4986
25478,draftkings,classic,350,-7.26,12.74,-36.28,0,0,13.01,2693.8,2732,13,5000
25478,draftkings,classic,4676,-7.26,12.74,-36.32,0,0.01,10.71,2903.2,3011,2,5001
25478,draftkings,classic,4633,-7.27,12.73,-36.34,0,0,13.6,2453.7,2431,22,4994
25478,draftkings,classic,1259,-7.27,12.73,-36.34,0,0,13.45,2431.4,2401,12,4979
25478,draftkings,classic,848,-7.28,12.72,-36.38,0,0,13.02,2692.2,2719,32,5001
25478,draftkings,classic,1856,-7.28,12.72,-36.41,0,0,13.21,2677.4,2692,11,5001
25478,draftkings,classic,3140,-7.29,12.71,-36.44,0,0,13.29,2515,2501,28,4994
25478,draftkings,classic,4000,-7.29,12.71,-36.44,0,0,13.3,2501.2,2489,36,4981
25478,draftkings,classic,3819,-7.31,12.69,-36.54,0,0.02,12.38,2742.7,2790,6,5000
25478,draftkings,classic,3023,-7.31,12.69,-36.54,0,0,12.65,2629.8,2649,16,5001
25478,draftkings,classic,2611,-7.31,12.69,-36.57,0,0.02,12.42,2708.2,2722,6,4999
25478,draftkings,classic,3227,-7.31,12.69,-36.57,0,0.01,11.8,2605.7,2618,2,4996
25478,draftkings,classic,3543,-7.32,12.68,-36.58,0,0,12.36,2645.5,2685,20,5001
25478,draftkings,classic,4122,-7.32,12.68,-36.59,0,0.01,12.65,2599.3,2605,5,5001
25478,draftkings,classic,447,-7.32,12.68,-36.59,0,0,13.51,2719.2,2771,47,5001
25478,draftkings,classic,3293,-7.33,12.67,-36.67,0,0,13.08,2612.2,2624,33,4999
25478,draftkings,classic,3107,-7.34,12.66,-36.7,0,0,13.42,2436.5,2407,28,4999
25478,draftkings,classic,1745,-7.34,12.66,-36.69,0,0.01,11.16,2754.4,2814,2,4999
25478,draftkings,classic,4713,-7.36,12.64,-36.82,0,0.01,12.11,2843.9,2969,10,4999
25478,draftkings,classic,4029,-7.36,12.64,-36.82,0,0.01,11.94,2643.6,2663,4,4994
25478,draftkings,classic,4696,-7.39,12.61,-36.94,0,0.01,12.82,2791,2836,8,5001
25478,draftkings,classic,3951,-7.4,12.6,-37.02,0,0,13.17,2600.1,2616,27,4994
25478,draftkings,classic,4850,-7.41,12.59,-37.06,0,0,13.35,2584.8,2551,26,5001
25478,draftkings,classic,3268,-7.44,12.56,-37.22,0,0,13.03,2484,2468,15,4996
25478,draftkings,classic,4458,-7.44,12.56,-37.2,0,0.03,12.14,2649.1,2666,6,5001
25478,draftkings,classic,4438,-7.45,12.55,-37.25,0,0.01,12.52,2599.1,2621,8,4988
25478,draftkings,classic,3219,-7.46,12.54,-37.31,0,0,13.43,2337,2292,18,4983
25478,draftkings,classic,47,-7.46,12.54,-37.32,0,0.01,13.12,2593.6,2618,9,4999
25478,draftkings,classic,2173,-7.47,12.53,-37.35,0,0,12.71,2524.4,2515,14,4998
25478,draftkings,classic,2588,-7.47,12.53,-37.35,0,0.01,12.72,2597.3,2620,8,4996
25478,draftkings,classic,4771,-7.47,12.53,-37.35,0,0,12.98,2538.6,2546,23,4994
25478,draftkings,classic,1713,-7.48,12.52,-37.42,0,0,13.63,2563.7,2549,76,4994
25478,draftkings,classic,1487,-7.49,12.51,-37.46,0.01,0.02,9.66,2960.3,3118,1,5000
25478,draftkings,classic,1580,-7.49,12.51,-37.47,0,0,13.37,2486.6,2470,29,4996
25478,draftkings,classic,4016,-7.52,12.48,-37.59,0,0.01,12.27,2585.7,2584,8,5001
25478,draftkings,classic,1904,-7.53,12.47,-37.66,0,0,13.18,2457.8,2435,18,4992
25478,draftkings,classic,964,-7.55,12.45,-37.76,0,0,12.75,2515.1,2510,18,4997
25478,draftkings,classic,4057,-7.55,12.45,-37.74,0,0,12.46,2686.9,2724,21,4999
25478,draftkings,classic,1907,-7.56,12.44,-37.79,0,0,12.79,2633.4,2629,22,4999
25478,draftkings,classic,2716,-7.56,12.44,-37.82,0,0,13.1,2538.7,2528,26,4996
25478,draftkings,classic,2560,-7.57,12.43,-37.84,0,0,13.21,2386.7,2337,32,4962
25478,draftkings,classic,833,-7.59,12.41,-37.97,0,0,12.52,2476,2471,19,4975
25478,draftkings,classic,3659,-7.6,12.4,-37.97,0,0.02,11.54,2620.5,2640,4,5000
25478,draftkings,classic,2705,-7.61,12.39,-38.04,0,0,13.53,2603.2,2597,62,5000
25478,draftkings,classic,2579,-7.61,12.39,-38.04,0,0,12.58,2620.3,2627,23,5001
25478,draftkings,classic,3942,-7.63,12.37,-38.16,0,0,13.39,2446.6,2400,21,4990
25478,draftkings,classic,2985,-7.63,12.37,-38.17,0,0.01,12.43,2644.2,2663,5,4997
25478,draftkings,classic,2866,-7.65,12.35,-38.26,0,0,12.66,2595.3,2600,28,5001
25478,draftkings,classic,4264,-7.66,12.34,-38.3,0,0,13.61,2436.9,2387,22,4999
25478,draftkings,classic,2710,-7.66,12.34,-38.29,0,0,12.02,2739.7,2806,15,4998
25478,draftkings,classic,3495,-7.67,12.33,-38.33,0,0,13.2,2639.2,2651,29,5000
25478,draftkings,classic,3437,-7.67,12.33,-38.33,0,0,12.66,2549.6,2542,19,4997
25478,draftkings,classic,280,-7.68,12.32,-38.4,0,0.01,13.24,2439.5,2381,6,4997
25478,draftkings,classic,1703,-7.72,12.28,-38.58,0,0.01,12.45,2569.1,2559,8,4997
25478,draftkings,classic,1272,-7.72,12.28,-38.57,0,0,13.29,2290.2,2239,26,4991
25478,draftkings,classic,311,-7.73,12.27,-38.64,0,0.01,13.02,2497.3,2479,9,4991
25478,draftkings,classic,4410,-7.73,12.27,-38.64,0,0.01,12.55,2757.9,2846,8,5000
25478,draftkings,classic,2963,-7.74,12.26,-38.68,0,0,12.8,2556.6,2553,32,4991
25478,draftkings,classic,782,-7.75,12.25,-38.77,0,0,13.32,2376.4,2316,31,4991
25478,draftkings,classic,3404,-7.78,12.22,-38.89,0,0.01,11.97,2796.9,2890,9,5001
25478,draftkings,classic,2733,-7.8,12.2,-39,0,0,13.53,2453.1,2411,42,5000
25478,draftkings,classic,3720,-7.81,12.19,-39.04,0,0,12.86,2532.8,2514,24,5001
25478,draftkings,classic,455,-7.81,12.19,-39.05,0,0,12.87,2521.6,2509,11,5000
25478,draftkings,classic,4925,-7.81,12.19,-39.03,0,0.01,10.4,2848.6,2955,2,4999
25478,draftkings,classic,819,-7.84,12.16,-39.22,0,0,12.79,2494.6,2476,30,5000
25478,draftkings,classic,4730,-7.84,12.16,-39.22,0,0,13.75,2336.7,2274,63,4992
25478,draftkings,classic,1080,-7.85,12.15,-39.27,0,0,12.16,2705.6,2746,14,5000
25478,draftkings,classic,1945,-7.86,12.14,-39.32,0,0,12.41,2742.9,2818,21,4998
25478,draftkings,classic,231,-7.88,12.12,-39.4,0,0,12.38,2648.6,2664,26,5000
25478,draftkings,classic,152,-7.88,12.12,-39.42,0,0,12.23,2625.5,2655,17,4996
25478,draftkings,classic,862,-7.91,12.09,-39.57,0,0,12.73,2601,2623,20,4999
25478,draftkings,classic,4726,-7.91,12.09,-39.54,0,0,12.72,2573.1,2571,19,4998
25478,draftkings,classic,1481,-7.91,12.09,-39.56,0,0,12.36,2712.3,2741,18,4999
25478,draftkings,classic,986,-7.92,12.08,-39.58,0,0.01,11.01,2731.8,2793,4,4997
25478,draftkings,classic,3158,-7.95,12.05,-39.75,0,0.01,11.6,2792.8,2874,10,4999
25478,draftkings,classic,1370,-7.95,12.05,-39.73,0,0,12.66,2524.6,2520,25,4997
25478,draftkings,classic,2379,-7.95,12.05,-39.73,0,0,12.58,2494.4,2467,27,4996
25478,draftkings,classic,2221,-7.96,12.04,-39.78,0,0,12.47,2531.3,2530,15,5001
25478,draftkings,classic,4884,-7.96,12.04,-39.82,0,0,12.55,2608.9,2612,29,4999
25478,draftkings,classic,1834,-7.96,12.04,-39.83,0,0,12.52,2656.4,2699,14,4996
25478,draftkings,classic,571,-7.98,12.02,-39.92,0,0,12.25,2729,2775,20,5001
25478,draftkings,classic,2534,-7.98,12.02,-39.89,0,0,12.49,2587.1,2576,11,5000
25478,draftkings,classic,1783,-7.99,12.01,-39.97,0,0,12.81,2418.3,2400,24,4995
25478,draftkings,classic,4526,-7.99,12.01,-39.94,0.01,0.01,9.86,2794.6,2864,1,5000
25478,draftkings,classic,1186,-8,12,-39.98,0,0,12.61,2783.9,2842,22,5001
25478,draftkings,classic,3500,-8.03,11.97,-40.17,0,0,12.2,2862.6,2983,20,5001
25478,draftkings,classic,1170,-8.06,11.94,-40.32,0,0,12.86,2494.7,2487,39,5000
25478,draftkings,classic,1721,-8.1,11.9,-40.5,0,0,12.53,2611.1,2606,22,4994
25478,draftkings,classic,2969,-8.1,11.9,-40.52,0,0,11.95,2759.5,2793,11,4997
25478,draftkings,classic,4816,-8.11,11.89,-40.55,0,0.01,12.22,2569.9,2581,7,4995
25478,draftkings,classic,4334,-8.12,11.88,-40.6,0,0,12.81,2422.4,2386,37,4969
25478,draftkings,classic,908,-8.13,11.87,-40.65,0.01,0.01,9.47,2813.7,2897,1,4992
25478,draftkings,classic,4748,-8.14,11.86,-40.69,0,0,13.01,2473.2,2445,37,5000
25478,draftkings,classic,1825,-8.14,11.86,-40.72,0,0,11.77,2713.4,2763,14,5000
25478,draftkings,classic,1678,-8.15,11.84,-40.77,0,0,11.55,2657.4,2703,17,4998
25478,draftkings,classic,1520,-8.15,11.85,-40.75,0,0.02,10.99,2908,3034,5,5001
25478,draftkings,classic,788,-8.15,11.85,-40.74,0,0,12.56,2505.4,2495,36,5000
25478,draftkings,classic,3645,-8.18,11.82,-40.88,0,0,12.57,2531.9,2499,21,4993
25478,draftkings,classic,2719,-8.19,11.81,-40.96,0,0,11.42,2683.8,2722,18,4992
25478,draftkings,classic,3631,-8.2,11.8,-40.98,0,0,12.81,2548.3,2535,27,4995
25478,draftkings,classic,3716,-8.22,11.78,-41.11,0,0,12.21,2705.6,2747,11,4997
25478,draftkings,classic,2550,-8.24,11.76,-41.2,0,0,12.51,2462,2431,25,4998
25478,draftkings,classic,2169,-8.25,11.75,-41.25,0,0,11.87,2808.9,2895,13,4998
25478,draftkings,classic,154,-8.25,11.75,-41.23,0,0.01,11.35,2775.2,2838,8,4999
25478,draftkings,classic,3615,-8.25,11.75,-41.24,0,0,11.57,2818.3,2906,13,5001
25478,draftkings,classic,375,-8.26,11.74,-41.3,0,0.02,10.86,2895.1,3035,5,5001
25478,draftkings,classic,4772,-8.3,11.7,-41.52,0,0,12.11,2712.7,2742,17,4999
25478,draftkings,classic,2299,-8.3,11.7,-41.5,0,0,12.61,2463.7,2414,18,4989
25478,draftkings,classic,574,-8.31,11.69,-41.54,0,0,13,2347.4,2290,39,4990
25478,draftkings,classic,4018,-8.35,11.65,-41.77,0,0,12.57,2516,2499,44,4998
25478,draftkings,classic,903,-8.35,11.65,-41.74,0,0.03,10.63,2988.5,3137,4,5001
25478,draftkings,classic,1953,-8.36,11.64,-41.82,0,0,12.62,2640.9,2637,31,4999
25478,draftkings,classic,950,-8.37,11.63,-41.86,0,0,11.88,2620.8,2634,17,4996
25478,draftkings,classic,4065,-8.38,11.62,-41.9,0,0,12.88,2630.8,2643,44,5001
25478,draftkings,classic,4547,-8.39,11.61,-41.93,0,0,11.86,2806.9,2896,27,5000
25478,draftkings,classic,3085,-8.39,11.61,-41.96,0,0,11.68,2668.9,2712,20,5000
25478,draftkings,classic,3016,-8.39,11.61,-41.94,0,0,12.55,2568.7,2558,18,4994
25478,draftkings,classic,2490,-8.39,11.61,-41.96,0,0,11.91,2528.4,2516,19,4985
25478,draftkings,classic,3814,-8.4,11.6,-41.99,0,0,12.13,2565.5,2557,29,5000
25478,draftkings,classic,3009,-8.4,11.6,-42,0,0,11.85,2547.1,2563,14,4994
25478,draftkings,classic,43,-8.4,11.6,-42.02,0,0,12.12,2540.6,2533,11,4991
25478,draftkings,classic,3690,-8.42,11.58,-42.08,0,0,11.86,2725.9,2792,20,5001
25478,draftkings,classic,630,-8.43,11.58,-42.12,0,0,12,2706.5,2755,22,4999
25478,draftkings,classic,153,-8.43,11.57,-42.16,0,0,11.34,2903.5,3027,11,5001
25478,draftkings,classic,1807,-8.44,11.56,-42.2,0,0,12.23,2630.7,2654,15,5000
25478,draftkings,classic,2696,-8.51,11.49,-42.54,0,0,11.78,2586,2594,12,4996
25478,draftkings,classic,4984,-8.52,11.48,-42.6,0,0,12.7,2431.3,2394,20,4978
25478,draftkings,classic,958,-8.53,11.47,-42.67,0,0,11.8,2752.9,2789,18,4999
25478,draftkings,classic,44,-8.54,11.46,-42.71,0,0,12.14,2598.2,2615,18,4996
25478,draftkings,classic,4845,-8.54,11.46,-42.71,0,0,12.14,2431.1,2410,19,4987
25478,draftkings,classic,1981,-8.56,11.44,-42.81,0,0.02,11.1,2855.6,2955,6,5001
25478,draftkings,classic,2398,-8.57,11.43,-42.84,0,0,12.09,2458.6,2431,20,4983
25478,draftkings,classic,2723,-8.57,11.43,-42.84,0,0,11.57,2751.8,2806,15,5001
25478,draftkings,classic,876,-8.58,11.42,-42.88,0,0,11.97,2508.7,2496,13,4993
25478,draftkings,classic,873,-8.59,11.41,-42.97,0,0,11.92,2692.8,2728,22,4998
25478,draftkings,classic,3405,-8.62,11.38,-43.1,0,0,11.4,2914.7,3047,25,5001
25478,draftkings,classic,2378,-8.63,11.37,-43.16,0,0.01,11.25,2850.1,2954,9,5001
25478,draftkings,classic,1437,-8.63,11.37,-43.16,0,0,11.57,2728.5,2770,22,5001
25478,draftkings,classic,4224,-8.63,11.37,-43.16,0,0.01,11.13,2740.2,2802,10,4999
25478,draftkings,classic,2034,-8.64,11.36,-43.22,0,0,12.03,2628.3,2643,16,4990
25478,draftkings,classic,468,-8.64,11.36,-43.22,0,0.01,10.64,2921,3018,6,5001
25478,draftkings,classic,3956,-8.66,11.34,-43.3,0,0,11.66,2612.6,2616,19,4990
25478,draftkings,classic,2310,-8.68,11.32,-43.42,0,0,11.75,2674.2,2706,15,4995
25478,draftkings,classic,434,-8.69,11.31,-43.47,0,0,12.32,2656.6,2654,42,5001
25478,draftkings,classic,2801,-8.69,11.31,-43.46,0,0,11.88,2515,2500,18,4996
25478,draftkings,classic,4918,-8.7,11.3,-43.48,0,0,11.75,2588.2,2602,25,4986
25478,draftkings,classic,4155,-8.7,11.3,-43.5,0,0,11.92,2575.8,2593,11,4985
25478,draftkings,classic,3915,-8.71,11.29,-43.54,0,0.01,11.61,2584.9,2594,10,4998
25478,draftkings,classic,385,-8.72,11.28,-43.58,0,0.01,11.08,2827,2899,7,5001
25478,draftkings,classic,3490,-8.72,11.28,-43.6,0,0,11.74,2677.4,2705,20,4994
25478,draftkings,classic,4142,-8.76,11.24,-43.78,0,0,11.53,2582.6,2577,11,4983
25478,draftkings,classic,2505,-8.76,11.24,-43.8,0,0.01,11.5,2697.8,2727,7,5001
25478,draftkings,classic,1223,-8.77,11.23,-43.83,0,0,11.62,2705,2749,20,5000
25478,draftkings,classic,3569,-8.78,11.22,-43.88,0,0,12.2,2520.9,2504,25,4999
25478,draftkings,classic,1756,-8.79,11.21,-43.93,0,0,11.93,2702.4,2746,32,5001
25478,draftkings,classic,3904,-8.79,11.21,-43.97,0,0,11.79,2696.1,2761,45,4993
25478,draftkings,classic,3431,-8.8,11.2,-43.98,0,0,12.09,2520.6,2503,43,4997
25478,draftkings,classic,1169,-8.8,11.2,-43.98,0,0,12.02,2474.1,2453,23,4988
25478,draftkings,classic,3139,-8.8,11.2,-44.01,0,0,10.98,2828.9,2923,11,5001
25478,draftkings,classic,3722,-8.81,11.19,-44.05,0,0,10.75,2836.8,2921,15,5001
25478,draftkings,classic,485,-8.86,11.14,-44.28,0,0.01,11.24,2626.8,2655,9,4998
25478,draftkings,classic,720,-8.9,11.1,-44.48,0,0.01,11.22,2810.5,2908,10,5001
25478,draftkings,classic,3274,-8.93,11.07,-44.64,0,0.01,10.36,2794.4,2863,3,5001
25478,draftkings,classic,1532,-8.94,11.06,-44.68,0,0.01,10.52,2771,2839,4,4994
25478,draftkings,classic,704,-8.96,11.04,-44.78,0,0.02,10.38,2999.6,3177,7,5001
25478,draftkings,classic,793,-8.96,11.04,-44.78,0,0,11.83,2549.5,2527,25,4999
25478,draftkings,classic,4529,-8.97,11.03,-44.86,0,0.01,10.73,2869.6,2977,8,5001
25478,draftkings,classic,4197,-8.98,11.02,-44.9,0,0,10.87,2880.2,2982,19,5001
25478,draftkings,classic,3290,-8.98,11.02,-44.88,0,0,11.78,2539.8,2537,19,4983
25478,draftkings,classic,3623,-9,11,-45,0,0,11.22,2618,2640,25,4994
25478,draftkings,classic,4599,-9.01,10.99,-45.03,0,0,11.34,2632.2,2654,26,4996
25478,draftkings,classic,4804,-9.02,10.98,-45.08,0,0,11.45,2636,2663,25,4994
25478,draftkings,classic,1144,-9.02,10.98,-45.09,0,0.01,10.94,2900.8,3020,7,5001
25478,draftkings,classic,2911,-9.02,10.98,-45.08,0,0,11.91,2607,2610,28,4997
25478,draftkings,classic,267,-9.04,10.96,-45.18,0,0.02,9.92,2811.3,2898,4,5000
25478,draftkings,classic,4501,-9.04,10.96,-45.2,0,0,10.98,2799.4,2881,11,4999
25478,draftkings,classic,533,-9.04,10.96,-45.21,0,0,10.43,2847.4,2958,14,5001
25478,draftkings,classic,1814,-9.07,10.93,-45.36,0,0,11.21,2706.1,2756,13,4994
25478,draftkings,classic,4080,-9.08,10.92,-45.38,0,0.01,11.09,2637.7,2667,8,4996
25478,draftkings,classic,1236,-9.09,10.91,-45.43,0,0,11.09,2876.3,2968,18,5001
25478,draftkings,classic,3286,-9.09,10.91,-45.44,0,0,11.21,2762.8,2818,21,5000
25478,draftkings,classic,1061,-9.1,10.9,-45.5,0,0,11.69,2773,2836,64,5000
25478,draftkings,classic,3737,-9.11,10.89,-45.54,0,0,11.27,2626.6,2635,22,4993
25478,draftkings,classic,4414,-9.12,10.88,-45.6,0,0,11.36,2788,2848,30,5000
25478,draftkings,classic,1946,-9.12,10.88,-45.58,0,0,11.15,2775.7,2836,30,4999
25478,draftkings,classic,4779,-9.12,10.88,-45.6,0,0,11.54,2567.6,2557,21,4987
25478,draftkings,classic,3508,-9.13,10.87,-45.64,0,0.01,10.83,2838,2932,8,5001
25478,draftkings,classic,3884,-9.14,10.86,-45.7,0,0,11.73,2540.1,2543,17,4996
25478,draftkings,classic,3049,-9.15,10.85,-45.74,0,0,11.51,2550.7,2566,18,4989
25478,draftkings,classic,3910,-9.16,10.84,-45.78,0,0.02,10,2851.5,2939,5,5000
25478,draftkings,classic,959,-9.18,10.82,-45.89,0,0,11.73,2526.4,2527,42,4986
25478,draftkings,classic,1744,-9.2,10.8,-45.98,0,0.01,9.81,2823.1,2897,2,5001
25478,draftkings,classic,3277,-9.21,10.79,-46.04,0,0,11.02,2661.7,2717,12,4998
25478,draftkings,classic,3328,-9.21,10.79,-46.07,0,0,11.88,2543.9,2517,42,4997
25478,draftkings,classic,66,-9.21,10.79,-46.04,0,0.01,11.3,2577.6,2574,9,4998
25478,draftkings,classic,2494,-9.23,10.77,-46.14,0,0.01,11.01,2596.1,2610,10,4997
25478,draftkings,classic,4431,-9.23,10.77,-46.16,0,0,10.47,2910.8,3056,12,5001
25478,draftkings,classic,2252,-9.24,10.76,-46.18,0,0,11.96,2522.9,2487,34,5001
25478,draftkings,classic,2140,-9.26,10.74,-46.3,0,0,11.59,2605.5,2624,16,4993
25478,draftkings,classic,2225,-9.26,10.74,-46.3,0,0,11.24,2737.1,2778,19,4999
25478,draftkings,classic,4399,-9.27,10.73,-46.33,0,0,11.51,2605.4,2618,24,5000
25478,draftkings,classic,2908,-9.28,10.72,-46.42,0,0,11.16,2687.3,2725,12,4995
25478,draftkings,classic,1018,-9.29,10.71,-46.44,0,0,11.09,2730.1,2769,17,4999
25478,draftkings,classic,650,-9.29,10.71,-46.43,0,0,11.89,2572.6,2550,57,4999
25478,draftkings,classic,2840,-9.3,10.7,-46.49,0,0,11.23,2697,2715,34,5000
25478,draftkings,classic,3706,-9.3,10.7,-46.52,0,0.02,10.69,2721.8,2772,8,4996
25478,draftkings,classic,1423,-9.32,10.68,-46.6,0,0,10.64,2915,3025,21,5000
25478,draftkings,classic,2925,-9.32,10.68,-46.6,0,0,10.68,2800.8,2877,12,5000
25478,draftkings,classic,1041,-9.33,10.67,-46.63,0,0.01,10.41,2817.6,2877,10,4999
25478,draftkings,classic,3929,-9.36,10.64,-46.82,0,0.01,10.41,3028.3,3202,7,5001
25478,draftkings,classic,2736,-9.36,10.64,-46.78,0,0.01,10.43,2801.6,2864,8,5000
25478,draftkings,classic,1973,-9.36,10.64,-46.82,0,0,11.43,2596.5,2584,17,5000
25478,draftkings,classic,3606,-9.37,10.63,-46.86,0,0,11.45,2509.5,2502,17,4999
25478,draftkings,classic,3699,-9.37,10.63,-46.87,0,0,10.92,2608.5,2651,14,4991
25478,draftkings,classic,1766,-9.38,10.62,-46.89,0,0.01,10.8,2706.3,2735,6,5000
25478,draftkings,classic,435,-9.38,10.62,-46.89,0,0,11.15,2801.9,2864,16,4996
25478,draftkings,classic,39,-9.39,10.61,-46.94,0,0.01,9.81,3010.4,3170,4,5001
25478,draftkings,classic,930,-9.4,10.6,-47.02,0,0,10.87,2872.6,2969,12,4999
25478,draftkings,classic,2206,-9.42,10.58,-47.09,0,0,10.83,2776.9,2853,24,4992
25478,draftkings,classic,717,-9.44,10.56,-47.2,0,0,10.74,2807.6,2903,22,4999
25478,draftkings,classic,2261,-9.45,10.55,-47.25,0,0,11.38,2499.3,2499,28,4999
25478,draftkings,classic,4824,-9.46,10.54,-47.28,0,0,11.42,2554.6,2549,26,4999
25478,draftkings,classic,389,-9.46,10.54,-47.3,0,0,11.29,2608.6,2604,20,5000
25478,draftkings,classic,821,-9.46,10.54,-47.28,0,0,11.3,2619,2623,20,4998
25478,draftkings,classic,2282,-9.47,10.53,-47.36,0,0,11.27,2550,2553,15,4990
25478,draftkings,classic,2658,-9.48,10.52,-47.38,0,0,10.96,2748.1,2817,30,4993
25478,draftkings,classic,4490,-9.49,10.51,-47.45,0,0,10.89,2636.6,2659,18,4987
25478,draftkings,classic,1979,-9.49,10.51,-47.46,0,0,10.95,2753,2782,19,4998
25478,draftkings,classic,1464,-9.5,10.5,-47.5,0,0.01,10.74,2854.1,2944,7,5001
25478,draftkings,classic,3988,-9.5,10.5,-47.5,0,0,10.46,2873.8,2987,15,5001
25478,draftkings,classic,693,-9.5,10.5,-47.5,0,0,10.8,2825.2,2883,17,5000
25478,draftkings,classic,2306,-9.52,10.48,-47.59,0,0,10.28,2941.9,3073,19,5001
25478,draftkings,classic,478,-9.52,10.48,-47.61,0,0,11.29,2713.9,2749,19,5001
25478,draftkings,classic,3596,-9.54,10.46,-47.69,0,0.02,8.62,2994.5,3136,2,5001
25478,draftkings,classic,3088,-9.55,10.45,-47.74,0,0,10.29,3038.5,3234,14,5001
25478,draftkings,classic,553,-9.56,10.44,-47.8,0,0,11.51,2550.1,2532,27,4991
25478,draftkings,classic,211,-9.56,10.44,-47.82,0,0,11.68,2530.4,2497,37,4998
25478,draftkings,classic,308,-9.57,10.43,-47.86,0,0,10.25,2933.4,3076,16,5001
25478,draftkings,classic,4439,-9.58,10.42,-47.9,0,0,11.05,2652.2,2680,23,4997
25478,draftkings,classic,273,-9.6,10.4,-48.02,0,0,11.11,2620.4,2641,21,4999
25478,draftkings,classic,2614,-9.6,10.4,-48,0,0.03,10.44,2768.6,2830,7,5001
25478,draftkings,classic,3553,-9.61,10.39,-48.07,0,0,10.6,2774.5,2837,12,4999
25478,draftkings,classic,2307,-9.61,10.39,-48.07,0,0,10.17,2808.9,2884,13,4998
25478,draftkings,classic,4517,-9.63,10.37,-48.13,0,0,11.14,2623.8,2640,15,4989
25478,draftkings,classic,4051,-9.65,10.35,-48.27,0,0,10.44,2809.3,2893,17,5000
25478,draftkings,classic,1758,-9.65,10.35,-48.24,0,0,11.35,2496.1,2487,22,4988
25478,draftkings,classic,4969,-9.65,10.35,-48.25,0,0,10.79,2894,2994,22,5001
25478,draftkings,classic,2016,-9.65,10.35,-48.24,0,0,10.9,2879.9,2979,36,5001
25478,draftkings,classic,1692,-9.66,10.34,-48.3,0,0,11.72,2525.2,2505,36,5000
25478,draftkings,classic,843,-9.67,10.33,-48.36,0,0.01,10.57,2633.9,2672,10,4983
25478,draftkings,classic,2683,-9.67,10.33,-48.35,0,0,11.71,2484.4,2440,83,4997
25478,draftkings,classic,3092,-9.68,10.32,-48.41,0,0.01,10.57,2648.3,2660,10,5000
25478,draftkings,classic,3221,-9.68,10.32,-48.42,0,0,11.16,2545,2528,31,4976
25478,draftkings,classic,3301,-9.69,10.31,-48.43,0,0,10.98,2797.2,2858,11,5000
25478,draftkings,classic,4313,-9.72,10.28,-48.59,0,0,10.58,2887.9,2999,21,4999
25478,draftkings,classic,4550,-9.73,10.27,-48.67,0,0.01,10.61,2631.9,2665,8,4988
25478,draftkings,classic,3639,-9.75,10.25,-48.74,0,0,10.84,2614,2610,44,4992
25478,draftkings,classic,4685,-9.77,10.23,-48.86,0,0,10.96,2746.6,2807,19,4997
25478,draftkings,classic,367,-9.78,10.22,-48.88,0,0,10.39,2720.9,2779,13,5001
25478,draftkings,classic,378,-9.78,10.22,-48.9,0,0.01,10.05,2776,2851,8,4998
25478,draftkings,classic,3365,-9.79,10.21,-48.94,0,0.01,10.56,2678,2709,7,5000
25478,draftkings,classic,665,-9.8,10.2,-49.01,0,0,10.82,2573.6,2575,20,4986
25478,draftkings,classic,1492,-9.82,10.18,-49.12,0,0.01,9.9,2713.6,2745,3,5000
25478,draftkings,classic,2525,-9.82,10.18,-49.08,0,0,11.02,2676.4,2707,23,4995
25478,draftkings,classic,3730,-9.84,10.16,-49.2,0,0.01,10.36,2803.9,2857,10,4998
25478,draftkings,classic,1049,-9.86,10.14,-49.32,0,0,10.57,2767.7,2823,18,4999
25478,draftkings,classic,3972,-9.86,10.14,-49.31,0,0,10.39,2947.9,3083,31,5001
25478,draftkings,classic,486,-9.87,10.13,-49.33,0,0,10.99,2566.3,2569,15,4989
25478,draftkings,classic,2656,-9.89,10.11,-49.47,0,0,11.2,2571.4,2576,35,4998
25478,draftkings,classic,4481,-9.89,10.11,-49.44,0,0,10.46,2762.1,2830,23,5001
25478,draftkings,classic,747,-9.89,10.11,-49.46,0,0,10.46,2791.6,2874,17,4993
25478,draftkings,classic,3837,-9.9,10.1,-49.51,0,0,10.91,2660.3,2689,36,5001
25478,draftkings,classic,3028,-9.92,10.08,-49.6,0,0,9.81,2770,2840,13,5000
25478,draftkings,classic,1638,-9.93,10.07,-49.65,0,0,10.69,2785.6,2846,24,4996
25478,draftkings,classic,1830,-9.93,10.07,-49.62,0,0.01,10.22,2743,2808,9,5001
25478,draftkings,classic,3755,-9.94,10.06,-49.7,0,0.03,9.24,2899.7,3010,5,5000
25478,draftkings,classic,3206,-9.94,10.06,-49.71,0,0.02,10.11,2795.8,2862,7,5000
25478,draftkings,classic,1726,-9.96,10.04,-49.81,0,0.01,10.14,2788.7,2856,10,5000
25478,draftkings,classic,2468,-9.96,10.04,-49.8,0,0,10.61,2727.9,2779,11,5000
25478,draftkings,classic,749,-9.96,10.04,-49.82,0,0,10.94,2577.6,2573,30,4996
25478,draftkings,classic,3354,-9.96,10.04,-49.82,0,0,10.98,2608.8,2596,41,5001
25478,draftkings,classic,4634,-9.96,10.04,-49.78,0,0,11,2539.2,2527,24,4998
25478,draftkings,classic,3187,-9.96,10.04,-49.81,0,0,10.34,2699,2733,19,5000
25478,draftkings,classic,1023,-9.97,10.03,-49.84,0,0,10.31,2957.6,3094,45,5001
25478,draftkings,classic,1069,-9.99,10.01,-49.94,0,0,10.86,2546.3,2543,20,4989
25478,draftkings,classic,3847,-10,10,-50.01,0,0,10.3,2729.2,2790,14,5000
25478,draftkings,classic,4902,-10.01,9.99,-50.07,0,0,10.36,2816,2880,17,4999
25478,draftkings,classic,3214,-10.02,9.98,-50.08,0,0,10.34,2784.9,2855,13,5001
25478,draftkings,classic,2787,-10.02,9.98,-50.1,0,0,10.37,2764,2809,24,4995
25478,draftkings,classic,3637,-10.05,9.95,-50.26,0,0,10.32,2756.6,2804,15,4997
25478,draftkings,classic,3267,-10.06,9.94,-50.3,0,0,10.51,2614.8,2624,26,4996
25478,draftkings,classic,761,-10.06,9.94,-50.32,0,0,9.91,2912.4,3033,16,4999
25478,draftkings,classic,1439,-10.06,9.94,-50.32,0,0,10.9,2706.3,2722,30,4991
25478,draftkings,classic,1654,-10.08,9.92,-50.4,0,0,10.8,2738.2,2773,24,4999
25478,draftkings,classic,881,-10.08,9.92,-50.42,0,0,10.21,2781.2,2847,17,5000
25478,draftkings,classic,3646,-10.1,9.9,-50.5,0,0,10.37,2839.5,2935,11,5001
25478,draftkings,classic,4881,-10.11,9.89,-50.54,0,0,9.96,2838.6,2930,27,5001
25478,draftkings,classic,573,-10.15,9.85,-50.77,0,0,10.11,2580.2,2590,16,4990
25478,draftkings,classic,677,-10.16,9.84,-50.78,0,0,9.68,3144.9,3369,20,5001
25478,draftkings,classic,931,-10.17,9.83,-50.86,0,0,10.9,2580,2580,30,4990
25478,draftkings,classic,4161,-10.18,9.82,-50.88,0,0,10.96,2617.9,2609,33,4992
25478,draftkings,classic,4238,-10.18,9.82,-50.88,0,0,10.12,2851.8,2950,19,5001
25478,draftkings,classic,3456,-10.2,9.8,-50.98,0,0,10.2,2679.1,2694,12,5001
25478,draftkings,classic,258,-10.2,9.8,-51,0,0.01,9.98,2733.2,2788,8,5001
25478,draftkings,classic,3479,-10.2,9.8,-51.02,0,0,10.01,2800.6,2865,13,5001
25478,draftkings,classic,3210,-10.25,9.75,-51.27,0,0,10.06,2784.5,2838,14,4995
25478,draftkings,classic,3143,-10.27,9.73,-51.34,0,0,10.19,2782.2,2840,30,5001
25478,draftkings,classic,1125,-10.29,9.71,-51.44,0,0,10.24,2719.3,2766,23,4999
25478,draftkings,classic,3704,-10.3,9.7,-51.49,0,0,10.28,2711.5,2762,20,4992
25478,draftkings,classic,2326,-10.31,9.69,-51.54,0,0,9.92,2755.3,2817,19,5000
25478,draftkings,classic,983,-10.32,9.68,-51.62,0,0,10.44,2712.9,2762,57,4987
25478,draftkings,classic,2635,-10.32,9.68,-51.58,0,0,10.8,2492.9,2467,54,4990
25478,draftkings,classic,3025,-10.32,9.68,-51.62,0,0,10.42,2646.8,2669,19,5001
25478,draftkings,classic,2415,-10.35,9.65,-51.74,0,0,10.02,2733.4,2786,14,5000
25478,draftkings,classic,1404,-10.37,9.63,-51.84,0,0,10.06,2729.8,2797,11,5000
25478,draftkings,classic,4208,-10.37,9.63,-51.86,0,0,10.52,2742.6,2796,35,4998
25478,draftkings,classic,4472,-10.37,9.63,-51.84,0,0,9.9,2883,2993,23,5001
25478,draftkings,classic,1143,-10.38,9.62,-51.89,0,0,10.38,2729.1,2775,41,4989
25478,draftkings,classic,1572,-10.38,9.62,-51.89,0,0,10.86,2559.3,2539,48,4993
25478,draftkings,classic,4159,-10.39,9.61,-51.96,0,0.01,10.39,2518,2525,9,5000
25478,draftkings,classic,4792,-10.4,9.6,-51.98,0,0,10.43,2644.9,2675,43,4998
25478,draftkings,classic,3345,-10.41,9.59,-52.04,0,0,10,2839.3,2926,14,5000
25478,draftkings,classic,2721,-10.41,9.59,-52.03,0,0,10.36,2600.6,2599,42,4998
25478,draftkings,classic,3664,-10.42,9.58,-52.12,0,0,10.4,2783,2849,38,4994
25478,draftkings,classic,2133,-10.42,9.57,-52.12,0,0.01,9.32,2861.1,2950,5,5001
25478,draftkings,classic,3708,-10.42,9.58,-52.08,0,0,10.23,2757.7,2821,24,5000
25478,draftkings,classic,1590,-10.42,9.58,-52.1,0,0,10.56,2547.8,2546,27,4993
25478,draftkings,classic,997,-10.43,9.57,-52.14,0,0,10.35,2585.1,2614,22,4999
25478,draftkings,classic,999,-10.44,9.56,-52.18,0,0.02,9.62,2758.6,2819,6,4998
25478,draftkings,classic,4803,-10.44,9.56,-52.2,0,0,10.3,2735.2,2748,18,4998
25478,draftkings,classic,1540,-10.45,9.55,-52.26,0,0,9.72,2915.3,3026,12,4998
25478,draftkings,classic,678,-10.48,9.52,-52.4,0,0,10.45,2604.2,2608,41,4999
25478,draftkings,classic,3460,-10.49,9.51,-52.43,0,0,10.18,2712.9,2728,32,4999
25478,draftkings,classic,2160,-10.51,9.49,-52.55,0,0,9.91,2706.2,2742,12,4996
25478,draftkings,classic,2448,-10.52,9.48,-52.58,0,0,10,2601.5,2616,19,4993
25478,draftkings,classic,256,-10.55,9.45,-52.74,0,0,10.09,2727.4,2765,20,4999
25478,draftkings,classic,4601,-10.56,9.44,-52.81,0,0,10.21,2580.3,2565,13,5001
25478,draftkings,classic,2298,-10.57,9.43,-52.86,0,0.01,9.86,2999.7,3136,10,5001
25478,draftkings,classic,398,-10.59,9.41,-52.95,0,0,10.14,2784.1,2850,16,4997
25478,draftkings,classic,54,-10.6,9.4,-52.98,0,0.01,9.53,2814,2890,10,4998
25478,draftkings,classic,2121,-10.6,9.4,-52.99,0,0.01,10.03,2674.9,2690,10,4995
25478,draftkings,classic,1121,-10.6,9.4,-53,0,0,9.5,3008.5,3179,11,5001
25478,draftkings,classic,2030,-10.61,9.39,-53.03,0,0.02,8.99,2971.9,3111,7,5000
25478,draftkings,classic,2760,-10.62,9.38,-53.1,0,0,9.6,2917.7,3032,17,5001
25478,draftkings,classic,381,-10.63,9.37,-53.13,0,0,9.86,2954.8,3073,19,5001
25478,draftkings,classic,2687,-10.63,9.37,-53.16,0,0,9.94,2724.4,2775,13,4994
25478,draftkings,classic,1618,-10.64,9.36,-53.21,0,0,9.75,2720,2748,23,4998
25478,draftkings,classic,1770,-10.64,9.36,-53.19,0,0,9.73,2797.1,2860,29,4997
25478,draftkings,classic,396,-10.64,9.36,-53.18,0,0,10.28,2523.4,2518,34,4981
25478,draftkings,classic,734,-10.64,9.36,-53.21,0,0,9.98,2663.2,2653,18,5001
25478,draftkings,classic,2171,-10.65,9.35,-53.26,0,0,10.25,2623.8,2622,55,4999
25478,draftkings,classic,3171,-10.66,9.34,-53.28,0,0,9.51,2864.5,2954,15,5000
25478,draftkings,classic,2535,-10.67,9.33,-53.37,0,0,9.81,2851.4,2920,18,5001
25478,draftkings,classic,3578,-10.67,9.33,-53.37,0,0.01,9.83,2840.6,2925,10,5000
25478,draftkings,classic,3701,-10.68,9.32,-53.38,0,0,10.06,2795,2864,34,4998
25478,draftkings,classic,3278,-10.68,9.32,-53.42,0,0,10.08,2864,2942,42,4997
25478,draftkings,classic,185,-10.69,9.31,-53.44,0,0,10.19,2684.1,2698,14,4998
25478,draftkings,classic,2982,-10.7,9.3,-53.5,0,0.01,8.71,2682.4,2707,2,4994
25478,draftkings,classic,1302,-10.7,9.3,-53.5,0,0,9.42,2973.4,3117,15,5000
25478,draftkings,classic,4034,-10.71,9.29,-53.54,0,0,9.01,3019.7,3169,17,5001
25478,draftkings,classic,459,-10.71,9.29,-53.54,0,0,9.43,3064,3232,35,5001
25478,draftkings,classic,2352,-10.72,9.28,-53.6,0,0,10.04,2803.6,2854,35,4999
25478,draftkings,classic,1518,-10.74,9.26,-53.72,0,0,9.56,2882.9,2989,33,5000
25478,draftkings,classic,2927,-10.75,9.25,-53.74,0,0,10.55,2624.7,2621,68,4995
25478,draftkings,classic,600,-10.75,9.25,-53.77,0,0,10.33,2543.3,2524,42,4986
25478,draftkings,classic,2899,-10.76,9.24,-53.8,0,0,9.81,2745.7,2800,13,4993
25478,draftkings,classic,2114,-10.78,9.22,-53.89,0,0,9.32,2993.7,3131,13,5001
25478,draftkings,classic,1484,-10.78,9.22,-53.88,0,0,10.14,2683.4,2696,32,4999
25478,draftkings,classic,1670,-10.78,9.22,-53.9,0,0,9.56,2936.1,3055,33,5000
25478,draftkings,classic,2537,-10.8,9.2,-53.99,0,0,9.92,2693.2,2729,17,4993
25478,draftkings,classic,992,-10.8,9.2,-54.01,0,0,9.69,2922.5,3039,39,5001
25478,draftkings,classic,2277,-10.8,9.2,-53.99,0,0.01,9.32,3041.8,3212,10,5001
25478,draftkings,classic,3855,-10.83,9.17,-54.13,0,0,10.05,2749.5,2791,34,5000
25478,draftkings,classic,768,-10.83,9.17,-54.15,0,0,9.91,2767.5,2822,19,4997
25478,draftkings,classic,2353,-10.84,9.16,-54.21,0,0,10.08,2577,2554,38,4994
25478,draftkings,classic,3966,-10.85,9.15,-54.27,0,0,10.35,2510.3,2485,49,4996
25478,draftkings,classic,3826,-10.85,9.15,-54.24,0,0,9.58,2821.2,2905,22,4998
25478,draftkings,classic,1281,-10.88,9.12,-54.4,0,0,9.65,2720,2769,33,5000
25478,draftkings,classic,2455,-10.88,9.12,-54.4,0,0,9.21,2943.9,3057,18,5001
25478,draftkings,classic,980,-10.9,9.1,-54.49,0,0.02,8.4,2851.5,2936,3,4996
25478,draftkings,classic,1457,-10.9,9.1,-54.49,0,0,9.17,3007.1,3164,14,5001
25478,draftkings,classic,1456,-10.91,9.09,-54.53,0,0,10.09,2719,2763,61,5001
25478,draftkings,classic,3546,-10.91,9.09,-54.55,0,0,9.84,2628.9,2635,11,4999
25478,draftkings,classic,3835,-10.92,9.08,-54.6,0,0.02,8.71,2929.2,3037,9,5001
25478,draftkings,classic,1390,-10.92,9.08,-54.58,0,0,10.28,2757.7,2778,78,4999
25478,draftkings,classic,1594,-10.95,9.05,-54.77,0,0.01,9.27,2739.7,2787,7,5000
25478,draftkings,classic,3967,-10.95,9.05,-54.73,0,0,9.26,2995.9,3130,19,5001
25478,draftkings,classic,1712,-10.96,9.04,-54.81,0,0.02,8.78,2965.8,3117,6,5001
25478,draftkings,classic,2767,-10.97,9.03,-54.87,0,0,9.56,2850.6,2923,41,4999
25478,draftkings,classic,978,-10.98,9.02,-54.92,0,0.01,8.78,2676.5,2706,3,4993
25478,draftkings,classic,217,-10.99,9.01,-54.97,0,0,10.01,2822.1,2898,46,5000
25478,draftkings,classic,2182,-11.01,8.99,-55.07,0,0,9.57,2690.4,2724,26,4996
25478,draftkings,classic,4637,-11.03,8.97,-55.14,0,0,9.57,2696.8,2711,21,4993
25478,draftkings,classic,3307,-11.04,8.96,-55.2,0,0.01,8.68,2921.1,3012,6,5001
25478,draftkings,classic,4874,-11.04,8.96,-55.21,0,0,9.34,2904.1,3014,18,5001
25478,draftkings,classic,1809,-11.05,8.95,-55.24,0,0,9.87,2653.4,2651,34,5001
25478,draftkings,classic,4278,-11.07,8.93,-55.37,0,0.01,9.03,2887,2975,7,4999
25478,draftkings,classic,1565,-11.08,8.92,-55.4,0,0,9.68,2660.4,2683,27,4997
25478,draftkings,classic,3641,-11.08,8.92,-55.39,0,0,9.87,2683.6,2701,45,4999
25478,draftkings,classic,1522,-11.09,8.91,-55.47,0,0,9.08,2935.1,3048,16,4998
25478,draftkings,classic,4609,-11.09,8.91,-55.43,0,0.01,9.11,2888.6,2970,10,5001
25478,draftkings,classic,3224,-11.1,8.9,-55.51,0,0.01,9.37,2690.4,2728,10,5000
25478,draftkings,classic,1261,-11.1,8.9,-55.48,0,0,9.66,2686.9,2705,32,4995
25478,draftkings,classic,2439,-11.1,8.9,-55.52,0,0,9.17,2863.7,2984,19,4999
25478,draftkings,classic,3373,-11.11,8.89,-55.57,0,0,9.65,2815.2,2887,44,4999
25478,draftkings,classic,2952,-11.11,8.89,-55.56,0,0,9.84,2787.9,2853,58,5000
25478,draftkings,classic,2216,-11.12,8.88,-55.62,0,0,9.9,2764,2818,45,4997
25478,draftkings,classic,3828,-11.13,8.87,-55.67,0,0,10,2679.2,2700,58,4998
25478,draftkings,classic,1624,-11.14,8.86,-55.68,0,0,8.85,2905.9,3005,18,5001
25478,draftkings,classic,4199,-11.17,8.83,-55.87,0,0,9.2,2792.6,2857,15,5001
25478,draftkings,classic,104,-11.17,8.83,-55.85,0,0.01,8.67,3010.3,3139,8,5001
25478,draftkings,classic,792,-11.18,8.82,-55.88,0,0.01,9,2719.2,2759,6,4999
25478,draftkings,classic,4638,-11.19,8.81,-55.93,0,0.01,8.29,2939.3,3041,4,4999
25478,draftkings,classic,4318,-11.19,8.81,-55.94,0,0,9.21,2877.2,2957,21,4999
25478,draftkings,classic,1418,-11.19,8.81,-55.94,0,0,9.03,2949.7,3074,36,5001
25478,draftkings,classic,1759,-11.19,8.81,-55.93,0,0,9.16,2793,2849,19,5000
25478,draftkings,classic,1228,-11.2,8.8,-56.02,0,0,9.35,2780.5,2841,25,4999
25478,draftkings,classic,1217,-11.21,8.79,-56.03,0,0,8.86,3002.6,3136,11,5001
25478,draftkings,classic,2046,-11.22,8.78,-56.12,0,0,9.7,2778.6,2823,43,4994
25478,draftkings,classic,516,-11.22,8.78,-56.08,0,0,9.1,2756.8,2819,17,4995
25478,draftkings,classic,759,-11.24,8.76,-56.18,0,0,9.35,2987.7,3118,29,5001
25478,draftkings,classic,3128,-11.24,8.76,-56.18,0,0,9.68,2613.8,2638,34,4989
25478,draftkings,classic,909,-11.24,8.76,-56.18,0,0,10.12,2641,2618,82,4999
25478,draftkings,classic,4324,-11.26,8.74,-56.31,0,0,9.21,2713.3,2762,14,4991
25478,draftkings,classic,3921,-11.27,8.73,-56.36,0,0,9.31,2770.2,2820,21,5000
25478,draftkings,classic,2519,-11.27,8.73,-56.34,0,0.01,8.53,2872.5,2954,10,5000
25478,draftkings,classic,2842,-11.27,8.73,-56.36,0,0,9.1,2902.9,3005,30,4996
25478,draftkings,classic,1782,-11.27,8.73,-56.37,0,0,9.34,2764.3,2816,22,4999
25478,draftkings,classic,3362,-11.29,8.71,-56.47,0,0,9.2,2794.7,2847,21,5001
25478,draftkings,classic,2325,-11.29,8.71,-56.47,0,0,9.31,2826.4,2892,26,4996
25478,draftkings,classic,738,-11.31,8.69,-56.53,0,0.01,9.08,2816.1,2873,10,5000
25478,draftkings,classic,1636,-11.34,8.66,-56.68,0,0,9.48,2782.7,2846,24,5000
25478,draftkings,classic,3423,-11.36,8.64,-56.82,0,0,9.71,2764.5,2818,36,4994
25478,draftkings,classic,795,-11.36,8.64,-56.78,0,0,9.37,2715.7,2735,36,5001
25478,draftkings,classic,673,-11.37,8.63,-56.85,0,0,9.77,2678.8,2698,59,4983
25478,draftkings,classic,3598,-11.38,8.62,-56.91,0,0,9.4,2889.3,2979,55,5001
25478,draftkings,classic,1694,-11.39,8.61,-56.97,0,0,7.72,3251.5,3508,11,5001
25478,draftkings,classic,1063,-11.39,8.61,-56.94,0,0.03,7.53,3101.2,3272,4,5001
25478,draftkings,classic,3519,-11.44,8.56,-57.22,0,0,9.26,2745,2800,30,4996
25478,draftkings,classic,1473,-11.44,8.56,-57.18,0,0,9.32,2780.7,2829,35,4995
25478,draftkings,classic,2961,-11.45,8.55,-57.26,0,0,9.27,2991.9,3128,47,5001
25478,draftkings,classic,2659,-11.45,8.55,-57.23,0,0,9.34,2831.2,2907,42,5001
25478,draftkings,classic,2850,-11.46,8.54,-57.32,0,0,9.04,2867.5,2973,20,4999
25478,draftkings,classic,1078,-11.49,8.51,-57.47,0,0,9.16,2719,2746,15,4999
25478,draftkings,classic,3933,-11.49,8.51,-57.46,0,0.01,8.59,2946.5,3065,6,5001
25478,draftkings,classic,1863,-11.5,8.5,-57.5,0,0,9.06,2906.9,3003,22,5000
25478,draftkings,classic,4158,-11.5,8.5,-57.48,0,0,8.87,2847,2894,22,5001
25478,draftkings,classic,4770,-11.5,8.5,-57.52,0,0,9.07,2849.1,2935,20,5001
25478,draftkings,classic,4455,-11.51,8.49,-57.55,0,0,9.16,2822.5,2896,61,4998
25478,draftkings,classic,90,-11.51,8.49,-57.53,0,0,8.86,2828.9,2921,34,4997
25478,draftkings,classic,3397,-11.52,8.48,-57.61,0,0,9.27,2840,2899,43,4999
25478,draftkings,classic,3825,-11.54,8.46,-57.72,0,0,9.07,2772.6,2835,22,5000
25478,draftkings,classic,2072,-11.57,8.43,-57.87,0,0,8.99,2906.8,2998,11,5001
25478,draftkings,classic,3849,-11.57,8.43,-57.87,0,0,9.05,2786.8,2846,24,5001
25478,draftkings,classic,598,-11.6,8.4,-57.99,0,0,8.96,2926.9,3046,27,5000
25478,draftkings,classic,941,-11.61,8.39,-58.06,0,0,8.86,2890.1,2994,19,5000
25478,draftkings,classic,2695,-11.61,8.39,-58.05,0,0,9.01,2843.2,2917,24,5001
25478,draftkings,classic,4354,-11.62,8.38,-58.08,0,0,8.83,2898.4,2985,41,5001
25478,draftkings,classic,3428,-11.64,8.36,-58.18,0,0,9.31,2637.1,2654,44,4984
25478,draftkings,classic,3408,-11.65,8.35,-58.26,0,0,8.57,3064,3254,17,5001
25478,draftkings,classic,884,-11.65,8.35,-58.25,0,0,8.58,2740.6,2792,14,4998
25478,draftkings,classic,3862,-11.66,8.34,-58.3,0,0,9.36,2598.9,2603,64,4985
25478,draftkings,classic,3896,-11.67,8.33,-58.34,0,0,8.94,2900.3,2996,26,5001
25478,draftkings,classic,4680,-11.67,8.33,-58.36,0,0,8.99,2921.8,3035,41,5001
25478,draftkings,classic,645,-11.67,8.33,-58.36,0,0,9.11,2655.5,2683,19,5001
25478,draftkings,classic,4653,-11.68,8.32,-58.39,0,0.01,8.44,2839.7,2920,10,5001
25478,draftkings,classic,1432,-11.68,8.32,-58.38,0,0,8.94,2853.3,2923,25,5000
25478,draftkings,classic,3510,-11.69,8.31,-58.43,0,0,8.99,2852.3,2932,43,5001
25478,draftkings,classic,4997,-11.69,8.31,-58.43,0,0,9.11,2795.1,2855,60,4998
25478,draftkings,classic,1506,-11.7,8.3,-58.5,0,0,8.9,2965.4,3103,55,5001
25478,draftkings,classic,307,-11.7,8.3,-58.51,0,0,8.83,2919.3,3049,27,4999
25478,draftkings,classic,728,-11.71,8.29,-58.55,0,0,9.17,2767.3,2812,39,5000
25478,draftkings,classic,240,-11.73,8.27,-58.66,0,0,9.27,2805.9,2858,77,4994
25478,draftkings,classic,2515,-11.73,8.27,-58.67,0,0,8.84,3006.5,3135,46,5001
25478,draftkings,classic,3610,-11.73,8.27,-58.66,0,0,8.75,2952.7,3080,36,5000
25478,draftkings,classic,4368,-11.73,8.27,-58.67,0,0.01,8.78,2823.4,2908,9,4997
25478,draftkings,classic,1867,-11.73,8.27,-58.64,0,0,9.26,2718.4,2735,42,4997
25478,draftkings,classic,1348,-11.74,8.26,-58.7,0,0,9.23,2856.8,2946,52,4999
25478,draftkings,classic,126,-11.74,8.26,-58.7,0,0.01,8.75,2923.3,3032,9,5001
25478,draftkings,classic,3488,-11.75,8.25,-58.76,0,0,9.05,2782.6,2835,48,4996
25478,draftkings,classic,4130,-11.75,8.25,-58.77,0,0,9.12,2614.3,2632,36,4971
25478,draftkings,classic,4739,-11.78,8.22,-58.9,0,0,8.82,2950.3,3053,36,5001
25478,draftkings,classic,431,-11.79,8.21,-58.94,0,0.01,8.49,2828.9,2923,7,4991
25478,draftkings,classic,2287,-11.8,8.2,-59.02,0,0,8.7,2838.8,2920,29,4995
25478,draftkings,classic,4488,-11.8,8.2,-58.98,0,0,8.88,2786.1,2840,35,4999
25478,draftkings,classic,3455,-11.81,8.19,-59.06,0,0,9.25,2629.1,2647,35,4999
25478,draftkings,classic,1915,-11.82,8.18,-59.1,0,0.01,8.69,2695.2,2726,8,5000
25478,draftkings,classic,1824,-11.82,8.18,-59.11,0,0,9.07,2980.7,3089,74,5001
25478,draftkings,classic,4661,-11.83,8.17,-59.16,0,0,8.86,2935.3,3058,56,5001
25478,draftkings,classic,805,-11.84,8.16,-59.19,0,0,9.08,2721.8,2774,23,5001
25478,draftkings,classic,141,-11.84,8.16,-59.2,0,0,8.85,2885.5,2986,49,4996
25478,draftkings,classic,3120,-11.86,8.14,-59.3,0,0,8.7,2688,2710,24,4991
25478,draftkings,classic,3295,-11.86,8.14,-59.32,0,0,8.68,2916.9,3023,39,5001
25478,draftkings,classic,2458,-11.88,8.12,-59.42,0,0,8.88,2799.9,2836,34,5000
25478,draftkings,classic,1502,-11.89,8.11,-59.45,0,0,8.6,2752.8,2795,24,4991
25478,draftkings,classic,4077,-11.91,8.09,-59.56,0,0,8.81,2761,2823,45,5000
25478,draftkings,classic,1781,-11.93,8.07,-59.65,0,0,8.28,2925.1,3045,12,4997
25478,draftkings,classic,3807,-11.95,8.05,-59.76,0,0,8.88,2764.5,2807,51,5001
25478,draftkings,classic,4046,-11.95,8.05,-59.74,0,0,8.71,2839.1,2912,34,5001
25478,draftkings,classic,2260,-11.95,8.05,-59.74,0,0,8.76,2789.7,2863,40,4992
25478,draftkings,classic,24,-11.96,8.04,-59.79,0,0,8.98,2600.8,2601,37,4994
25478,draftkings,classic,2836,-11.97,8.03,-59.86,0,0,8.79,2640.7,2651,12,4999
25478,draftkings,classic,1600,-11.99,8.01,-59.94,0,0,8.41,2831.1,2904,32,4996
25478,draftkings,classic,4404,-12.02,7.98,-60.09,0,0,8.67,2704.9,2745,26,4999
25478,draftkings,classic,739,-12.02,7.98,-60.08,0,0,9.01,2805.3,2858,34,5000
25478,draftkings,classic,4231,-12.03,7.97,-60.14,0,0,8.65,2774.4,2815,41,5000
25478,draftkings,classic,4316,-12.03,7.97,-60.16,0,0,8.94,2690.4,2712,11,4987
25478,draftkings,classic,4555,-12.04,7.96,-60.21,0,0,8.75,2844,2940,43,5000
25478,draftkings,classic,3586,-12.04,7.96,-60.2,0,0.01,8.29,2827.7,2896,8,5001
25478,draftkings,classic,513,-12.04,7.96,-60.2,0,0,8.63,2836.2,2906,44,4999
25478,draftkings,classic,1112,-12.04,7.96,-60.18,0,0,8.29,2877.4,2970,16,5001
25478,draftkings,classic,161,-12.05,7.95,-60.26,0,0,8.66,2739,2784,17,4992
25478,draftkings,classic,1369,-12.06,7.94,-60.31,0,0,8.51,2914.6,3020,24,5000
25478,draftkings,classic,3181,-12.07,7.93,-60.37,0,0.01,7.94,2897.2,2998,8,4991
25478,draftkings,classic,1075,-12.07,7.93,-60.34,0,0,8.46,3036.3,3207,21,4999
25478,draftkings,classic,2234,-12.07,7.93,-60.36,0,0,9.21,2747.4,2791,103,4996
25478,draftkings,classic,756,-12.08,7.92,-60.38,0,0,8.33,2883,2977,28,5001
25478,draftkings,classic,2835,-12.08,7.92,-60.4,0,0,8.69,2844.7,2921,20,5001
25478,draftkings,classic,4050,-12.1,7.9,-60.49,0,0,8.72,2966.4,3086,75,4999
25478,draftkings,classic,4916,-12.1,7.9,-60.51,0,0,8.18,3022.6,3170,24,5001
25478,draftkings,classic,3757,-12.11,7.89,-60.56,0,0.01,8.09,2980.7,3103,10,5000
25478,draftkings,classic,4504,-12.16,7.84,-60.78,0,0.01,8.14,2985,3103,10,5001
25478,draftkings,classic,1300,-12.17,7.83,-60.85,0,0,8.71,2813.2,2884,52,5001
25478,draftkings,classic,3109,-12.19,7.81,-60.97,0,0,8.58,2763.5,2818,27,4973
25478,draftkings,classic,855,-12.19,7.81,-60.93,0,0.01,8.02,2944.4,3041,5,4999
25478,draftkings,classic,2930,-12.19,7.81,-60.95,0,0,8.17,2979.9,3094,25,5001
25478,draftkings,classic,4256,-12.2,7.8,-61.02,0,0,8.32,2807.7,2851,25,5001
25478,draftkings,classic,3229,-12.2,7.8,-60.99,0,0,8.31,2710.1,2735,11,4992
25478,draftkings,classic,77,-12.2,7.8,-61,0,0,8.34,3094.4,3251,32,5001
25478,draftkings,classic,1430,-12.22,7.78,-61.11,0,0,8.93,2720.2,2745,64,4988
25478,draftkings,classic,666,-12.23,7.77,-61.15,0,0,8.21,2890.4,2970,28,5000
25478,draftkings,classic,3324,-12.24,7.76,-61.22,0,0.01,7.95,2890.3,3014,9,5000
25478,draftkings,classic,294,-12.25,7.75,-61.23,0,0,8.13,3070.7,3258,34,5001
25478,draftkings,classic,3535,-12.26,7.74,-61.3,0,0,8.46,2956.8,3082,48,4997
25478,draftkings,classic,832,-12.26,7.74,-61.28,0,0,8.39,2822.8,2880,26,4999
25478,draftkings,classic,1343,-12.27,7.73,-61.34,0,0.01,8.19,2886.3,2984,8,4997
25478,draftkings,classic,4211,-12.27,7.73,-61.33,0,0.01,8,2876.4,2964,7,5001
25478,draftkings,classic,2057,-12.27,7.73,-61.37,0,0,8.14,2860.5,2928,37,4998
25478,draftkings,classic,3330,-12.3,7.7,-61.48,0,0,8.64,2680.2,2708,69,5001
25478,draftkings,classic,3369,-12.31,7.69,-61.54,0,0,8.64,2747.1,2779,35,4999
25478,draftkings,classic,970,-12.31,7.69,-61.54,0,0,8.37,2799.8,2863,39,4992
25478,draftkings,classic,754,-12.32,7.68,-61.59,0,0,8.26,2953.5,3050,20,5000
25478,draftkings,classic,1524,-12.34,7.66,-61.72,0,0,8.49,2702.5,2738,68,5000
25478,draftkings,classic,872,-12.34,7.66,-61.7,0,0,8.34,2685,2702,14,4996
25478,draftkings,classic,148,-12.36,7.64,-61.81,0,0,8.76,2901.1,2967,72,5000
25478,draftkings,classic,2056,-12.36,7.64,-61.82,0,0,8.7,2540.1,2525,44,4994
25478,draftkings,classic,1394,-12.36,7.64,-61.8,0,0,8.36,2745.9,2770,27,5001
25478,draftkings,classic,3110,-12.39,7.61,-61.93,0,0,8.04,2903.1,2988,20,5001
25478,draftkings,classic,1628,-12.39,7.61,-61.93,0,0,7.85,2899.9,2985,16,5001
25478,draftkings,classic,2813,-12.39,7.61,-61.94,0,0,8.29,2785.3,2862,40,4990
25478,draftkings,classic,1845,-12.4,7.6,-61.99,0,0,8.13,2759,2803,21,5000
25478,draftkings,classic,3010,-12.4,7.6,-62.01,0,0,8.24,2814.3,2876,40,4991
25478,draftkings,classic,2022,-12.42,7.58,-62.11,0,0,8.39,2752.1,2777,71,4994
25478,draftkings,classic,3366,-12.43,7.57,-62.13,0,0,8.03,2757.5,2795,51,4990
25478,draftkings,classic,3869,-12.44,7.56,-62.19,0,0,7.77,3018.9,3177,16,5001
25478,draftkings,classic,1823,-12.45,7.55,-62.26,0,0,8.14,2746.6,2803,18,4997
25478,draftkings,classic,3996,-12.45,7.55,-62.26,0,0,8.5,2723.2,2749,42,5000
25478,draftkings,classic,890,-12.46,7.54,-62.32,0,0,8.35,2899,2998,26,5001
25478,draftkings,classic,907,-12.47,7.53,-62.34,0,0,7.76,3042.3,3181,28,5001
25478,draftkings,classic,2000,-12.48,7.52,-62.41,0,0.01,7.48,3055.2,3218,8,5000
25478,draftkings,classic,1221,-12.5,7.5,-62.52,0,0,8.01,2942.8,3067,15,5001
25478,draftkings,classic,3057,-12.51,7.49,-62.54,0,0,8,2971.1,3092,14,4999
25478,draftkings,classic,3486,-12.52,7.48,-62.6,0,0.01,8.25,2681.5,2712,10,4996
25478,draftkings,classic,1855,-12.52,7.48,-62.61,0,0,8.37,2893.4,2976,45,5001
25478,draftkings,classic,4935,-12.52,7.48,-62.61,0,0,8.2,2862.6,2940,45,5001
25478,draftkings,classic,235,-12.53,7.47,-62.67,0,0,8.43,2644.7,2644,52,4986
25478,draftkings,classic,4131,-12.53,7.47,-62.64,0,0.01,7.53,2958.6,3086,7,5000
25478,draftkings,classic,3053,-12.53,7.47,-62.65,0,0,8.33,2759.3,2802,27,4999
25478,draftkings,classic,3078,-12.54,7.46,-62.69,0,0,8.1,2886.7,2950,31,5001
25478,draftkings,classic,1729,-12.54,7.46,-62.68,0,0,7.77,2928.1,3044,13,5000
25478,draftkings,classic,3074,-12.55,7.45,-62.75,0,0.01,8.28,2721,2757,10,4999
25478,draftkings,classic,4141,-12.55,7.45,-62.74,0,0,8.05,3100.9,3289,17,5001
25478,draftkings,classic,2186,-12.56,7.44,-62.81,0,0,7.77,3031.2,3207,25,5001
25478,draftkings,classic,2350,-12.56,7.44,-62.78,0,0,7.99,2776.7,2829,12,4995
25478,draftkings,classic,2291,-12.56,7.44,-62.82,0,0,7.85,2867.5,2962,14,4997
25478,draftkings,classic,2122,-12.58,7.42,-62.89,0,0,7.95,3041.5,3198,31,4999
25478,draftkings,classic,2201,-12.58,7.42,-62.91,0,0,8.04,2926.2,3013,49,5001
25478,draftkings,classic,250,-12.59,7.41,-62.96,0,0,7.96,2960,3070,29,4994
25478,draftkings,classic,3718,-12.6,7.4,-62.98,0,0,8.17,2848.5,2932,45,4999
25478,draftkings,classic,4358,-12.61,7.39,-63.04,0,0,7.82,3114.5,3283,43,5000
25478,draftkings,classic,1840,-12.63,7.37,-63.16,0,0,7.82,2959.7,3099,24,4999
25478,draftkings,classic,2217,-12.64,7.36,-63.2,0,0,7.91,3084.1,3250,35,5001
25478,draftkings,classic,195,-12.65,7.35,-63.27,0,0,7.82,3072.4,3223,42,5001
25478,draftkings,classic,3549,-12.65,7.35,-63.23,0,0,7.97,2945.5,3061,38,5000
25478,draftkings,classic,4708,-12.66,7.34,-63.32,0,0,7.9,2972.6,3088,25,5001
25478,draftkings,classic,4330,-12.67,7.33,-63.35,0,0,7.53,2982.9,3116,17,5001
25478,draftkings,classic,1176,-12.67,7.33,-63.34,0,0.01,7.04,3138.4,3325,6,5001
25478,draftkings,classic,3276,-12.67,7.33,-63.36,0,0,8.51,2555.3,2549,70,4984
25478,draftkings,classic,3517,-12.68,7.32,-63.4,0,0,7.98,2791.4,2866,16,4999
25478,draftkings,classic,2594,-12.7,7.3,-63.5,0,0,7.56,2965,3085,19,5000
25478,draftkings,classic,4302,-12.7,7.3,-63.49,0,0,8.13,2742,2767,14,4995
25478,draftkings,classic,4145,-12.7,7.3,-63.51,0,0,7.67,2960.2,3080,23,5001
25478,draftkings,classic,11,-12.71,7.29,-63.56,0,0,7.97,2853.2,2919,19,5000
25478,draftkings,classic,1607,-12.71,7.29,-63.54,0,0,7.91,2807.6,2872,43,5000
25478,draftkings,classic,1438,-12.71,7.29,-63.56,0,0,7.9,2941.3,3048,25,5000
25478,draftkings,classic,278,-12.73,7.27,-63.64,0,0,8.34,2732.2,2781,37,4998
25478,draftkings,classic,2242,-12.73,7.27,-63.63,0,0,7.89,2850.1,2950,38,4995
25478,draftkings,classic,3313,-12.75,7.25,-63.73,0,0,8.13,2771.8,2808,52,4994
25478,draftkings,classic,285,-12.75,7.25,-63.77,0,0.01,6.78,3091.1,3254,3,5001
25478,draftkings,classic,2852,-12.76,7.24,-63.81,0,0.01,7.52,3032.8,3175,8,5001
25478,draftkings,classic,786,-12.76,7.24,-63.8,0,0,7.29,3154.3,3357,26,5001
25478,draftkings,classic,1578,-12.77,7.23,-63.87,0,0.01,6.88,2923.5,2997,3,5001
25478,draftkings,classic,3363,-12.78,7.22,-63.89,0,0,7.96,2778.5,2816,29,4997
25478,draftkings,classic,4865,-12.79,7.21,-63.97,0,0,7.94,3060.3,3198,41,5001
25478,draftkings,classic,3497,-12.8,7.2,-64,0,0,8.19,2696.9,2726,29,4993
25478,draftkings,classic,3794,-12.8,7.2,-63.99,0,0,7.54,3022.4,3153,17,5001
25478,draftkings,classic,1676,-12.84,7.16,-64.2,0,0,8.23,2615.3,2606,36,4990
25478,draftkings,classic,58,-12.86,7.14,-64.31,0,0,7.37,3163.4,3372,12,5001
25478,draftkings,classic,2162,-12.86,7.14,-64.29,0,0,7.8,2990.2,3098,28,5001
25478,draftkings,classic,4714,-12.86,7.14,-64.32,0,0,8.35,2650.6,2670,59,4999
25478,draftkings,classic,3531,-12.86,7.14,-64.28,0,0,8.01,2880.2,2955,56,5001
25478,draftkings,classic,2782,-12.88,7.12,-64.4,0,0,7.68,2854.1,2948,22,4997
25478,draftkings,classic,130,-12.88,7.12,-64.42,0,0,7.87,3006.9,3123,23,5000
25478,draftkings,classic,253,-12.88,7.12,-64.4,0,0,8.11,2855.6,2912,44,5001
25478,draftkings,classic,771,-12.88,7.12,-64.42,0,0,8,2802,2836,34,4999
25478,draftkings,classic,1974,-12.89,7.11,-64.43,0,0,7.59,2958.1,3065,25,5001
25478,draftkings,classic,4491,-12.91,7.09,-64.55,0,0,7.84,2800.8,2867,32,5000
25478,draftkings,classic,1810,-12.91,7.09,-64.55,0,0,7.97,2955.8,3064,62,5001
25478,draftkings,classic,1322,-12.91,7.09,-64.56,0,0,8.03,2770.7,2815,34,4996
25478,draftkings,classic,1250,-12.93,7.07,-64.63,0,0,8.03,2686.7,2714,48,4994
25478,draftkings,classic,4523,-12.94,7.06,-64.72,0,0,7.86,2974,3087,45,5000
25478,draftkings,classic,1388,-12.95,7.05,-64.74,0,0,8.05,2725.4,2746,62,4993
25478,draftkings,classic,3106,-12.96,7.04,-64.79,0,0,7.49,3167.9,3381,33,5001
25478,draftkings,classic,2436,-12.96,7.04,-64.79,0,0,7.51,3084.2,3258,49,5000
25478,draftkings,classic,4432,-12.97,7.03,-64.87,0,0,8.04,2633.6,2645,78,4988
25478,draftkings,classic,4890,-12.97,7.03,-64.87,0,0,7.7,3062.7,3232,50,5001
25478,draftkings,classic,1642,-13,7,-64.98,0,0,7.58,2943.5,3048,25,5001
25478,draftkings,classic,4573,-13.01,6.99,-65.03,0,0,7.76,2823.2,2883,44,4998
25478,draftkings,classic,3212,-13.02,6.98,-65.12,0,0,7.65,2961.3,3059,19,5000
25478,draftkings,classic,556,-13.02,6.98,-65.08,0,0,7.72,2980.2,3096,57,5000
25478,draftkings,classic,2971,-13.03,6.97,-65.17,0,0.01,7.24,2927.8,3025,8,4997
25478,draftkings,classic,4735,-13.04,6.96,-65.18,0,0,7.51,2918.8,3032,20,5001
25478,draftkings,classic,456,-13.05,6.95,-65.25,0,0,7.69,2837,2883,39,4999
25478,draftkings,classic,3079,-13.05,6.95,-65.24,0,0.01,7.43,2779,2825,7,4995
25478,draftkings,classic,4397,-13.06,6.94,-65.27,0,0,7.54,2977.8,3101,29,5001
25478,draftkings,classic,2025,-13.07,6.93,-65.36,0,0,7.62,2804.8,2866,27,4998
25478,draftkings,classic,4728,-13.07,6.93,-65.35,0,0,7.3,3105.3,3286,11,5001
25478,draftkings,classic,944,-13.11,6.89,-65.55,0,0,7.88,2781.1,2821,49,4997
25478,draftkings,classic,157,-13.11,6.89,-65.53,0,0,7.75,2970.4,3078,80,4996
25478,draftkings,classic,680,-13.12,6.88,-65.6,0,0,7.56,2886.7,2958,23,5001
25478,draftkings,classic,839,-13.12,6.88,-65.62,0,0,7.21,3056.8,3216,22,5001
25478,draftkings,classic,3964,-13.12,6.88,-65.61,0,0,7.75,2790.4,2844,81,5001
25478,draftkings,classic,4287,-13.13,6.87,-65.64,0,0.01,7.41,2844.8,2921,10,4995
25478,draftkings,classic,3071,-13.14,6.86,-65.69,0,0,7.49,3005.9,3127,21,5000
25478,draftkings,classic,1102,-13.15,6.85,-65.77,0,0,7.43,2843.6,2911,25,4987
25478,draftkings,classic,1584,-13.15,6.85,-65.74,0,0,7.67,2822.6,2872,49,5001
25478,draftkings,classic,1282,-13.15,6.85,-65.73,0,0,7.54,2767.3,2827,23,4992
25478,draftkings,classic,3442,-13.16,6.84,-65.81,0,0,7.34,2849,2924,13,5001
25478,draftkings,classic,70,-13.18,6.82,-65.91,0,0.01,7.22,3083.8,3252,9,5000
25478,draftkings,classic,3485,-13.19,6.81,-65.95,0,0,7.42,2849.7,2899,13,5001
25478,draftkings,classic,4272,-13.2,6.8,-66,0,0,7.29,2927.1,3049,40,4995
25478,draftkings,classic,1652,-13.2,6.8,-66,0,0,7.39,2942.2,3052,45,5001
25478,draftkings,classic,608,-13.21,6.79,-66.07,0,0,7.7,2771.6,2823,47,4993
25478,draftkings,classic,3671,-13.22,6.78,-66.12,0,0,7.47,2948.2,3037,54,5001
25478,draftkings,classic,4252,-13.23,6.77,-66.14,0,0,6.94,3111.5,3261,14,5001
25478,draftkings,classic,605,-13.23,6.77,-66.14,0,0,7.13,3008.3,3134,27,5001
25478,draftkings,classic,2278,-13.23,6.77,-66.17,0,0,7.5,3015.6,3139,60,5001
25478,draftkings,classic,187,-13.23,6.77,-66.13,0,0,7.43,2945.4,3038,36,5001
25478,draftkings,classic,2974,-13.24,6.76,-66.2,0,0,7.32,2947.9,3058,26,4999
25478,draftkings,classic,3184,-13.24,6.76,-66.21,0,0,7.22,3040,3176,41,5001
25478,draftkings,classic,194,-13.25,6.75,-66.24,0,0,7.83,2784.7,2821,36,4999
25478,draftkings,classic,1454,-13.25,6.75,-66.26,0,0,7.26,2814.3,2868,19,4999
25478,draftkings,classic,1847,-13.25,6.75,-66.26,0,0,7.36,2836.3,2907,36,4998
25478,draftkings,classic,2387,-13.26,6.74,-66.28,0,0.01,6.65,3231.2,3449,4,5001
25478,draftkings,classic,4325,-13.27,6.73,-66.36,0,0,7.45,2932,3032,38,5001
25478,draftkings,classic,1115,-13.27,6.73,-66.34,0,0,7.75,2757.3,2803,83,5001
25478,draftkings,classic,3588,-13.28,6.72,-66.39,0,0,7.45,2869.5,2946,41,5001
25478,draftkings,classic,4709,-13.28,6.72,-66.42,0,0,7.14,3016.4,3175,34,5000
25478,draftkings,classic,947,-13.29,6.71,-66.45,0,0,7.42,3082.9,3262,33,5001
25478,draftkings,classic,590,-13.29,6.71,-66.45,0,0,7.46,2936.2,3033,23,4995
25478,draftkings,classic,2311,-13.31,6.69,-66.53,0,0,7.43,3008.2,3145,48,5000
25478,draftkings,classic,2755,-13.31,6.69,-66.57,0,0,7.07,3198.6,3424,17,5001
25478,draftkings,classic,203,-13.32,6.68,-66.59,0,0,7.28,2941.6,3051,38,4999
25478,draftkings,classic,3114,-13.32,6.68,-66.59,0,0,7.42,2807.9,2862,30,4994
25478,draftkings,classic,543,-13.32,6.68,-66.62,0,0.01,7.2,2972.9,3081,8,5001
25478,draftkings,classic,531,-13.32,6.68,-66.62,0,0,7.28,2916.5,3010,14,5001
25478,draftkings,classic,2855,-13.34,6.66,-66.69,0,0,7.21,3080.9,3249,24,5000
25478,draftkings,classic,2330,-13.34,6.66,-66.72,0,0,7.5,2911.5,2983,47,4999
25478,draftkings,classic,1255,-13.35,6.65,-66.75,0,0,7.2,3096.3,3260,39,4998
25478,draftkings,classic,1509,-13.35,6.65,-66.76,0,0,7.74,2856.2,2913,95,5000
25478,draftkings,classic,3848,-13.36,6.64,-66.81,0,0,6.78,3242.2,3486,20,5001
25478,draftkings,classic,1056,-13.36,6.64,-66.82,0,0,7.53,2919.4,3008,80,5001
25478,draftkings,classic,1560,-13.37,6.63,-66.83,0,0,7.17,2962.8,3085,32,4999
25478,draftkings,classic,1728,-13.38,6.62,-66.92,0,0,7.56,2669.5,2697,38,4997
25478,draftkings,classic,548,-13.39,6.61,-66.95,0,0,7.34,2791.6,2831,34,4999
25478,draftkings,classic,1203,-13.39,6.61,-66.94,0,0,7.58,2699.9,2720,40,5001
25478,draftkings,classic,1609,-13.4,6.6,-66.98,0,0,7.42,2849.2,2919,84,4997
25478,draftkings,classic,1503,-13.4,6.6,-66.97,0,0,7.26,2871.8,2944,42,5000
25478,draftkings,classic,4312,-13.4,6.6,-66.99,0,0,7.44,2956.9,3066,80,4997
25478,draftkings,classic,2891,-13.41,6.59,-67.05,0,0,7.2,3052.4,3204,26,5000
25478,draftkings,classic,1888,-13.41,6.59,-67.05,0,0,7.69,2784.8,2806,79,5000
25478,draftkings,classic,321,-13.41,6.59,-67.04,0,0,7.58,2720.9,2749,60,4999
25478,draftkings,classic,4533,-13.43,6.57,-67.15,0,0,7.64,2886.9,2956,85,4999
25478,draftkings,classic,1647,-13.45,6.55,-67.24,0,0,6.83,3089.3,3237,23,5001
25478,draftkings,classic,2862,-13.46,6.54,-67.3,0,0,6.96,3065.8,3202,24,5001
25478,draftkings,classic,981,-13.46,6.54,-67.3,0,0,7.18,2990.3,3111,21,5001
25478,draftkings,classic,3144,-13.46,6.54,-67.32,0,0,7.49,2860.2,2943,78,5001
25478,draftkings,classic,2838,-13.47,6.53,-67.36,0,0,7.04,3051.5,3201,33,5001
25478,draftkings,classic,670,-13.49,6.51,-67.44,0,0,7.07,2932.6,3038,18,4998
25478,draftkings,classic,2153,-13.49,6.51,-67.47,0,0,7.32,3027.2,3149,103,5000
25478,draftkings,classic,4746,-13.49,6.51,-67.45,0,0,7.17,2836.1,2913,16,4988
25478,draftkings,classic,953,-13.49,6.51,-67.45,0,0,7.55,2689.2,2698,83,4997
25478,draftkings,classic,1870,-13.5,6.5,-67.51,0,0,7.04,2824.4,2909,21,4999
25478,draftkings,classic,2200,-13.5,6.5,-67.48,0,0,7.2,2934.6,3016,47,5001
25478,draftkings,classic,99,-13.51,6.49,-67.53,0,0,7.53,2846.3,2911,59,5001
25478,draftkings,classic,1894,-13.52,6.48,-67.62,0,0,6.92,3244.1,3487,40,5000
25478,draftkings,classic,3259,-13.53,6.47,-67.64,0,0,7.31,2760.7,2785,34,4999
25478,draftkings,classic,2628,-13.54,6.46,-67.71,0,0.01,5.85,3075.1,3210,3,4998
25478,draftkings,classic,3287,-13.54,6.46,-67.68,0,0,7.34,2862.4,2904,43,5001
25478,draftkings,classic,2931,-13.54,6.46,-67.71,0,0,7.05,2948.9,3056,17,4996
25478,draftkings,classic,3473,-13.56,6.44,-67.81,0,0,7.28,2939.4,3033,57,5001
25478,draftkings,classic,2423,-13.56,6.44,-67.78,0,0,6.87,3155.2,3347,16,5000
25478,draftkings,classic,3876,-13.57,6.43,-67.84,0,0,6.87,2862.6,2937,19,5000
25478,draftkings,classic,3507,-13.58,6.42,-67.9,0,0,7.08,2906.7,3007,29,5001
25478,draftkings,classic,943,-13.58,6.42,-67.88,0,0,7.24,2760.4,2791,69,4991
25478,draftkings,classic,251,-13.58,6.42,-67.88,0,0,7.32,2834.7,2910,51,5000
25478,draftkings,classic,3310,-13.59,6.41,-67.96,0,0,6.71,3125.7,3316,16,5001
25478,draftkings,classic,296,-13.6,6.4,-68.01,0,0,7.05,3020.1,3157,14,5001
25478,draftkings,classic,810,-13.6,6.4,-68,0,0,7.32,2730.5,2773,53,4988
25478,draftkings,classic,1737,-13.61,6.39,-68.05,0,0,7.62,2667,2683,73,4996
25478,draftkings,classic,889,-13.62,6.38,-68.11,0,0,7,2844.4,2917,17,4995
25478,draftkings,classic,1657,-13.62,6.38,-68.1,0,0.02,6.81,2934.4,3029,9,4996
25478,draftkings,classic,4970,-13.64,6.36,-68.22,0,0,7.26,2773.7,2819,70,4988
25478,draftkings,classic,2184,-13.65,6.35,-68.27,0,0,7.01,3089.8,3234,78,5000
25478,draftkings,classic,781,-13.65,6.35,-68.23,0,0,6.95,3063.8,3196,18,5001
25478,draftkings,classic,4182,-13.65,6.35,-68.25,0,0,6.7,2910.1,3009,15,4998
25478,draftkings,classic,3284,-13.66,6.34,-68.31,0,0,6.74,3036.4,3182,25,4999
25478,draftkings,classic,4085,-13.66,6.34,-68.32,0,0,7.11,2858.1,2935,46,5001
25478,draftkings,classic,4010,-13.66,6.34,-68.31,0,0,7.02,2774,2818,19,4995
25478,draftkings,classic,3162,-13.68,6.32,-68.41,0,0,7.08,2959,3064,32,4998
25478,draftkings,classic,707,-13.68,6.32,-68.39,0,0,6.63,3136.4,3307,20,5001
25478,draftkings,classic,928,-13.69,6.31,-68.46,0,0.01,6.7,2964.5,3058,9,4999
25478,draftkings,classic,222,-13.7,6.3,-68.52,0,0,6.69,2943.3,3041,15,5000
25478,draftkings,classic,3775,-13.71,6.29,-68.53,0,0,7.25,2837.4,2906,82,5000
25478,draftkings,classic,4,-13.71,6.29,-68.54,0,0,6.78,2809.4,2865,12,4997
25478,draftkings,classic,1919,-13.71,6.29,-68.57,0,0,6.74,3041.8,3169,33,5001
25478,draftkings,classic,2336,-13.72,6.28,-68.58,0,0,6.75,3111.6,3279,46,5000
25478,draftkings,classic,1002,-13.72,6.28,-68.62,0,0,7.04,2799.4,2830,26,4998
25478,draftkings,classic,2678,-13.73,6.27,-68.64,0,0,6.79,3153.8,3353,11,5001
25478,draftkings,classic,1564,-13.73,6.27,-68.63,0,0,6.91,2923.2,3009,42,4995
25478,draftkings,classic,2861,-13.75,6.25,-68.74,0,0,6.76,3091.6,3234,40,5001
25478,draftkings,classic,3174,-13.76,6.24,-68.78,0,0,7.15,2891.4,2972,29,4996
25478,draftkings,classic,675,-13.77,6.23,-68.86,0,0,7.06,3072.6,3205,66,5001
25478,draftkings,classic,4548,-13.77,6.23,-68.87,0,0,7.05,2755,2801,56,4999
25478,draftkings,classic,4045,-13.77,6.23,-68.86,0,0,6.64,2990.5,3099,35,5001
25478,draftkings,classic,1706,-13.79,6.21,-68.95,0,0,6.8,2872,2929,21,5000
25478,draftkings,classic,4715,-13.79,6.21,-68.94,0,0,6.67,2938.4,3036,21,4995
25478,draftkings,classic,1910,-13.79,6.21,-68.94,0,0,6.73,3078.7,3248,74,4999
25478,draftkings,classic,2981,-13.8,6.2,-69,0,0,6.76,3064.7,3200,27,5000
25478,draftkings,classic,1128,-13.82,6.18,-69.12,0,0,7.29,2801,2839,75,4998
25478,draftkings,classic,3217,-13.82,6.18,-69.1,0,0,6.69,3054.2,3196,32,5001
25478,draftkings,classic,2408,-13.82,6.18,-69.08,0,0,6.52,3049,3184,26,5000
25478,draftkings,classic,1939,-13.84,6.16,-69.22,0,0,6.85,3114.2,3273,40,5001
25478,draftkings,classic,4791,-13.85,6.15,-69.24,0,0,6.79,2895.3,2975,33,4996
25478,draftkings,classic,1208,-13.85,6.15,-69.23,0,0,6.68,2972.5,3080,40,4998
25478,draftkings,classic,1011,-13.86,6.14,-69.32,0,0,6.9,3064.6,3199,67,5001
25478,draftkings,classic,1976,-13.86,6.14,-69.32,0,0,6.72,2946.9,3038,14,4991
25478,draftkings,classic,3436,-13.86,6.14,-69.31,0,0,7.04,2769.1,2816,56,4998
25478,draftkings,classic,733,-13.88,6.12,-69.42,0,0.01,6.49,2989.2,3101,9,5001
25478,draftkings,classic,3940,-13.88,6.12,-69.41,0,0,6.97,2789.4,2825,36,5000
25478,draftkings,classic,4039,-13.89,6.11,-69.43,0,0,6.54,3046.3,3202,24,5001
25478,draftkings,classic,3170,-13.89,6.11,-69.47,0,0,6.79,2908.4,2995,51,4992
25478,draftkings,classic,3111,-13.9,6.1,-69.49,0,0,6.91,2831.2,2890,44,4993
25478,draftkings,classic,888,-13.9,6.1,-69.47,0,0,6.88,2850.5,2921,61,4996
25478,draftkings,classic,2432,-13.92,6.08,-69.58,0,0,6.68,3073.1,3209,26,5001
25478,draftkings,classic,4473,-13.93,6.07,-69.63,0,0,6.81,2820.1,2870,57,5001
25478,draftkings,classic,2979,-13.93,6.07,-69.66,0,0,6.92,2894.4,2981,37,4997
25478,draftkings,classic,1350,-13.94,6.06,-69.69,0,0,6.9,2707.4,2736,51,4997
25478,draftkings,classic,1264,-13.95,6.05,-69.77,0,0,6.77,3004.5,3127,48,5000
25478,draftkings,classic,1284,-13.95,6.05,-69.76,0,0,6.48,3138.2,3307,43,5001
25478,draftkings,classic,495,-13.95,6.05,-69.74,0,0,6.81,2883.6,2967,55,4996
25478,draftkings,classic,776,-13.96,6.04,-69.82,0,0,6.85,3009,3122,17,5001
25478,draftkings,classic,1739,-13.96,6.04,-69.8,0,0,6.57,2907.3,2991,31,4999
25478,draftkings,classic,4840,-13.96,6.04,-69.79,0,0,6.74,2907.3,2990,30,4999
25478,draftkings,classic,4954,-13.97,6.03,-69.84,0,0,6.77,2982.5,3079,48,4999
25478,draftkings,classic,1879,-13.97,6.03,-69.86,0,0,6.63,2920.8,3004,29,5000
25478,draftkings,classic,2670,-13.98,6.02,-69.9,0,0,6.63,2964.3,3059,36,4998
25478,draftkings,classic,2987,-13.98,6.02,-69.91,0,0,6.67,3116.9,3284,24,5001
25478,draftkings,classic,1392,-13.99,6.01,-69.97,0,0,6.82,2947.4,3036,49,4998
25478,draftkings,classic,558,-14,6,-69.98,0,0,6.82,3014.8,3114,83,5001
25478,draftkings,classic,3458,-14,6,-70.03,0,0,6.72,2897.3,2982,45,4996
25478,draftkings,classic,1436,-14,6,-70,0,0,6.69,3065.1,3212,43,5001
25478,draftkings,classic,1085,-14.01,5.99,-70.06,0,0,6.49,2959.9,3060,33,4998
25478,draftkings,classic,1134,-14.01,5.99,-70.06,0,0,6.63,3056,3191,64,5001
25478,draftkings,classic,4635,-14.04,5.96,-70.19,0,0,6.85,2920.3,3009,65,4999
25478,draftkings,classic,2313,-14.05,5.95,-70.24,0,0,6.73,2956.8,3048,76,5001
25478,draftkings,classic,4336,-14.05,5.95,-70.26,0,0,6.69,2900,2981,16,4994
25478,draftkings,classic,1820,-14.06,5.94,-70.29,0,0,6.54,3173.5,3360,48,5001
25478,draftkings,classic,4314,-14.06,5.94,-70.31,0,0,6.79,2917.8,2984,61,4998
25478,draftkings,classic,3984,-14.07,5.93,-70.37,0,0,6.61,2864.8,2969,12,4990
25478,draftkings,classic,94,-14.07,5.93,-70.34,0,0,6.11,3198.5,3404,12,5001
25478,draftkings,classic,951,-14.07,5.93,-70.34,0,0,6.34,3128.7,3299,42,5000
25478,draftkings,classic,3594,-14.08,5.92,-70.41,0,0,6.51,3010.1,3118,15,5000
25478,draftkings,classic,1849,-14.08,5.92,-70.39,0,0,6.45,3072.4,3215,25,5001
25478,draftkings,classic,922,-14.08,5.92,-70.43,0,0,6.1,3276.6,3495,26,5001
25478,draftkings,classic,746,-14.09,5.91,-70.44,0,0,6.62,2963.6,3088,74,4996
25478,draftkings,classic,500,-14.09,5.91,-70.47,0,0,6.52,3035,3160,23,5001
25478,draftkings,classic,97,-14.1,5.9,-70.49,0,0,6.58,2870,2938,29,5000
25478,draftkings,classic,3386,-14.12,5.88,-70.61,0,0,6.51,2901.8,2984,56,4996
25478,draftkings,classic,1950,-14.13,5.87,-70.67,0,0,6.52,3026.4,3163,67,5001
25478,draftkings,classic,323,-14.13,5.87,-70.64,0,0,6.57,2951.4,3042,27,5001
25478,draftkings,classic,635,-14.13,5.87,-70.65,0,0,6.31,3008.8,3136,18,5001
25478,draftkings,classic,3587,-14.15,5.85,-70.74,0,0,6.12,3143.1,3288,29,5000
25478,draftkings,classic,2281,-14.18,5.82,-70.9,0,0,5.9,3260.4,3482,12,5001
25478,draftkings,classic,3417,-14.18,5.82,-70.89,0,0.01,5.3,3180.4,3335,3,5001
25478,draftkings,classic,791,-14.18,5.82,-70.9,0,0,6.43,2906.6,2986,39,5001
25478,draftkings,classic,1556,-14.2,5.8,-71.02,0,0,6.58,2728.7,2757,23,4999
25478,draftkings,classic,3200,-14.2,5.8,-71.02,0,0,6.62,3054,3194,75,5001
25478,draftkings,classic,1818,-14.22,5.78,-71.1,0,0,6.58,3080.2,3208,40,5001
25478,draftkings,classic,2864,-14.22,5.78,-71.11,0,0,6.42,2991.8,3111,32,4997
25478,draftkings,classic,4484,-14.23,5.77,-71.16,0,0,6.02,3201.1,3405,19,5001
25478,draftkings,classic,3465,-14.23,5.77,-71.16,0,0,6.53,2851.3,2928,44,4996
25478,draftkings,classic,3309,-14.28,5.72,-71.39,0,0,6.12,3188.3,3387,25,4998
25478,draftkings,classic,1333,-14.28,5.72,-71.4,0,0,6.19,3043.6,3169,24,5000
25478,draftkings,classic,1850,-14.29,5.71,-71.45,0,0,6.55,2980.7,3098,65,5000
25478,draftkings,classic,1844,-14.29,5.71,-71.43,0,0,6.48,2831.2,2910,42,4997
25478,draftkings,classic,697,-14.29,5.71,-71.43,0,0,6.35,3148.2,3322,22,5001
25478,draftkings,classic,1431,-14.3,5.7,-71.51,0,0,6.3,2995.7,3107,71,4998
25478,draftkings,classic,1662,-14.3,5.7,-71.52,0,0,6.33,3108,3278,22,4998
25478,draftkings,classic,4027,-14.31,5.69,-71.56,0,0,6.21,2962.3,3061,31,4995
25478,draftkings,classic,3058,-14.33,5.67,-71.67,0,0,6.17,3181,3374,37,5001
25478,draftkings,classic,2896,-14.33,5.67,-71.64,0,0.01,6.07,2994.3,3103,10,5000
25478,draftkings,classic,3719,-14.33,5.67,-71.66,0,0,6.19,3259,3479,61,5000
25478,draftkings,classic,2772,-14.33,5.67,-71.67,0,0,6.25,3015.5,3147,40,5001
25478,draftkings,classic,1885,-14.33,5.67,-71.65,0,0,6.3,2996.2,3113,23,4998
25478,draftkings,classic,875,-14.34,5.66,-71.73,0,0,6.25,3105.7,3263,48,5000
25478,draftkings,classic,4512,-14.34,5.66,-71.68,0,0,6.15,3151.9,3333,45,5001
25478,draftkings,classic,4892,-14.35,5.65,-71.74,0,0,6.33,3095.5,3220,66,5001
25478,draftkings,classic,2546,-14.35,5.65,-71.73,0,0,6.4,3127.3,3304,63,5001
25478,draftkings,classic,3752,-14.35,5.65,-71.74,0,0,6.69,2741,2775,113,4977
25478,draftkings,classic,4291,-14.36,5.64,-71.82,0,0.01,5.87,3146.3,3319,9,5001
25478,draftkings,classic,3299,-14.37,5.63,-71.85,0,0,6.39,2951.2,3024,62,5000
25478,draftkings,classic,3611,-14.38,5.62,-71.92,0,0.01,5.86,3178.8,3364,10,5001
25478,draftkings,classic,2771,-14.38,5.62,-71.89,0,0,6.09,3241.3,3460,63,5001
25478,draftkings,classic,2876,-14.4,5.6,-72.01,0,0,6.26,2995.2,3110,48,4998
25478,draftkings,classic,3038,-14.41,5.59,-72.06,0,0,6.34,2970.4,3069,34,4999
25478,draftkings,classic,1417,-14.41,5.59,-72.05,0,0,6.11,3003.2,3108,38,4995
25478,draftkings,classic,3006,-14.42,5.58,-72.09,0,0,5.92,3141.5,3293,24,5000
25478,draftkings,classic,845,-14.43,5.57,-72.14,0,0,6.22,2993.7,3086,32,5001
25478,draftkings,classic,368,-14.43,5.57,-72.17,0,0,6.18,3134.6,3309,42,5000
25478,draftkings,classic,1265,-14.45,5.55,-72.25,0,0,6.22,3184.5,3375,48,5001
25478,draftkings,classic,3732,-14.46,5.54,-72.31,0,0,6.41,2999.3,3096,90,5000
25478,draftkings,classic,2018,-14.46,5.54,-72.3,0,0,6.1,3125.1,3289,34,5001
25478,draftkings,classic,2538,-14.46,5.54,-72.3,0,0,6.24,2872.7,2926,39,5000
25478,draftkings,classic,4115,-14.47,5.53,-72.36,0,0,6.18,2967.7,3061,39,4997
25478,draftkings,classic,395,-14.47,5.53,-72.36,0,0,6.55,2811.9,2859,61,4998
25478,draftkings,classic,2257,-14.47,5.53,-72.34,0,0,6.44,2821,2861,38,4995
25478,draftkings,classic,1026,-14.47,5.53,-72.34,0,0,6.21,3066.3,3203,52,4999
25478,draftkings,classic,2910,-14.48,5.52,-72.4,0,0,6.54,2912.3,2992,80,5001
25478,draftkings,classic,290,-14.5,5.5,-72.52,0,0,6.31,2858.7,2909,46,5000
25478,draftkings,classic,3370,-14.5,5.5,-72.48,0,0,5.83,3094.4,3223,18,5000
25478,draftkings,classic,1472,-14.52,5.48,-72.62,0,0.01,5.48,3347.4,3608,5,5001
25478,draftkings,classic,3232,-14.53,5.47,-72.63,0,0,6.17,3083.2,3229,14,5001
25478,draftkings,classic,581,-14.56,5.44,-72.82,0,0,6.38,2924.9,2992,109,4999
25478,draftkings,classic,2112,-14.58,5.42,-72.89,0,0,5.82,3113.4,3258,38,5001
25478,draftkings,classic,386,-14.58,5.42,-72.9,0,0,6.05,3146,3321,32,5000
25478,draftkings,classic,1512,-14.58,5.42,-72.89,0,0,5.94,2959.6,3047,23,4999
25478,draftkings,classic,4691,-14.59,5.41,-72.94,0,0,5.86,3074.6,3225,47,4999
25478,draftkings,classic,4442,-14.6,5.4,-73.01,0,0,6.18,2924.9,2994,77,5001
25478,draftkings,classic,2082,-14.6,5.4,-73.02,0,0,6.26,2950.7,3030,52,4992
25478,draftkings,classic,1864,-14.6,5.4,-72.97,0,0,6.08,3090.9,3256,46,4999
25478,draftkings,classic,1426,-14.61,5.39,-73.03,0,0,5.83,3197.5,3372,30,5001
25478,draftkings,classic,603,-14.62,5.38,-73.12,0,0,6.19,3019.5,3139,50,4995
25478,draftkings,classic,4723,-14.62,5.38,-73.08,0,0,5.97,3067.6,3200,40,5001
25478,draftkings,classic,1132,-14.62,5.38,-73.12,0,0,6.25,2901.8,2969,63,4998
25478,draftkings,classic,4752,-14.62,5.38,-73.11,0,0,6.2,3153.6,3317,94,5001
25478,draftkings,classic,4409,-14.63,5.37,-73.15,0,0,6.39,2733.2,2763,36,4966
25478,draftkings,classic,3823,-14.64,5.36,-73.21,0,0,6.02,2907.8,2982,42,5001
25478,draftkings,classic,1593,-14.65,5.35,-73.23,0,0,6.17,2824.3,2855,38,4998
25478,draftkings,classic,3209,-14.65,5.35,-73.26,0,0,6.12,3116.9,3276,117,4996
25478,draftkings,classic,567,-14.67,5.33,-73.36,0,0,6.1,3111.9,3269,123,4999
25478,draftkings,classic,4907,-14.68,5.32,-73.41,0,0,5.98,2899.4,2961,82,4995
25478,draftkings,classic,798,-14.69,5.31,-73.44,0,0,5.91,3062.8,3210,44,5001
25478,draftkings,classic,1196,-14.71,5.29,-73.54,0,0,6.18,2813.9,2844,90,4997
25478,draftkings,classic,1315,-14.72,5.28,-73.62,0,0,5.88,2997,3112,33,4998
25478,draftkings,classic,3886,-14.72,5.28,-73.59,0,0,6.19,2694.2,2719,74,4999
25478,draftkings,classic,1238,-14.73,5.27,-73.63,0,0,5.95,2942.1,3035,33,4999
25478,draftkings,classic,1177,-14.74,5.26,-73.72,0,0,5.89,3012.9,3142,51,5001
25478,draftkings,classic,4310,-14.75,5.25,-73.76,0,0,6.18,2820.5,2864,78,4998
25478,draftkings,classic,2567,-14.75,5.25,-73.74,0,0,5.36,3342.4,3575,16,5001
25478,draftkings,classic,2202,-14.76,5.24,-73.82,0,0,5.88,3231.4,3440,34,5001
25478,draftkings,classic,4741,-14.76,5.24,-73.82,0,0,5.71,3211.2,3386,17,5001
25478,draftkings,classic,1204,-14.77,5.23,-73.83,0,0,6.09,2910.6,2983,37,4996
25478,draftkings,classic,2449,-14.77,5.23,-73.87,0,0,6.18,2816.5,2873,57,4989
25478,draftkings,classic,3580,-14.79,5.21,-73.97,0,0,5.56,3239.7,3427,24,5001
25478,draftkings,classic,632,-14.82,5.18,-74.1,0,0,5.58,3195.1,3376,35,5000
25478,draftkings,classic,4341,-14.82,5.18,-74.11,0,0,5.78,3060.1,3193,49,5000
25478,draftkings,classic,3908,-14.82,5.18,-74.1,0,0,5.72,3269.3,3461,76,5001
25478,draftkings,classic,4551,-14.84,5.16,-74.18,0,0,5.85,2851.4,2913,34,4992
25478,draftkings,classic,4720,-14.84,5.16,-74.2,0,0,5.67,3102.5,3247,36,5001
25478,draftkings,classic,4811,-14.84,5.16,-74.18,0,0,5.95,2819.7,2882,30,5000
25478,draftkings,classic,836,-14.85,5.15,-74.23,0,0,5.44,3156.2,3303,20,5001
25478,draftkings,classic,4209,-14.85,5.15,-74.24,0,0,5.86,2995.7,3094,61,4996
25478,draftkings,classic,2105,-14.86,5.14,-74.32,0,0,5.88,3060.6,3182,91,5000
25478,draftkings,classic,2042,-14.87,5.13,-74.35,0,0,5.68,2979.5,3082,54,5001
25478,draftkings,classic,3753,-14.88,5.12,-74.42,0,0,5.57,3301,3527,37,5001
25478,draftkings,classic,3761,-14.88,5.12,-74.39,0,0,5.71,3098.8,3263,44,5001
25478,draftkings,classic,3243,-14.88,5.12,-74.4,0,0,5.61,3141.6,3317,47,5001
25478,draftkings,classic,2332,-14.88,5.12,-74.41,0,0,5.73,2951.9,3025,22,4996
25478,draftkings,classic,3160,-14.89,5.11,-74.45,0,0,5.76,3006,3111,50,4998
25478,draftkings,classic,3410,-14.89,5.11,-74.45,0,0,5.63,3232.2,3432,53,5001
25478,draftkings,classic,3492,-14.9,5.1,-74.49,0,0,5.83,3115.9,3258,93,5000
25478,draftkings,classic,1442,-14.91,5.09,-74.55,0,0,5.54,3184.3,3353,34,5001
25478,draftkings,classic,2686,-14.91,5.09,-74.55,0,0,6.02,2768.1,2790,104,5001
25478,draftkings,classic,1568,-14.91,5.09,-74.56,0,0,5.8,3057.2,3192,79,5001
25478,draftkings,classic,473,-14.93,5.07,-74.66,0,0,5.9,3317.3,3553,120,5001
25478,draftkings,classic,341,-14.93,5.07,-74.67,0,0,5.72,3204.1,3391,50,5001
25478,draftkings,classic,2467,-14.93,5.07,-74.67,0,0,5.9,2919.5,3012,57,4995
25478,draftkings,classic,1909,-14.93,5.07,-74.63,0,0,5.42,3279.2,3487,13,5001
25478,draftkings,classic,3196,-14.94,5.06,-74.69,0,0,5.73,3163.6,3310,99,5001
25478,draftkings,classic,2507,-14.94,5.06,-74.72,0,0,5.56,3093.1,3218,29,5001
25478,draftkings,classic,3570,-14.95,5.05,-74.73,0,0,5.33,3227.9,3406,19,5001
25478,draftkings,classic,589,-14.96,5.04,-74.78,0,0,5.56,3036,3161,28,5001
25478,draftkings,classic,3969,-14.96,5.04,-74.79,0,0,5.63,3135.9,3289,53,5001
25478,draftkings,classic,1148,-14.97,5.03,-74.87,0,0,5.83,2964.8,3070,100,4994
25478,draftkings,classic,3534,-14.98,5.03,-74.88,0,0,5.59,3030.9,3153,31,5000
25478,draftkings,classic,1602,-14.98,5.02,-74.9,0,0,5.56,3064.5,3195,22,5001
25478,draftkings,classic,1161,-14.99,5.01,-74.94,0,0,5.74,2971.7,3054,53,4999
25478,draftkings,classic,783,-14.99,5.01,-74.96,0,0,5.2,3326.5,3573,23,5001
25478,draftkings,classic,1403,-14.99,5.01,-74.97,0,0,5.38,3117.7,3251,23,5000
25478,draftkings,classic,3516,-15,5,-74.99,0,0,5.63,3151.9,3317,37,4998
25478,draftkings,classic,3165,-15,5,-74.99,0,0,5.79,2877.1,2941,53,4996
25478,draftkings,classic,325,-15.01,4.99,-75.07,0,0,5.78,2900.8,2961,76,4997
25478,draftkings,classic,4659,-15.01,4.99,-75.06,0,0,5.65,3114.3,3251,72,4999
25478,draftkings,classic,2205,-15.01,4.99,-75.03,0,0,5.67,3086.7,3218,39,5001
25478,draftkings,classic,2486,-15.01,4.99,-75.07,0,0,5.61,2941.6,3015,60,5001
25478,draftkings,classic,4154,-15.03,4.97,-75.14,0,0,5.5,3195.8,3375,64,5001
25478,draftkings,classic,2540,-15.04,4.96,-75.22,0,0,5.66,3096,3239,92,5000
25478,draftkings,classic,2973,-15.04,4.96,-75.2,0,0,5.65,2902.5,2967,54,4994
25478,draftkings,classic,2693,-15.04,4.96,-75.2,0,0,5.65,2966.4,3053,83,4998
25478,draftkings,classic,2880,-15.04,4.96,-75.18,0,0,5.58,3170.4,3354,31,5000
25478,draftkings,classic,2113,-15.04,4.96,-75.21,0,0,5.61,3163,3322,87,5001
25478,draftkings,classic,3483,-15.05,4.95,-75.27,0,0,5.6,3031.9,3140,62,5001
25478,draftkings,classic,3681,-15.05,4.95,-75.23,0,0,5.45,3030.2,3132,20,5000
25478,draftkings,classic,570,-15.05,4.95,-75.26,0,0,5.47,3159.8,3338,52,5000
25478,draftkings,classic,3892,-15.07,4.93,-75.35,0,0,5.53,3204,3384,48,5001
25478,draftkings,classic,2844,-15.08,4.92,-75.4,0,0,5.5,3222.2,3420,44,5001
25478,draftkings,classic,1930,-15.08,4.92,-75.39,0,0,5.63,2893.6,2985,30,4993
25478,draftkings,classic,2793,-15.1,4.9,-75.5,0,0,5.81,2864.4,2924,96,5001
25478,draftkings,classic,2165,-15.11,4.89,-75.55,0,0,5.77,2840.7,2875,55,4995
25478,draftkings,classic,4246,-15.14,4.86,-75.69,0,0,5.4,3295.4,3514,36,5001
25478,draftkings,classic,3653,-15.14,4.86,-75.7,0,0,5.47,3058.8,3194,38,4998
25478,draftkings,classic,4560,-15.15,4.85,-75.75,0,0,5.47,3152,3301,41,5001
25478,draftkings,classic,2913,-15.16,4.84,-75.82,0,0,5.68,2929.6,3019,72,4992
25478,draftkings,classic,51,-15.16,4.84,-75.8,0,0,5.43,3098.3,3250,60,5001
25478,draftkings,classic,2584,-15.16,4.84,-75.82,0,0,5.53,3041.1,3152,55,4995
25478,draftkings,classic,4092,-15.16,4.84,-75.82,0,0,5.33,3080.5,3216,18,5000
25478,draftkings,classic,929,-15.17,4.83,-75.84,0,0,5.33,3127.2,3272,85,5000
25478,draftkings,classic,2717,-15.18,4.82,-75.88,0,0,5.34,3163.5,3334,63,5000
25478,draftkings,classic,525,-15.18,4.82,-75.9,0,0,5.41,3041.9,3165,58,5000
25478,draftkings,classic,1280,-15.18,4.82,-75.88,0,0,5.62,3011.6,3124,110,5001
25478,draftkings,classic,4044,-15.18,4.82,-75.9,0,0,5.21,3102.3,3241,19,5001
25478,draftkings,classic,609,-15.19,4.81,-75.96,0,0,5.46,3055.4,3180,61,4996
25478,draftkings,classic,1079,-15.2,4.8,-75.99,0,0,5.37,3084.1,3230,36,5000
25478,draftkings,classic,4670,-15.2,4.8,-76.02,0,0,5.29,3214.1,3411,37,5001
25478,draftkings,classic,1595,-15.2,4.8,-76.01,0,0,4.98,3467.3,3772,29,5001
25478,draftkings,classic,1338,-15.2,4.8,-76,0,0,5.28,3206.3,3385,68,4998
25478,draftkings,classic,1764,-15.21,4.79,-76.07,0,0,5.41,3000.3,3124,35,4999
25478,draftkings,classic,3768,-15.22,4.78,-76.09,0,0,5.18,3283.6,3489,41,5001
25478,draftkings,classic,2180,-15.22,4.78,-76.12,0,0,5.1,3332.6,3565,16,5001
25478,draftkings,classic,1513,-15.22,4.78,-76.12,0,0,5.3,3203.7,3374,39,5001
25478,draftkings,classic,847,-15.22,4.78,-76.12,0,0,5.42,3126,3266,67,5001
25478,draftkings,classic,3332,-15.22,4.78,-76.1,0,0,5.24,3097.9,3233,32,5001
25478,draftkings,classic,613,-15.22,4.78,-76.09,0,0,5.4,3173,3347,62,4999
25478,draftkings,classic,2097,-15.23,4.77,-76.15,0,0,5.18,3104.9,3252,29,5001
25478,draftkings,classic,1510,-15.26,4.74,-76.31,0,0,5.11,3139.3,3310,20,5000
25478,draftkings,classic,420,-15.27,4.73,-76.34,0,0,5.14,3259.4,3450,17,5001
25478,draftkings,classic,155,-15.28,4.72,-76.41,0,0,5.33,3103.6,3231,58,5000
25478,draftkings,classic,41,-15.29,4.71,-76.43,0,0,5.32,3240.1,3449,74,5000
25478,draftkings,classic,2064,-15.29,4.71,-76.43,0,0,5.01,3284.5,3506,28,5001
25478,draftkings,classic,206,-15.29,4.71,-76.44,0,0,5.35,2923.6,2984,39,5000
25478,draftkings,classic,2859,-15.3,4.7,-76.48,0,0,5.06,3114.4,3249,12,5000
25478,draftkings,classic,3867,-15.3,4.7,-76.52,0,0,5.34,2877.3,2934,25,4996
25478,draftkings,classic,1351,-15.31,4.69,-76.56,0,0,5.22,3051.4,3175,13,5001
25478,draftkings,classic,3450,-15.31,4.69,-76.57,0,0,5.42,2971.2,3049,108,5001
25478,draftkings,classic,3592,-15.32,4.68,-76.61,0,0,5.26,3219.8,3411,78,5000
25478,draftkings,classic,3557,-15.35,4.65,-76.76,0,0,5.52,2837,2872,107,5000
25478,draftkings,classic,4886,-15.35,4.65,-76.77,0,0,5.16,3156.3,3300,22,5001
25478,draftkings,classic,1460,-15.35,4.65,-76.74,0,0,5.02,3393.7,3659,60,5001
25478,draftkings,classic,4814,-15.35,4.65,-76.73,0,0,5.4,2945.5,3025,57,4998
25478,draftkings,classic,2276,-15.36,4.64,-76.81,0,0,5.35,2994.2,3084,26,5001
25478,draftkings,classic,2346,-15.36,4.64,-76.8,0,0,5.11,3235.3,3418,72,5000
25478,draftkings,classic,402,-15.37,4.63,-76.85,0,0,5.26,3052.7,3168,62,4999
25478,draftkings,classic,3240,-15.37,4.63,-76.86,0,0,5.36,3003.1,3121,59,4998
25478,draftkings,classic,461,-15.37,4.63,-76.83,0,0,5.23,3176.7,3347,67,5001
25478,draftkings,classic,4463,-15.38,4.62,-76.92,0,0,4.99,3072.1,3195,25,5001
25478,draftkings,classic,2172,-15.39,4.61,-76.93,0,0,5.05,3158.8,3317,24,5001
25478,draftkings,classic,226,-15.4,4.6,-77,0,0,5.34,3131.6,3296,56,5001
25478,draftkings,classic,1173,-15.42,4.58,-77.1,0,0,5.15,3172.8,3318,21,5001
25478,draftkings,classic,1966,-15.42,4.58,-77.11,0,0,5.03,3180.4,3334,42,5001
25478,draftkings,classic,3253,-15.42,4.58,-77.08,0,0,4.84,3345.8,3591,13,5001
25478,draftkings,classic,4626,-15.42,4.58,-77.1,0,0,5.17,3184.9,3352,35,5001
25478,draftkings,classic,4510,-15.43,4.57,-77.13,0,0,5.03,3023.4,3132,27,4999
25478,draftkings,classic,3677,-15.43,4.57,-77.13,0,0,5,3214.2,3393,30,5001
25478,draftkings,classic,2499,-15.43,4.57,-77.16,0,0,5.12,3096.3,3229,80,4997
25478,draftkings,classic,3652,-15.44,4.56,-77.22,0,0,5.07,3145.7,3284,34,5001
25478,draftkings,classic,2947,-15.44,4.56,-77.22,0,0,5.1,3073,3191,97,4997
25478,draftkings,classic,2050,-15.46,4.54,-77.28,0,0,5.19,2965.7,3049,64,4988
25478,draftkings,classic,2256,-15.46,4.54,-77.32,0,0,5.49,2786.5,2824,123,4965
25478,draftkings,classic,2651,-15.47,4.53,-77.34,0,0,5.05,3140.2,3284,38,5001
25478,draftkings,classic,437,-15.48,4.52,-77.39,0,0,5.32,3011.8,3100,77,4997
25478,draftkings,classic,2284,-15.49,4.51,-77.44,0,0,5.22,2917.6,2987,76,5000
25478,draftkings,classic,3536,-15.5,4.5,-77.53,0,0,5.16,3028.5,3138,19,4993
25478,draftkings,classic,3893,-15.51,4.49,-77.54,0,0,5.17,3026.9,3141,42,5001
25478,draftkings,classic,128,-15.51,4.49,-77.56,0,0,5.02,3209.5,3371,44,5001
25478,draftkings,classic,3262,-15.51,4.49,-77.56,0,0,4.88,3371.1,3624,24,5001
25478,draftkings,classic,1677,-15.52,4.48,-77.61,0,0,5.08,3070.1,3198,57,4999
25478,draftkings,classic,2993,-15.52,4.48,-77.61,0,0,4.79,3433.7,3701,31,5001
25478,draftkings,classic,1159,-15.53,4.47,-77.64,0,0,5.04,3139.2,3282,89,4999
25478,draftkings,classic,466,-15.53,4.47,-77.67,0,0,4.98,3038.9,3147,36,4996
25478,draftkings,classic,989,-15.54,4.46,-77.71,0,0,4.82,3200.6,3373,33,4999
25478,draftkings,classic,2938,-15.54,4.46,-77.68,0,0,5.03,3331.8,3550,77,5001
25478,draftkings,classic,3548,-15.54,4.46,-77.69,0,0,4.93,3132,3276,26,5001
25478,draftkings,classic,3303,-15.54,4.46,-77.72,0,0,5.07,3034.4,3146,58,4997
25478,draftkings,classic,1274,-15.55,4.45,-77.74,0,0,5.09,3041.9,3136,63,5000
25478,draftkings,classic,1273,-15.57,4.43,-77.83,0,0,4.93,3192.2,3343,66,5001
25478,draftkings,classic,775,-15.58,4.42,-77.92,0,0,4.79,3310,3521,16,5001
25478,draftkings,classic,1571,-15.58,4.42,-77.88,0,0,5.07,2994.6,3088,86,5001
25478,draftkings,classic,2360,-15.59,4.41,-77.96,0,0,4.92,3222.5,3403,55,5001
25478,draftkings,classic,1106,-15.6,4.4,-78.02,0,0,4.99,2931.7,3020,31,4998
25478,draftkings,classic,2630,-15.6,4.4,-78,0,0,4.79,3257.5,3440,15,5001
25478,draftkings,classic,87,-15.6,4.4,-77.98,0,0,5.09,2946.4,3022,100,4997
25478,draftkings,classic,2722,-15.62,4.38,-78.12,0,0,4.95,3024,3131,14,5000
25478,draftkings,classic,4589,-15.64,4.36,-78.21,0,0,4.8,3340.2,3566,39,5001
25478,draftkings,classic,3550,-15.64,4.36,-78.22,0,0,4.9,3204.8,3377,48,5001
25478,draftkings,classic,3602,-15.64,4.36,-78.2,0,0,4.86,3310.7,3511,58,5001
25478,draftkings,classic,3943,-15.64,4.36,-78.22,0,0,5.04,3215,3408,99,5001
25478,draftkings,classic,3035,-15.65,4.35,-78.25,0,0,5.14,3042.9,3140,98,4997
25478,draftkings,classic,3320,-15.66,4.34,-78.29,0,0,4.69,3288.9,3486,25,5001
25478,draftkings,classic,2318,-15.66,4.34,-78.3,0,0,5.02,3153.4,3302,107,5001
25478,draftkings,classic,640,-15.67,4.33,-78.33,0,0,4.94,3250.3,3448,67,5001
25478,draftkings,classic,1092,-15.7,4.3,-78.52,0,0,4.79,3279.4,3484,11,5001
25478,draftkings,classic,2273,-15.71,4.29,-78.54,0,0,4.82,3411.6,3681,57,5001
25478,draftkings,classic,844,-15.71,4.29,-78.54,0,0,4.87,3222.2,3388,29,5000
25478,draftkings,classic,1750,-15.72,4.28,-78.58,0,0,4.93,3022.1,3120,43,4998
25478,draftkings,classic,3149,-15.72,4.28,-78.6,0,0,4.77,3278.2,3495,27,5001
25478,draftkings,classic,2329,-15.73,4.27,-78.64,0,0,4.76,3176.6,3318,77,4999
25478,draftkings,classic,4919,-15.74,4.26,-78.68,0,0,4.69,3239.5,3417,21,5001
25478,draftkings,classic,363,-15.74,4.26,-78.72,0,0,4.86,3000.1,3091,55,4994
25478,draftkings,classic,4762,-15.75,4.25,-78.77,0,0,4.8,3160.7,3312,47,5000
25478,draftkings,classic,1622,-15.75,4.25,-78.76,0,0,4.94,2911.9,2971,35,4997
25478,draftkings,classic,1604,-15.76,4.24,-78.8,0,0,4.93,2985,3080,72,4998
25478,draftkings,classic,2327,-15.77,4.23,-78.86,0,0,4.81,3066.6,3189,45,5000
25478,draftkings,classic,2418,-15.78,4.22,-78.92,0,0,4.75,3230.7,3398,71,4997
25478,draftkings,classic,921,-15.78,4.22,-78.89,0,0,4.87,3034.1,3131,104,5000
25478,draftkings,classic,57,-15.78,4.22,-78.88,0,0,4.8,3072.1,3179,55,5000
25478,draftkings,classic,2958,-15.78,4.22,-78.88,0,0,4.65,3136.5,3291,26,5000
25478,draftkings,classic,1195,-15.79,4.21,-78.96,0,0,4.76,3190.3,3364,31,5000
25478,draftkings,classic,1715,-15.8,4.2,-78.99,0,0,4.96,2866.8,2903,75,4998
25478,draftkings,classic,4887,-15.81,4.19,-79.07,0,0,4.38,3362.8,3570,23,5000
25478,draftkings,classic,86,-15.81,4.19,-79.06,0,0,4.84,3032.3,3125,30,5000
25478,draftkings,classic,2080,-15.85,4.15,-79.26,0,0,4.83,2882.3,2949,37,4996
25478,draftkings,classic,1960,-15.86,4.14,-79.28,0,0,4.27,3431.3,3721,37,5001
25478,draftkings,classic,269,-15.87,4.13,-79.34,0,0,4.67,3139.1,3278,60,5000
25478,draftkings,classic,2076,-15.88,4.12,-79.41,0,0,4.59,3289.5,3493,31,5000
25478,draftkings,classic,1859,-15.9,4.1,-79.51,0,0,4.36,3378.8,3624,33,5001
25478,draftkings,classic,4337,-15.9,4.1,-79.49,0,0,4.67,3118.7,3242,51,5001
25478,draftkings,classic,4578,-15.9,4.1,-79.51,0,0,4.6,3317.5,3533,60,5001
25478,draftkings,classic,353,-15.91,4.09,-79.56,0,0,4.58,3187.6,3334,49,5001
25478,draftkings,classic,1705,-15.91,4.09,-79.57,0,0,4.66,3208.8,3384,46,5001
25478,draftkings,classic,4711,-15.92,4.08,-79.59,0,0,4.56,3192.5,3366,37,4999
25478,draftkings,classic,1499,-15.93,4.07,-79.66,0,0,4.59,3257.6,3462,53,5001
25478,draftkings,classic,4849,-15.93,4.07,-79.65,0,0,4.45,3393,3639,31,5001
25478,draftkings,classic,773,-15.94,4.06,-79.72,0,0,4.58,3003.9,3109,12,4994
25478,draftkings,classic,4972,-15.94,4.06,-79.7,0,0,4.48,3330.5,3525,16,5000
25478,draftkings,classic,4116,-15.94,4.06,-79.68,0,0,4.63,3285.4,3510,80,5000
25478,draftkings,classic,4367,-15.95,4.05,-79.76,0,0,4.63,3120.9,3247,72,4999
25478,draftkings,classic,1360,-15.96,4.04,-79.81,0,0,4.44,3275.8,3451,31,5001
25478,draftkings,classic,3733,-15.96,4.04,-79.79,0,0,4.54,3119.9,3258,33,5000
25478,draftkings,classic,3121,-15.97,4.03,-79.87,0,0,4.74,3058.8,3138,79,5000
25478,draftkings,classic,188,-15.97,4.03,-79.83,0,0,4.68,2945.6,3013,87,5000
25478,draftkings,classic,1219,-15.97,4.03,-79.83,0,0,4.65,3266.3,3461,46,5001
25478,draftkings,classic,2608,-15.97,4.03,-79.85,0,0,4.26,3319.7,3526,13,4999
25478,draftkings,classic,2334,-15.98,4.02,-79.9,0,0,4.66,3161.7,3311,78,4999
25478,draftkings,classic,3154,-15.98,4.02,-79.9,0,0,4.53,3304.5,3528,47,5001
25478,draftkings,classic,2516,-15.98,4.02,-79.91,0,0,4.69,3020.5,3109,149,4993
25478,draftkings,classic,3086,-15.98,4.03,-79.88,0,0,4.62,3364.2,3593,97,5001
25478,draftkings,classic,1528,-15.98,4.02,-79.89,0,0,4.51,3308.9,3522,63,5001
25478,draftkings,classic,2625,-15.99,4.01,-79.94,0,0,4.74,2932.7,3008,77,4985
25478,draftkings,classic,2786,-16.01,3.99,-80.04,0,0,4.53,3265.1,3469,38,4995
25478,draftkings,classic,886,-16.01,3.99,-80.04,0,0,4.23,3408.3,3656,31,5001
25478,draftkings,classic,1486,-16.01,3.99,-80.05,0,0,4.65,3089.4,3212,80,5000
25478,draftkings,classic,4317,-16.02,3.98,-80.08,0,0,4.75,2887.7,2935,128,4994
25478,draftkings,classic,1179,-16.02,3.98,-80.08,0,0,4.49,3259.2,3457,87,5001
25478,draftkings,classic,4043,-16.03,3.97,-80.17,0,0,4.53,3286.2,3467,61,5000
25478,draftkings,classic,4647,-16.07,3.93,-80.35,0,0,4.49,3221.3,3417,37,5001
25478,draftkings,classic,4293,-16.08,3.92,-80.4,0,0,4.51,2988.5,3071,81,4994
25478,draftkings,classic,3800,-16.08,3.92,-80.4,0,0,4.45,3045,3157,31,4996
25478,draftkings,classic,2780,-16.08,3.92,-80.4,0,0,4.5,3206.9,3365,88,5000
25478,draftkings,classic,3568,-16.1,3.9,-80.48,0,0,4.54,3213.5,3387,101,4999
25478,draftkings,classic,2713,-16.1,3.9,-80.5,0,0,4.57,3123.9,3250,57,5000
25478,draftkings,classic,4793,-16.11,3.89,-80.53,0,0,4.59,2947.8,3026,27,4995
25478,draftkings,classic,103,-16.11,3.89,-80.57,0,0,4.67,3163,3288,212,5001
25478,draftkings,classic,2763,-16.11,3.89,-80.57,0,0,4.34,3221.9,3373,54,5001
25478,draftkings,classic,1244,-16.12,3.88,-80.62,0,0,4.61,3007.9,3085,133,4998
25478,draftkings,classic,712,-16.13,3.87,-80.67,0,0,4.4,3212.5,3381,71,4998
25478,draftkings,classic,3192,-16.13,3.87,-80.65,0,0,4.42,3123.9,3275,53,4995
25478,draftkings,classic,3562,-16.13,3.87,-80.63,0,0,4.62,3141.2,3275,148,5001
25478,draftkings,classic,2163,-16.13,3.87,-80.63,0,0,4.38,3112.3,3224,82,4999
25478,draftkings,classic,3832,-16.14,3.86,-80.71,0,0,4.39,3256.7,3449,46,5001
25478,draftkings,classic,483,-16.15,3.85,-80.74,0,0,4.48,3000.9,3079,95,4997
25478,draftkings,classic,1410,-16.15,3.85,-80.74,0,0,4.49,3348,3565,115,5001
25478,draftkings,classic,1616,-16.15,3.85,-80.77,0,0,4.29,3176.1,3328,16,5000
25478,draftkings,classic,4089,-16.16,3.84,-80.78,0,0,4.42,3191.4,3348,109,5001
25478,draftkings,classic,1364,-16.17,3.83,-80.86,0,0,4.4,3072.8,3176,87,4995
25478,draftkings,classic,479,-16.17,3.83,-80.85,0,0,4.35,3364.2,3592,104,5001
25478,draftkings,classic,585,-16.17,3.83,-80.86,0,0,4.51,3084.5,3201,137,5000
25478,draftkings,classic,658,-16.18,3.82,-80.91,0,0,4.48,2922.4,2987,77,4987
25478,draftkings,classic,4672,-16.18,3.82,-80.89,0,0,4.17,3381.1,3620,68,5001
25478,draftkings,classic,2388,-16.19,3.81,-80.93,0,0,4.44,3045,3169,65,4997
25478,draftkings,classic,3003,-16.19,3.81,-80.94,0,0,4.41,3131,3267,41,5001
25478,draftkings,classic,764,-16.19,3.81,-80.94,0,0,4.52,3120.1,3251,125,4998
25478,draftkings,classic,3032,-16.2,3.8,-81,0,0,4.21,3251.4,3430,45,5001
25478,draftkings,classic,2208,-16.2,3.8,-81.02,0,0,4.25,3080.4,3201,76,4993
25478,draftkings,classic,3311,-16.21,3.79,-81.06,0,0,4.29,3150.2,3295,69,4998
25478,draftkings,classic,1985,-16.22,3.78,-81.12,0,0,4.47,3008,3111,114,4999
25478,draftkings,classic,2509,-16.23,3.77,-81.15,0,0,4.41,3199.9,3335,133,5001
25478,draftkings,classic,3812,-16.24,3.76,-81.21,0,0,4.34,3122.6,3245,49,5001
25478,draftkings,classic,3065,-16.24,3.76,-81.21,0,0,4.43,2943,3015,62,5000
25478,draftkings,classic,774,-16.24,3.76,-81.21,0,0,4.15,3425.3,3688,51,5001
25478,draftkings,classic,3249,-16.24,3.76,-81.22,0,0,4.15,3363,3581,45,5001
25478,draftkings,classic,399,-16.27,3.73,-81.35,0,0,4.24,3383.6,3620,93,5001
25478,draftkings,classic,382,-16.28,3.72,-81.38,0,0,4.35,3137.3,3273,79,5000
25478,draftkings,classic,1626,-16.29,3.71,-81.43,0,0,4.22,3184.8,3349,33,5000
25478,draftkings,classic,3889,-16.29,3.71,-81.45,0,0,4.22,3354,3569,91,5001
25478,draftkings,classic,3843,-16.29,3.71,-81.45,0,0,4.13,3418.7,3652,40,5001
25478,draftkings,classic,4326,-16.3,3.7,-81.48,0,0,3.98,3358.7,3592,20,5001
25478,draftkings,classic,4393,-16.3,3.7,-81.49,0,0,4.34,2941.1,3013,60,5000
25478,draftkings,classic,1114,-16.3,3.7,-81.52,0,0,4.01,3204.1,3345,13,5000
25478,draftkings,classic,4493,-16.32,3.68,-81.59,0,0,4.29,3189.3,3338,52,4999
25478,draftkings,classic,2728,-16.34,3.66,-81.7,0,0,3.97,3444.3,3709,73,5001
25478,draftkings,classic,1372,-16.34,3.66,-81.68,0,0,4.33,3070.4,3179,85,4997
25478,draftkings,classic,4844,-16.34,3.66,-81.68,0,0,4.03,3531.2,3834,35,5001
25478,draftkings,classic,2837,-16.34,3.66,-81.68,0,0,4.22,3121.2,3243,23,5001
25478,draftkings,classic,778,-16.34,3.66,-81.72,0,0,4.05,3312.5,3509,25,5001
25478,draftkings,classic,213,-16.36,3.64,-81.81,0,0,4.15,3189.7,3342,23,5001
25478,draftkings,classic,3244,-16.36,3.64,-81.78,0,0,4.12,3195.1,3338,78,5000
25478,draftkings,classic,4701,-16.36,3.64,-81.8,0,0,4.09,3204.9,3358,25,5000
25478,draftkings,classic,2351,-16.37,3.63,-81.85,0,0,4.13,3261.7,3442,78,5001
25478,draftkings,classic,3954,-16.38,3.62,-81.88,0,0,4.09,3180,3322,18,5001
25478,draftkings,classic,2342,-16.39,3.61,-81.93,0,0,4.17,3327.2,3525,50,4998
25478,draftkings,classic,3660,-16.39,3.61,-81.94,0,0,4.05,3346.4,3568,38,5000
25478,draftkings,classic,1768,-16.39,3.61,-81.94,0,0.01,3.83,3297.9,3478,10,5001
25478,draftkings,classic,3649,-16.39,3.61,-81.94,0,0,4,3226.8,3408,64,5001
25478,draftkings,classic,2040,-16.42,3.58,-82.11,0,0,4.11,3016,3107,72,4999
25478,draftkings,classic,4612,-16.42,3.58,-82.1,0,0,3.77,3448.1,3688,32,5001
25478,draftkings,classic,102,-16.42,3.58,-82.08,0,0.01,3.92,3046.2,3121,7,4998
25478,draftkings,classic,3164,-16.42,3.58,-82.12,0,0,4.12,3177,3317,141,5001
25478,draftkings,classic,1651,-16.42,3.58,-82.12,0,0,4.11,3205.1,3373,55,5000
25478,draftkings,classic,4395,-16.43,3.57,-82.14,0,0,4.15,3151.7,3297,58,4998
25478,draftkings,classic,3104,-16.44,3.56,-82.2,0,0,4.21,3270.9,3461,65,5001
25478,draftkings,classic,1773,-16.44,3.56,-82.21,0,0,4.03,3454.6,3733,46,5001
25478,draftkings,classic,1066,-16.45,3.55,-82.26,0,0,4.14,3193.5,3343,68,5000
25478,draftkings,classic,1661,-16.45,3.55,-82.23,0,0,4.23,2982.8,3060,106,4997
25478,draftkings,classic,885,-16.46,3.54,-82.29,0,0,4.17,3168.6,3302,116,4998
25478,draftkings,classic,3073,-16.46,3.54,-82.3,0,0,3.98,3282.6,3459,31,5001
25478,draftkings,classic,2442,-16.48,3.52,-82.4,0,0,4.14,3250.8,3422,91,5001
25478,draftkings,classic,2954,-16.48,3.52,-82.38,0,0,3.8,3329.8,3531,36,5001
25478,draftkings,classic,3280,-16.49,3.51,-82.43,0,0,4.25,3017.8,3107,95,5001
25478,draftkings,classic,4494,-16.49,3.51,-82.44,0,0,3.92,3411.8,3666,53,5001
25478,draftkings,classic,1710,-16.49,3.51,-82.45,0,0,3.92,3110.5,3240,26,4997
25478,draftkings,classic,2922,-16.49,3.51,-82.45,0,0,4.03,3209.8,3378,111,4998
25478,draftkings,classic,98,-16.5,3.5,-82.5,0,0,4.1,3003.6,3091,106,4997
25478,draftkings,classic,4605,-16.5,3.5,-82.52,0,0,4.05,3206.3,3363,55,5001
25478,draftkings,classic,4285,-16.5,3.5,-82.48,0,0,3.89,3106.7,3212,14,4999
25478,draftkings,classic,1014,-16.52,3.48,-82.6,0,0,4.07,3379.3,3606,159,5001
25478,draftkings,classic,2700,-16.53,3.47,-82.66,0,0,4.04,3157,3299,89,4998
25478,draftkings,classic,4031,-16.53,3.47,-82.65,0,0,4.05,3151.4,3287,89,4999
25478,draftkings,classic,4222,-16.53,3.47,-82.66,0,0,3.92,3195.9,3338,39,4997
25478,draftkings,classic,76,-16.53,3.47,-82.66,0,0,3.94,3254.7,3421,61,5001
25478,draftkings,classic,4144,-16.54,3.46,-82.7,0,0,4.01,3236.1,3402,37,5000
25478,draftkings,classic,937,-16.55,3.45,-82.73,0,0,3.94,3168.7,3320,38,4996
25478,draftkings,classic,4335,-16.55,3.45,-82.77,0,0,3.98,3160.3,3304,92,4998
25478,draftkings,classic,4406,-16.56,3.44,-82.82,0,0,3.94,3362,3600,93,5001
25478,draftkings,classic,1458,-16.56,3.44,-82.78,0,0,3.71,3337.1,3539,25,5001
25478,draftkings,classic,4482,-16.57,3.43,-82.85,0,0,4.06,3127.9,3245,116,4998
25478,draftkings,classic,1891,-16.58,3.42,-82.88,0,0,3.87,3357.3,3562,67,5001
25478,draftkings,classic,4349,-16.58,3.42,-82.88,0,0,4.04,3149.1,3297,77,5000
25478,draftkings,classic,1028,-16.58,3.42,-82.92,0,0,3.99,3154.7,3284,105,5000
25478,draftkings,classic,446,-16.58,3.42,-82.88,0,0,3.93,3195.9,3340,80,5000
25478,draftkings,classic,991,-16.59,3.41,-82.94,0,0,3.97,3142.1,3275,53,5001
25478,draftkings,classic,4654,-16.6,3.4,-83.02,0,0,3.91,3157.5,3292,35,5000
25478,draftkings,classic,4621,-16.61,3.39,-83.07,0,0,4.01,3170.3,3301,108,5000
25478,draftkings,classic,369,-16.64,3.36,-83.18,0,0,3.99,3175,3314,75,4997
25478,draftkings,classic,1152,-16.65,3.35,-83.24,0,0,3.89,3206.1,3342,74,5000
25478,draftkings,classic,3767,-16.65,3.35,-83.24,0,0,3.8,3379.8,3603,69,5001
25478,draftkings,classic,2667,-16.66,3.34,-83.3,0,0,3.9,3067.8,3174,80,5000
25478,draftkings,classic,1409,-16.66,3.34,-83.3,0,0,3.92,3266.7,3436,108,5001
25478,draftkings,classic,1158,-16.66,3.34,-83.31,0,0,3.89,3133.5,3239,69,5001
25478,draftkings,classic,1815,-16.67,3.33,-83.34,0,0,3.99,3165.8,3284,143,5000
25478,draftkings,classic,288,-16.67,3.33,-83.35,0,0,3.89,3145,3283,38,5001
25478,draftkings,classic,3306,-16.68,3.32,-83.41,0,0,3.85,3438.2,3693,107,5001
25478,draftkings,classic,4888,-16.68,3.32,-83.42,0,0,3.75,3268.4,3439,51,4997
25478,draftkings,classic,1956,-16.68,3.32,-83.38,0,0,3.8,3215.8,3387,110,5000
25478,draftkings,classic,4250,-16.69,3.31,-83.44,0,0,3.57,3356.2,3570,30,5001
25478,draftkings,classic,4177,-16.69,3.31,-83.44,0,0,3.93,3175.6,3302,113,4999
25478,draftkings,classic,4543,-16.69,3.31,-83.47,0,0,3.76,3259,3416,40,5001
25478,draftkings,classic,1711,-16.7,3.3,-83.52,0,0,3.85,3243.2,3421,64,4998
25478,draftkings,classic,1058,-16.7,3.3,-83.48,0,0,3.89,3302.9,3481,75,5001
25478,draftkings,classic,721,-16.71,3.29,-83.53,0,0,3.76,3186.4,3329,33,4999
25478,draftkings,classic,4628,-16.72,3.28,-83.6,0,0,3.66,3427.2,3650,55,5001
25478,draftkings,classic,156,-16.73,3.27,-83.66,0,0,3.63,3381.9,3591,49,5001
25478,draftkings,classic,4340,-16.73,3.27,-83.65,0,0,3.91,3227.1,3385,146,4998
25478,draftkings,classic,2829,-16.73,3.27,-83.65,0,0,3.9,3229.7,3401,169,4999
25478,draftkings,classic,1012,-16.74,3.26,-83.68,0,0,3.69,3490.6,3760,34,5001
25478,draftkings,classic,2323,-16.74,3.26,-83.72,0,0,3.82,3181.9,3293,79,5001
25478,draftkings,classic,3792,-16.74,3.26,-83.68,0,0.01,3.6,3225.8,3366,10,5001
25478,draftkings,classic,1477,-16.74,3.26,-83.69,0,0,3.85,3087.8,3187,151,4993
25478,draftkings,classic,1727,-16.75,3.25,-83.76,0,0,3.77,3236,3408,48,4999
25478,draftkings,classic,763,-16.76,3.24,-83.8,0,0,3.65,3363.3,3575,86,5001
25478,draftkings,classic,4098,-16.76,3.24,-83.81,0,0,3.89,3155.6,3286,69,4998
25478,draftkings,classic,3191,-16.78,3.22,-83.92,0,0,3.62,3407.4,3627,51,5001
25478,draftkings,classic,3865,-16.79,3.21,-83.94,0,0,3.84,3260.4,3430,56,5001
25478,draftkings,classic,3067,-16.79,3.21,-83.96,0,0,3.74,3507.4,3790,41,5001
25478,draftkings,classic,3894,-16.79,3.21,-83.94,0,0,3.86,3101.9,3208,85,4999
25478,draftkings,classic,518,-16.79,3.21,-83.95,0,0,3.68,3414.5,3647,101,5001
25478,draftkings,classic,987,-16.81,3.19,-84.03,0,0,3.74,3245.7,3404,133,4999
25478,draftkings,classic,1927,-16.82,3.18,-84.1,0,0,3.6,3262.2,3429,46,4999
25478,draftkings,classic,877,-16.83,3.17,-84.13,0,0,3.83,3221.3,3374,136,5000
25478,draftkings,classic,2128,-16.83,3.17,-84.14,0,0,3.51,3257.6,3428,31,5000
25478,draftkings,classic,2875,-16.83,3.17,-84.15,0,0,3.7,3461.6,3733,106,5001
25478,draftkings,classic,2279,-16.84,3.16,-84.21,0,0,3.74,3153.3,3268,81,5000
25478,draftkings,classic,2879,-16.85,3.15,-84.26,0,0,3.76,3132,3257,113,5001
25478,draftkings,classic,3903,-16.85,3.15,-84.26,0,0,3.69,3159.3,3304,48,5000
25478,draftkings,classic,1784,-16.85,3.15,-84.27,0,0,3.7,3132,3243,72,4995
25478,draftkings,classic,1103,-16.86,3.14,-84.28,0,0,3.67,3139.2,3260,99,4999
25478,draftkings,classic,4288,-16.87,3.13,-84.37,0,0,3.63,3204.9,3347,39,5001
25478,draftkings,classic,4643,-16.87,3.13,-84.36,0,0,3.59,3169.4,3297,40,4998
25478,draftkings,classic,4697,-16.88,3.12,-84.42,0,0,3.62,3187.3,3330,74,4999
25478,draftkings,classic,3693,-16.88,3.12,-84.38,0,0,3.58,3289.8,3451,62,5001
25478,draftkings,classic,89,-16.89,3.11,-84.44,0,0,3.53,3356.6,3569,82,5001
25478,draftkings,classic,1755,-16.9,3.1,-84.51,0,0,3.54,3287,3465,43,5001
25478,draftkings,classic,1111,-16.92,3.08,-84.6,0,0,3.65,3135.4,3257,84,4994
25478,draftkings,classic,3059,-16.93,3.07,-84.65,0,0,3.67,3279.2,3440,105,5000
25478,draftkings,classic,1003,-16.94,3.06,-84.69,0,0,3.63,3260.9,3413,154,5000
25478,draftkings,classic,2898,-16.94,3.06,-84.72,0,0,3.45,3473.1,3731,61,5001
25478,draftkings,classic,2345,-16.95,3.05,-84.77,0,0,3.61,3408.6,3657,110,5001
25478,draftkings,classic,2965,-16.95,3.05,-84.74,0,0,3.41,3363.9,3547,38,5001
25478,draftkings,classic,2129,-16.95,3.05,-84.74,0,0,3.59,3128.2,3241,59,5001
25478,draftkings,classic,1248,-16.95,3.05,-84.76,0,0,3.59,3168.7,3304,63,4999
25478,draftkings,classic,4641,-16.96,3.04,-84.82,0,0,3.5,3197.7,3337,55,5001
25478,draftkings,classic,1021,-16.96,3.04,-84.78,0,0,3.47,3422.1,3644,120,5001
25478,draftkings,classic,91,-16.96,3.04,-84.79,0,0,3.58,3153.1,3284,99,5000
25478,draftkings,classic,4658,-16.97,3.03,-84.84,0,0,3.37,3365.3,3561,28,5001
25478,draftkings,classic,1775,-16.97,3.03,-84.86,0,0,3.6,3232.7,3376,88,5000
25478,draftkings,classic,1070,-16.97,3.03,-84.87,0,0,3.42,3242.9,3393,23,5000
25478,draftkings,classic,488,-16.97,3.03,-84.83,0,0,3.49,3439.2,3688,63,5001
25478,draftkings,classic,4587,-16.98,3.02,-84.88,0,0,3.52,3266.9,3436,82,4998
25478,draftkings,classic,1191,-16.98,3.02,-84.89,0,0,3.62,3125.8,3238,112,4995
25478,draftkings,classic,2464,-16.99,3.01,-84.94,0,0,3.44,3196.2,3339,46,5000
25478,draftkings,classic,4745,-17,3,-84.98,0,0,3.38,3356.2,3559,77,5001
25478,draftkings,classic,3931,-17,3,-85.02,0,0,3.48,3176.8,3301,34,4998
25478,draftkings,classic,4520,-17,3,-85,0,0,3.42,3270.5,3426,50,4999
25478,draftkings,classic,266,-17.01,2.99,-85.04,0,0,3.38,3401.9,3608,39,5001
25478,draftkings,classic,2317,-17.01,2.99,-85.03,0,0,3.48,3416.4,3640,97,5000
25478,draftkings,classic,2511,-17.02,2.98,-85.12,0,0,3.48,3262.3,3435,81,5000
25478,draftkings,classic,2634,-17.03,2.97,-85.16,0,0,3.47,3175.8,3307,135,5000
25478,draftkings,classic,1318,-17.06,2.94,-85.31,0,0,3.4,3388.9,3612,82,5001
25478,draftkings,classic,3026,-17.07,2.93,-85.35,0,0,3.39,3215.5,3366,38,5000
25478,draftkings,classic,4767,-17.08,2.92,-85.38,0,0,3.49,3117.4,3227,123,4998
25478,draftkings,classic,826,-17.09,2.91,-85.44,0,0,3.4,3205.8,3345,103,5000
25478,draftkings,classic,1964,-17.09,2.91,-85.44,0,0,3.34,3344.4,3543,31,4998
25478,draftkings,classic,400,-17.1,2.9,-85.51,0,0,3.39,3184.9,3303,101,4998
25478,draftkings,classic,2315,-17.12,2.88,-85.59,0,0,3.26,3505.3,3764,66,5001
25478,draftkings,classic,4189,-17.12,2.88,-85.62,0,0,3.15,3407.6,3633,23,5001
25478,draftkings,classic,4757,-17.14,2.86,-85.71,0,0,3.36,3361.7,3579,94,5001
25478,draftkings,classic,4673,-17.14,2.86,-85.69,0,0,3.37,3131.2,3235,104,4999
25478,draftkings,classic,803,-17.15,2.85,-85.76,0,0,3.2,3371.9,3574,76,5001
25478,draftkings,classic,53,-17.15,2.85,-85.76,0,0,3.19,3346.3,3539,70,5001
25478,draftkings,classic,2574,-17.15,2.85,-85.75,0,0,3.24,3459.4,3720,33,5001
25478,draftkings,classic,3842,-17.16,2.84,-85.78,0,0,3.48,3266.4,3436,175,5000
25478,draftkings,classic,1633,-17.16,2.84,-85.79,0,0,3.27,3473,3718,86,5001
25478,draftkings,classic,1448,-17.16,2.84,-85.78,0,0,3.45,3190.7,3328,119,4999
25478,draftkings,classic,2726,-17.17,2.83,-85.83,0,0,3.22,3382.3,3578,71,5001
25478,draftkings,classic,3202,-17.17,2.83,-85.84,0,0,3.31,3460.5,3701,142,5001
25478,draftkings,classic,559,-17.17,2.83,-85.87,0,0,3.12,3416.1,3643,22,5000
25478,draftkings,classic,4245,-17.18,2.82,-85.89,0,0,3.2,3450.9,3685,69,5001
25478,draftkings,classic,2321,-17.18,2.82,-85.9,0,0,3.31,3412.5,3620,122,5001
25478,draftkings,classic,817,-17.19,2.81,-85.96,0,0,3.18,3381.6,3590,32,5001
25478,draftkings,classic,1042,-17.19,2.81,-85.97,0,0,3.19,3407.9,3618,80,5001
25478,draftkings,classic,4347,-17.2,2.8,-86,0,0,3.16,3267.2,3410,34,5000
25478,draftkings,classic,4171,-17.21,2.79,-86.06,0,0,3.38,3226.4,3388,170,4999
25478,draftkings,classic,3821,-17.21,2.79,-86.05,0,0,3.11,3422.3,3631,20,5001
25478,draftkings,classic,2036,-17.22,2.78,-86.1,0,0,3.27,3264.1,3426,43,5001
25478,draftkings,classic,279,-17.22,2.78,-86.12,0,0,3.29,3181.6,3307,177,4998
25478,draftkings,classic,2517,-17.22,2.78,-86.1,0,0,3.3,3351.6,3557,111,5001
25478,draftkings,classic,2604,-17.22,2.78,-86.11,0,0,3.23,3384.3,3595,102,5001
25478,draftkings,classic,4640,-17.22,2.78,-86.1,0,0,3.24,3186.7,3325,64,4998
25478,draftkings,classic,2017,-17.22,2.78,-86.1,0,0,3.19,3463.5,3697,68,5001
25478,draftkings,classic,851,-17.23,2.77,-86.16,0,0,3.27,3346.6,3515,69,5001
25478,draftkings,classic,4921,-17.23,2.77,-86.16,0,0,3.16,3468.8,3705,84,5001
25478,draftkings,classic,592,-17.23,2.77,-86.15,0,0,3.09,3559.4,3812,51,5001
25478,draftkings,classic,2485,-17.24,2.76,-86.18,0,0,3.28,3307.4,3477,44,5000
25478,draftkings,classic,4266,-17.24,2.76,-86.21,0,0,3.33,3227.4,3371,122,5000
25478,draftkings,classic,3443,-17.26,2.74,-86.3,0,0,3.35,3190.7,3315,204,5001
25478,draftkings,classic,4162,-17.27,2.73,-86.37,0,0,3.2,3191.5,3320,65,4998
25478,draftkings,classic,813,-17.27,2.73,-86.34,0,0,3.24,3357.6,3567,84,5000
25478,draftkings,classic,4506,-17.28,2.72,-86.38,0,0,3.24,3374.8,3572,84,5000
25478,draftkings,classic,233,-17.29,2.71,-86.46,0,0,3.05,3388.9,3582,59,5001
25478,draftkings,classic,260,-17.29,2.71,-86.45,0,0.01,2.89,3599.8,3871,10,5001
25478,draftkings,classic,4835,-17.32,2.68,-86.59,0,0,3.11,3264.8,3428,44,5000
25478,draftkings,classic,2488,-17.33,2.67,-86.65,0,0,3.17,3299.3,3456,131,5001
25478,draftkings,classic,866,-17.33,2.67,-86.63,0,0,3.1,3525.3,3786,65,5001
25478,draftkings,classic,1172,-17.34,2.66,-86.69,0,0,3.15,3248.4,3392,194,5001
25478,draftkings,classic,3881,-17.34,2.66,-86.7,0,0,3.15,3502.7,3729,129,5001
25478,draftkings,classic,1053,-17.34,2.66,-86.68,0,0,3.18,3286,3447,128,5001
25478,draftkings,classic,4480,-17.35,2.65,-86.73,0,0,3.06,3290.6,3448,46,5000
25478,draftkings,classic,3461,-17.36,2.64,-86.8,0,0,3.12,3250.1,3394,77,4996
25478,draftkings,classic,1057,-17.36,2.64,-86.81,0,0,3.15,3134.3,3253,109,4993
25478,draftkings,classic,4588,-17.36,2.64,-86.8,0,0,3.02,3369.7,3565,114,4999
25478,draftkings,classic,501,-17.36,2.64,-86.79,0,0,3.19,3166.9,3281,102,4999
25478,draftkings,classic,1038,-17.36,2.64,-86.82,0,0,3.1,3579.6,3881,150,5001
25478,draftkings,classic,2901,-17.37,2.63,-86.84,0,0,3.02,3502.8,3755,27,5001
25478,draftkings,classic,4585,-17.38,2.62,-86.92,0,0,3.08,3421.6,3643,129,5000
25478,draftkings,classic,4096,-17.39,2.61,-86.94,0,0,3.1,3306.5,3484,63,5001
25478,draftkings,classic,2827,-17.4,2.6,-87.02,0,0,3.11,3495.8,3740,63,5001
25478,draftkings,classic,2575,-17.41,2.59,-87.06,0,0,3.06,3275.8,3421,98,5000
25478,draftkings,classic,1826,-17.42,2.58,-87.1,0,0,2.82,3470.2,3690,40,5001
25478,draftkings,classic,3350,-17.42,2.58,-87.1,0,0,3.1,3336.1,3528,87,5001
25478,draftkings,classic,2054,-17.42,2.58,-87.08,0,0,3.13,3167.1,3292,108,4997
25478,draftkings,classic,4476,-17.42,2.58,-87.1,0,0,3.02,3345.2,3522,55,5001
25478,draftkings,classic,2572,-17.43,2.57,-87.17,0,0,2.97,3258.3,3393,62,5000
25478,draftkings,classic,1521,-17.43,2.57,-87.17,0,0,2.92,3642.6,3955,58,5001
25478,draftkings,classic,2266,-17.44,2.56,-87.22,0,0,2.95,3352.7,3550,128,5001
25478,draftkings,classic,2023,-17.46,2.54,-87.29,0,0,3,3332.6,3518,151,4999
25478,draftkings,classic,4007,-17.46,2.54,-87.28,0,0,2.96,3302.9,3460,82,4998
25478,draftkings,classic,627,-17.46,2.54,-87.3,0,0,2.88,3352.5,3539,51,4999
25478,draftkings,classic,4175,-17.46,2.54,-87.29,0,0,2.98,3233.2,3384,145,5001
25478,draftkings,classic,4126,-17.46,2.54,-87.32,0,0,3.01,3419.7,3618,107,5001
25478,draftkings,classic,3679,-17.47,2.53,-87.36,0,0,2.94,3406,3629,85,4999
25478,draftkings,classic,1653,-17.47,2.53,-87.34,0,0,2.97,3306.2,3466,53,5000
25478,draftkings,classic,362,-17.47,2.53,-87.36,0,0,2.98,3209.3,3355,131,5001
25478,draftkings,classic,4014,-17.48,2.52,-87.41,0,0,2.88,3175.7,3294,60,5001
25478,draftkings,classic,3012,-17.48,2.52,-87.42,0,0,2.76,3469.2,3678,38,5000
25478,draftkings,classic,1187,-17.49,2.51,-87.45,0,0,3.07,3070.7,3153,107,4998
25478,draftkings,classic,4511,-17.49,2.51,-87.46,0,0,2.96,3285.9,3452,99,5001
25478,draftkings,classic,1188,-17.49,2.51,-87.46,0,0,2.92,3425.7,3630,116,5001
25478,draftkings,classic,2631,-17.5,2.5,-87.52,0,0,2.78,3430,3640,40,5000
25478,draftkings,classic,2828,-17.5,2.5,-87.52,0,0,2.97,3281.1,3433,52,5001
25478,draftkings,classic,4180,-17.51,2.49,-87.54,0,0,2.8,3330.3,3513,45,5001
25478,draftkings,classic,4064,-17.51,2.49,-87.56,0,0.01,2.69,3566,3821,8,5001
25478,draftkings,classic,4944,-17.51,2.49,-87.55,0,0,2.81,3350.6,3534,44,4999
25478,draftkings,classic,2934,-17.52,2.48,-87.58,0,0,2.89,3297.2,3465,26,5000
25478,draftkings,classic,2839,-17.52,2.48,-87.61,0,0,2.94,3258.6,3395,57,5001
25478,draftkings,classic,178,-17.53,2.47,-87.66,0,0,2.8,3379.8,3552,105,5001
25478,draftkings,classic,4847,-17.53,2.47,-87.66,0,0,2.88,3132.5,3242,133,4995
25478,draftkings,classic,2868,-17.53,2.47,-87.65,0,0,2.96,3240.1,3374,97,4998
25478,draftkings,classic,2816,-17.54,2.46,-87.68,0,0,2.78,3495.5,3724,42,5001
25478,draftkings,classic,2514,-17.54,2.46,-87.72,0,0,2.9,3211.7,3342,134,4996
25478,draftkings,classic,1462,-17.55,2.45,-87.75,0,0,2.9,3472.4,3715,89,5001
25478,draftkings,classic,1279,-17.55,2.45,-87.73,0,0,2.94,3350.1,3543,152,4999
25478,draftkings,classic,794,-17.56,2.44,-87.8,0,0,2.81,3413.9,3627,40,5001
25478,draftkings,classic,741,-17.57,2.43,-87.84,0,0,2.88,3286.9,3451,106,5001
25478,draftkings,classic,2367,-17.57,2.43,-87.86,0,0,2.86,3400.9,3603,155,5001
25478,draftkings,classic,1408,-17.58,2.42,-87.88,0,0,2.88,3394.5,3593,169,5000
25478,draftkings,classic,1199,-17.58,2.42,-87.87,0,0,2.9,3368.3,3554,95,5000
25478,draftkings,classic,1969,-17.58,2.42,-87.91,0,0,2.9,3227.8,3370,134,4998
25478,draftkings,classic,4761,-17.58,2.42,-87.88,0,0,2.8,3304.2,3478,75,4999
25478,draftkings,classic,3135,-17.59,2.41,-87.94,0,0,2.85,3419.7,3621,94,5001
25478,draftkings,classic,3275,-17.59,2.41,-87.94,0,0,2.91,3296.3,3433,136,4998
25478,draftkings,classic,1534,-17.6,2.4,-88.02,0,0,2.79,3199.5,3327,56,4997
25478,draftkings,classic,643,-17.6,2.4,-87.99,0,0,2.78,3264.2,3404,124,5001
25478,draftkings,classic,2223,-17.6,2.4,-88.01,0,0,2.81,3448.2,3647,127,5001
25478,draftkings,classic,3552,-17.61,2.39,-88.06,0,0,2.92,3064.1,3152,143,4985
25478,draftkings,classic,52,-17.61,2.39,-88.07,0,0.01,2.68,3386.2,3577,9,4999
25478,draftkings,classic,1239,-17.61,2.39,-88.07,0,0,2.86,3336.6,3515,192,5001
25478,draftkings,classic,4279,-17.63,2.37,-88.15,0,0,2.75,3190.6,3308,51,4995
25478,draftkings,classic,1210,-17.63,2.37,-88.17,0,0,2.75,3401.5,3609,83,4999
25478,draftkings,classic,359,-17.64,2.36,-88.19,0,0,2.69,3453.8,3672,34,5001
25478,draftkings,classic,4382,-17.64,2.36,-88.22,0,0,2.71,3454.3,3679,47,5001
25478,draftkings,classic,2919,-17.64,2.36,-88.18,0,0,2.79,3377.1,3560,154,5001
25478,draftkings,classic,4502,-17.64,2.36,-88.2,0,0,2.88,3413.6,3616,195,5001
25478,draftkings,classic,3263,-17.65,2.35,-88.26,0,0,2.85,3223.3,3353,148,5000
25478,draftkings,classic,2210,-17.65,2.35,-88.26,0,0,2.81,3478.4,3715,108,5001
25478,draftkings,classic,4910,-17.65,2.35,-88.23,0,0,2.66,3366.6,3554,55,4999
25478,draftkings,classic,1841,-17.65,2.35,-88.24,0,0,2.76,3525.3,3768,109,5001
25478,draftkings,classic,2224,-17.66,2.34,-88.28,0,0,2.83,3539.1,3795,180,5001
25478,draftkings,classic,2123,-17.66,2.34,-88.29,0,0,2.78,3351.5,3535,130,5001
25478,draftkings,classic,469,-17.66,2.34,-88.32,0,0,2.68,3472.7,3704,109,5001
25478,draftkings,classic,1153,-17.66,2.34,-88.32,0,0,2.82,3200.7,3310,93,4997
25478,draftkings,classic,2237,-17.66,2.34,-88.29,0,0,2.71,3611,3878,78,5001
25478,draftkings,classic,2275,-17.66,2.34,-88.3,0,0,2.77,3179.8,3303,113,4999
25478,draftkings,classic,3336,-17.66,2.34,-88.28,0,0,2.65,3530.2,3770,55,5001
25478,draftkings,classic,4812,-17.66,2.34,-88.32,0,0,2.8,3263.4,3403,135,5000
25478,draftkings,classic,3150,-17.67,2.33,-88.35,0,0,2.73,3529.1,3766,101,5001
25478,draftkings,classic,2362,-17.67,2.33,-88.33,0,0,2.81,3278.4,3439,95,4998
25478,draftkings,classic,424,-17.68,2.32,-88.38,0,0,2.73,3273,3424,30,5000
25478,draftkings,classic,727,-17.68,2.32,-88.4,0,0,2.65,3559.1,3812,51,5001
25478,draftkings,classic,5,-17.68,2.32,-88.4,0,0,2.74,3314.3,3464,92,5001
25478,draftkings,classic,3375,-17.68,2.32,-88.4,0,0,2.75,3330.6,3488,97,5001
25478,draftkings,classic,732,-17.69,2.31,-88.45,0,0,2.69,3370.4,3559,80,5001
25478,draftkings,classic,4531,-17.7,2.3,-88.5,0,0,2.73,3315.9,3468,105,5000
25478,draftkings,classic,4230,-17.7,2.3,-88.51,0,0,2.61,3354.3,3532,100,5001
25478,draftkings,classic,2267,-17.7,2.3,-88.48,0,0,2.62,3475.5,3718,58,5001
25478,draftkings,classic,4646,-17.71,2.29,-88.56,0,0,2.77,3228.7,3365,134,4998
25478,draftkings,classic,3439,-17.71,2.29,-88.54,0,0,2.69,3359.2,3542,67,5000
25478,draftkings,classic,925,-17.71,2.29,-88.57,0,0,2.64,3441.3,3644,96,5001
25478,draftkings,classic,4194,-17.72,2.28,-88.61,0,0,2.73,3343.5,3506,157,5000
25478,draftkings,classic,842,-17.72,2.28,-88.62,0,0,2.63,3348.9,3516,102,5001
25478,draftkings,classic,83,-17.73,2.27,-88.64,0,0,2.68,3376.3,3568,63,5001
25478,draftkings,classic,3129,-17.73,2.27,-88.63,0,0,2.81,3158.5,3269,262,5000
25478,draftkings,classic,3236,-17.74,2.26,-88.72,0,0,2.67,3338.9,3503,82,5001
25478,draftkings,classic,1793,-17.75,2.25,-88.74,0,0,2.53,3629.8,3915,68,5001
25478,draftkings,classic,1226,-17.75,2.25,-88.76,0,0,2.65,3489.6,3703,108,5001
25478,draftkings,classic,3866,-17.76,2.24,-88.81,0,0,2.67,3545.5,3798,108,5001
25478,draftkings,classic,1911,-17.76,2.24,-88.78,0,0,2.72,3465,3700,120,5000
25478,draftkings,classic,4911,-17.76,2.24,-88.8,0,0,2.59,3550.4,3786,89,5001
25478,draftkings,classic,822,-17.77,2.23,-88.86,0,0,2.53,3390.9,3564,40,5000
25478,draftkings,classic,1977,-17.77,2.23,-88.83,0,0,2.66,3416.6,3614,107,5001
25478,draftkings,classic,2929,-17.77,2.23,-88.87,0,0,2.6,3304.9,3449,58,4992
25478,draftkings,classic,2975,-17.77,2.23,-88.85,0,0,2.67,3300.5,3472,128,5000
25478,draftkings,classic,2797,-17.77,2.23,-88.84,0,0,2.6,3283.4,3444,150,5001
25478,draftkings,classic,1295,-17.78,2.22,-88.92,0,0,2.67,3418.2,3616,149,5000
25478,draftkings,classic,3647,-17.78,2.22,-88.9,0,0,2.52,3418.5,3603,55,5001
25478,draftkings,classic,919,-17.78,2.22,-88.92,0,0,2.61,3358.6,3542,28,5001
25478,draftkings,classic,4591,-17.78,2.22,-88.88,0,0,2.73,3164.5,3264,124,4987
25478,draftkings,classic,1965,-17.78,2.22,-88.92,0,0,2.65,3478.3,3709,120,5001
25478,draftkings,classic,1156,-17.79,2.21,-88.96,0,0,2.5,3650.2,3937,57,5001
25478,draftkings,classic,2337,-17.79,2.21,-88.93,0,0,2.59,3316,3492,70,5000
25478,draftkings,classic,4998,-17.79,2.21,-88.93,0,0,2.7,3383.4,3569,209,5001
25478,draftkings,classic,4263,-17.8,2.2,-89.01,0,0,2.58,3284.9,3430,56,4999
25478,draftkings,classic,312,-17.8,2.2,-88.99,0,0,2.63,3316.9,3480,119,4999
25478,draftkings,classic,3421,-17.8,2.2,-89.02,0,0,2.66,3429.9,3646,127,5000
25478,draftkings,classic,2426,-17.81,2.19,-89.04,0,0,2.49,3646.9,3944,46,5001
25478,draftkings,classic,3529,-17.83,2.17,-89.14,0,0,2.58,3366.3,3551,135,5000
25478,draftkings,classic,1378,-17.83,2.17,-89.15,0,0,2.56,3370.9,3542,130,5000
25478,draftkings,classic,2004,-17.83,2.17,-89.14,0,0,2.53,3631.4,3927,178,5001
25478,draftkings,classic,3381,-17.85,2.15,-89.27,0,0,2.61,3222.1,3350,94,4999
25478,draftkings,classic,3029,-17.85,2.15,-89.27,0,0,2.51,3480.5,3699,90,5001
25478,draftkings,classic,3374,-17.86,2.14,-89.28,0,0,2.56,3526.4,3755,111,5001
25478,draftkings,classic,1067,-17.86,2.13,-89.32,0,0,2.47,3475.4,3680,65,5001
25478,draftkings,classic,1903,-17.86,2.14,-89.3,0,0,2.55,3292.1,3432,42,5001
25478,draftkings,classic,1268,-17.87,2.13,-89.34,0,0,2.55,3516.6,3755,158,5001
25478,draftkings,classic,2335,-17.87,2.13,-89.35,0,0,2.54,3302.4,3464,67,4999
25478,draftkings,classic,1251,-17.87,2.13,-89.36,0,0,2.52,3455.6,3655,67,5001
25478,draftkings,classic,4052,-17.88,2.12,-89.4,0,0,2.55,3156.1,3255,139,4996
25478,draftkings,classic,1819,-17.88,2.12,-89.42,0,0,2.43,3408.2,3591,20,5001
25478,draftkings,classic,1527,-17.88,2.12,-89.4,0,0,2.49,3401.6,3601,136,5000
25478,draftkings,classic,46,-17.89,2.11,-89.46,0,0,2.55,3599.3,3869,187,5001
25478,draftkings,classic,3420,-17.89,2.11,-89.46,0,0,2.54,3393.3,3580,135,5001
25478,draftkings,classic,3372,-17.89,2.11,-89.45,0,0,2.52,3325.6,3470,69,5000
25478,draftkings,classic,2085,-17.9,2.1,-89.51,0,0,2.54,3270,3417,228,4995
25478,draftkings,classic,422,-17.9,2.1,-89.48,0,0,2.48,3581.6,3836,91,5001
25478,draftkings,classic,1541,-17.9,2.1,-89.5,0,0,2.38,3473,3697,82,5001
25478,draftkings,classic,3413,-17.91,2.09,-89.54,0,0,2.56,3511.2,3735,169,5001
25478,draftkings,classic,2725,-17.91,2.09,-89.54,0,0,2.51,3302.9,3472,209,5001
25478,draftkings,classic,602,-17.91,2.09,-89.56,0,0,2.52,3363,3536,164,4999
25478,draftkings,classic,624,-17.91,2.09,-89.56,0,0,2.5,3496.2,3720,109,5001
25478,draftkings,classic,4524,-17.91,2.09,-89.54,0,0,2.5,3373.1,3540,136,5001
25478,draftkings,classic,1923,-17.91,2.09,-89.56,0,0,2.5,3392,3587,117,5001
25478,draftkings,classic,3987,-17.92,2.08,-89.6,0,0,2.46,3434.6,3603,131,5001
25478,draftkings,classic,2698,-17.92,2.08,-89.59,0,0,2.44,3425,3620,73,5000
25478,draftkings,classic,1428,-17.93,2.07,-89.67,0,0,2.47,3395.5,3573,141,4999
25478,draftkings,classic,460,-17.93,2.07,-89.64,0,0,2.43,3404.1,3589,112,5000
25478,draftkings,classic,4385,-17.93,2.07,-89.67,0,0,2.46,3642,3934,117,5001
25478,draftkings,classic,2338,-17.93,2.07,-89.66,0,0,2.4,3550.9,3774,71,5001
25478,draftkings,classic,2459,-17.94,2.06,-89.71,0,0,2.53,3253.6,3385,173,5001
25478,draftkings,classic,4987,-17.94,2.06,-89.7,0,0,2.44,3381,3560,92,5001
25478,draftkings,classic,4718,-17.94,2.06,-89.72,0,0,2.43,3476.8,3701,94,5001
25478,draftkings,classic,2613,-17.95,2.05,-89.74,0,0,2.48,3362.3,3545,139,5001
25478,draftkings,classic,595,-17.95,2.05,-89.75,0,0,2.44,3519.6,3740,161,5001
25478,draftkings,classic,871,-17.95,2.05,-89.73,0,0,2.28,3462.1,3663,55,5001
25478,draftkings,classic,2146,-17.95,2.05,-89.73,0,0,2.43,3567.5,3815,126,5001
25478,draftkings,classic,1157,-17.96,2.04,-89.82,0,0,2.43,3267.6,3391,97,4997
25478,draftkings,classic,1984,-17.96,2.04,-89.82,0,0,2.27,3648.6,3928,37,5001
25478,draftkings,classic,4411,-17.96,2.04,-89.79,0,0,2.48,3469,3702,210,5000
25478,draftkings,classic,1942,-17.96,2.04,-89.79,0,0,2.36,3311.2,3467,88,4998
25478,draftkings,classic,1546,-17.98,2.02,-89.9,0,0,2.42,3374.4,3538,128,5000
25478,draftkings,classic,3667,-17.98,2.02,-89.9,0,0,2.43,3183.1,3297,142,4999
25478,draftkings,classic,19,-17.99,2.01,-89.95,0,0,2.41,3527.4,3751,147,5001
25478,draftkings,classic,1005,-18,2,-90.02,0,0,2.32,3551.9,3799,70,5001
25478,draftkings,classic,2747,-18,2,-90.01,0,0,2.42,3312.4,3469,192,5000
25478,draftkings,classic,2068,-18,2,-89.98,0,0,2.39,3383.4,3552,110,4999
25478,draftkings,classic,8,-18,2,-89.99,0,0,2.37,3513.8,3741,61,5001
25478,draftkings,classic,4474,-18,2,-89.98,0,0,2.38,3348.2,3512,129,4998
25478,draftkings,classic,3388,-18.01,1.99,-90.04,0,0,2.42,3426.4,3632,154,5001
25478,draftkings,classic,3183,-18.01,1.99,-90.05,0,0,2.4,3426.1,3631,145,5001
25478,draftkings,classic,2523,-18.01,1.99,-90.04,0,0,2.43,3568.8,3833,241,5001
25478,draftkings,classic,4036,-18.03,1.97,-90.13,0,0,2.26,3438.7,3607,14,5001
25478,draftkings,classic,1901,-18.05,1.95,-90.26,0,0,2.38,3666,3968,234,5001
25478,draftkings,classic,4942,-18.05,1.95,-90.24,0,0,2.28,3452.6,3648,66,5001
25478,draftkings,classic,664,-18.05,1.95,-90.27,0,0,2.34,3469.3,3689,162,5001
25478,draftkings,classic,2920,-18.06,1.94,-90.3,0,0,2.31,3472.8,3676,107,5001
25478,draftkings,classic,3403,-18.06,1.94,-90.31,0,0,2.32,3299.7,3449,152,5000
25478,draftkings,classic,1022,-18.06,1.94,-90.3,0,0,2.31,3359.8,3540,164,5000
25478,draftkings,classic,192,-18.06,1.94,-90.31,0,0,2.34,3526.6,3741,119,5001
25478,draftkings,classic,3438,-18.07,1.93,-90.34,0,0,2.33,3426,3626,112,5001
25478,draftkings,classic,3764,-18.07,1.93,-90.36,0,0,2.16,3459.7,3673,57,5000
25478,draftkings,classic,3982,-18.07,1.93,-90.34,0,0,2.35,3290.4,3449,114,4999
25478,draftkings,classic,2673,-18.07,1.93,-90.34,0,0,2.3,3344.3,3495,142,5000
25478,draftkings,classic,3185,-18.08,1.92,-90.38,0,0,2.33,3265.3,3395,153,5000
25478,draftkings,classic,409,-18.08,1.92,-90.38,0,0,2.32,3487.7,3705,175,5001
25478,draftkings,classic,4121,-18.08,1.92,-90.39,0,0,2.25,3567.6,3821,164,5001
25478,draftkings,classic,4258,-18.09,1.91,-90.46,0,0,2.28,3347.5,3509,161,5001
25478,draftkings,classic,497,-18.09,1.91,-90.44,0,0,2.31,3231.1,3360,166,4998
25478,draftkings,classic,4387,-18.09,1.91,-90.43,0,0,2.28,3564.1,3799,93,5001
25478,draftkings,classic,2729,-18.1,1.9,-90.51,0,0,2.27,3462.9,3670,91,5000
25478,draftkings,classic,825,-18.1,1.9,-90.52,0,0,2.13,3551.7,3796,48,5001
25478,draftkings,classic,3325,-18.1,1.9,-90.48,0,0,2.21,3525.5,3760,64,5001
25478,draftkings,classic,1062,-18.14,1.86,-90.68,0,0,2.24,3323.3,3479,191,5001
25478,draftkings,classic,2785,-18.15,1.85,-90.76,0,0,2.27,3447.2,3625,184,5000
25478,draftkings,classic,477,-18.15,1.85,-90.75,0,0,2.21,3410.8,3601,195,5001
25478,draftkings,classic,1433,-18.15,1.85,-90.75,0,0,2.16,3605.1,3860,99,5001
25478,draftkings,classic,405,-18.15,1.85,-90.74,0,0,2.21,3212.5,3348,57,4994
25478,draftkings,classic,1249,-18.16,1.84,-90.79,0,0,2.2,3648.9,3938,132,5001
25478,draftkings,classic,3687,-18.16,1.84,-90.82,0,0,2.19,3249.9,3379,103,4998
25478,draftkings,classic,4549,-18.16,1.84,-90.82,0,0,2.16,3588.6,3844,64,5001
25478,draftkings,classic,4305,-18.16,1.84,-90.81,0,0,2.22,3522.9,3752,86,5001
25478,draftkings,classic,3080,-18.17,1.83,-90.86,0,0,2.17,3492.2,3707,106,5001
25478,draftkings,classic,731,-18.17,1.83,-90.85,0,0,2.23,3352,3520,69,5000
25478,draftkings,classic,3955,-18.17,1.83,-90.84,0,0,2.06,3311.4,3469,30,5000
25478,draftkings,classic,4684,-18.17,1.83,-90.85,0,0,2.14,3626.5,3886,57,5001
25478,draftkings,classic,2798,-18.17,1.83,-90.85,0,0,2.22,3638.5,3908,185,5001
25478,draftkings,classic,3499,-18.18,1.82,-90.92,0,0,2.15,3353.7,3518,78,5000
25478,draftkings,classic,3830,-18.19,1.81,-90.97,0,0,2.18,3302.3,3428,125,5001
25478,draftkings,classic,4568,-18.19,1.81,-90.93,0,0,2.02,3780.7,4134,55,5001
25478,draftkings,classic,913,-18.19,1.81,-90.96,0,0,2.23,3482.3,3684,100,5001
25478,draftkings,classic,3231,-18.2,1.8,-90.99,0,0,2.12,3506.6,3718,100,5001
25478,draftkings,classic,1763,-18.2,1.8,-90.99,0,0,2.13,3419.3,3604,133,4999
25478,draftkings,classic,2263,-18.21,1.79,-91.05,0,0,2.13,3475.6,3683,167,5001
25478,draftkings,classic,3218,-18.22,1.78,-91.1,0,0,2.18,3368.5,3527,141,5000
25478,draftkings,classic,315,-18.22,1.78,-91.07,0,0,2.17,3680.9,3979,205,5001
25478,draftkings,classic,4360,-18.23,1.77,-91.14,0,0,2.13,3407.2,3586,170,5000
25478,draftkings,classic,1424,-18.24,1.76,-91.21,0,0,2.19,3326.2,3487,202,4997
25478,draftkings,classic,4257,-18.24,1.76,-91.18,0,0,2.06,3352.6,3506,120,5000
25478,draftkings,classic,4983,-18.24,1.76,-91.22,0,0,2.1,3440.4,3647,144,5001
25478,draftkings,classic,4220,-18.25,1.75,-91.26,0,0,2.14,3315.3,3456,114,5000
25478,draftkings,classic,4188,-18.25,1.75,-91.25,0,0,2.04,3561.5,3787,115,5001
25478,draftkings,classic,1695,-18.25,1.75,-91.26,0,0,2.15,3383.3,3555,116,4999
25478,draftkings,classic,2601,-18.25,1.75,-91.26,0,0,2.1,3441.4,3633,164,5000
25478,draftkings,classic,2493,-18.26,1.74,-91.32,0,0,1.96,3696,3969,66,5001
25478,draftkings,classic,3384,-18.26,1.74,-91.29,0,0,1.96,3463.1,3667,130,5000
25478,draftkings,classic,1672,-18.27,1.73,-91.33,0,0,2.05,3448.8,3636,83,5001
25478,draftkings,classic,2677,-18.27,1.73,-91.36,0,0,2.08,3403.7,3574,86,5001
25478,draftkings,classic,3083,-18.28,1.72,-91.4,0,0,2.05,3488.7,3697,155,5001
25478,draftkings,classic,3715,-18.28,1.72,-91.4,0,0,2.13,3275.8,3396,261,5001
25478,draftkings,classic,4253,-18.28,1.72,-91.38,0,0,2.04,3788.1,4130,152,5001
25478,draftkings,classic,3694,-18.29,1.71,-91.43,0,0,2.07,3532.6,3764,195,5001
25478,draftkings,classic,1165,-18.3,1.7,-91.52,0,0,2.06,3283.5,3434,151,5000
25478,draftkings,classic,4123,-18.32,1.68,-91.59,0,0,2.09,3350.7,3500,241,5001
25478,draftkings,classic,3342,-18.32,1.68,-91.58,0,0,1.93,3553,3763,73,5000
25478,draftkings,classic,3068,-18.32,1.68,-91.58,0,0,2.01,3525.5,3754,93,5001
25478,draftkings,classic,4818,-18.33,1.67,-91.65,0,0,1.98,3311.1,3463,62,4998
25478,draftkings,classic,2247,-18.33,1.67,-91.64,0,0,1.88,3609.2,3836,35,5000
25478,draftkings,classic,3603,-18.33,1.67,-91.67,0,0,1.93,3729,4040,124,5001
25478,draftkings,classic,1298,-18.34,1.66,-91.71,0,0,2,3565.7,3799,165,5001
25478,draftkings,classic,3396,-18.34,1.66,-91.72,0,0,2.01,3557.3,3786,210,5001
25478,draftkings,classic,3441,-18.37,1.63,-91.87,0,0,1.98,3467.1,3659,116,5001
25478,draftkings,classic,3392,-18.38,1.62,-91.92,0,0,1.94,3479.6,3677,205,5001
25478,draftkings,classic,2061,-18.38,1.62,-91.92,0,0,2,3324.9,3464,205,5001
25478,draftkings,classic,1932,-18.38,1.62,-91.9,0,0,1.95,3453.9,3631,97,5001
25478,draftkings,classic,2885,-18.39,1.61,-91.95,0,0,1.97,3505.2,3702,99,5000
25478,draftkings,classic,1664,-18.39,1.61,-91.96,0,0,1.9,3674.9,3954,131,5001
25478,draftkings,classic,3040,-18.39,1.61,-91.96,0,0,1.89,3429.2,3585,98,4999
25478,draftkings,classic,4878,-18.39,1.61,-91.94,0,0,1.97,3579,3805,192,5001
25478,draftkings,classic,3564,-18.4,1.6,-91.98,0,0,1.86,3548,3779,87,5001
25478,draftkings,classic,757,-18.4,1.6,-92,0,0,1.96,3333.5,3479,135,4999
25478,draftkings,classic,133,-18.41,1.59,-92.05,0,0,1.94,3475.2,3672,158,5001
25478,draftkings,classic,2070,-18.41,1.59,-92.06,0,0,1.88,3363.3,3513,155,5001
25478,draftkings,classic,2812,-18.41,1.59,-92.04,0,0,1.88,3397.1,3559,66,4998
25478,draftkings,classic,3930,-18.42,1.58,-92.12,0,0,1.86,3776.3,4109,133,5001
25478,draftkings,classic,3511,-18.42,1.58,-92.1,0,0,1.86,3444.6,3622,229,5001
25478,draftkings,classic,3880,-18.42,1.58,-92.08,0,0,1.92,3452.8,3630,116,5000
25478,draftkings,classic,3027,-18.42,1.58,-92.1,0,0,1.92,3641.6,3894,210,5001
25478,draftkings,classic,3613,-18.42,1.58,-92.1,0,0,1.91,3358.4,3520,168,5001
25478,draftkings,classic,4566,-18.43,1.57,-92.16,0,0,1.9,3603.5,3847,138,5001
25478,draftkings,classic,938,-18.43,1.57,-92.17,0,0,1.89,3386.2,3552,81,4997
25478,draftkings,classic,2232,-18.43,1.57,-92.13,0,0,1.88,3447.4,3641,158,5001
25478,draftkings,classic,2568,-18.44,1.56,-92.21,0,0,1.88,3464.7,3651,82,5000
25478,draftkings,classic,766,-18.44,1.56,-92.2,0,0,1.82,3430.4,3597,72,5001
25478,draftkings,classic,4943,-18.44,1.56,-92.2,0,0,1.94,3366.9,3527,151,4993
25478,draftkings,classic,493,-18.45,1.55,-92.27,0,0,1.85,3514.8,3707,85,5001
25478,draftkings,classic,1774,-18.45,1.55,-92.27,0,0,1.82,3584.1,3810,88,5001
25478,draftkings,classic,139,-18.46,1.54,-92.31,0,0,1.81,3578.3,3819,96,5001
25478,draftkings,classic,1545,-18.46,1.54,-92.28,0,0,1.83,3476,3664,162,5001
25478,draftkings,classic,80,-18.46,1.54,-92.29,0,0,1.8,3714.5,3995,144,5001
25478,draftkings,classic,2470,-18.47,1.53,-92.36,0,0,1.87,3401.7,3571,122,5001
25478,draftkings,classic,2231,-18.47,1.53,-92.33,0,0,1.86,3497.5,3707,104,5001
25478,draftkings,classic,4625,-18.48,1.52,-92.38,0,0,1.81,3455.8,3658,92,5001
25478,draftkings,classic,2848,-18.48,1.52,-92.42,0,0,1.83,3466.8,3638,135,5001
25478,draftkings,classic,3974,-18.49,1.51,-92.44,0,0,1.86,3413.4,3592,193,5000
25478,draftkings,classic,1077,-18.5,1.5,-92.52,0,0,1.77,3522.6,3724,101,5001
25478,draftkings,classic,1420,-18.5,1.5,-92.48,0,0,1.8,3542.8,3744,155,5001
25478,draftkings,classic,1948,-18.5,1.5,-92.48,0,0,1.8,3523.5,3725,106,5000
25478,draftkings,classic,2976,-18.5,1.5,-92.5,0,0,1.81,3450.3,3636,147,5001
25478,draftkings,classic,320,-18.5,1.5,-92.5,0,0,1.8,3474.6,3665,165,5001
25478,draftkings,classic,458,-18.51,1.49,-92.54,0,0,1.77,3459.6,3646,111,5001
25478,draftkings,classic,703,-18.51,1.49,-92.57,0,0,1.75,3388.2,3543,107,5000
25478,draftkings,classic,621,-18.51,1.49,-92.56,0,0,1.81,3517.4,3733,176,5001
25478,draftkings,classic,1886,-18.51,1.49,-92.57,0,0,1.76,3601.5,3846,119,5001
25478,draftkings,classic,1214,-18.51,1.49,-92.53,0,0,1.78,3465.5,3643,88,5001
25478,draftkings,classic,3205,-18.51,1.49,-92.56,0,0,1.87,3308,3447,181,5001
25478,draftkings,classic,4553,-18.51,1.49,-92.56,0,0,1.75,3626.6,3873,152,5001
25478,draftkings,classic,1181,-18.51,1.49,-92.57,0,0,1.74,3689.5,3946,109,5001
25478,draftkings,classic,3538,-18.51,1.49,-92.56,0,0,1.79,3761.8,4086,193,5001
25478,draftkings,classic,3601,-18.52,1.48,-92.6,0,0,1.83,3575.6,3805,232,5001
25478,draftkings,classic,3599,-18.52,1.48,-92.62,0,0,1.73,3619.3,3861,121,5001
25478,draftkings,classic,4677,-18.52,1.48,-92.61,0,0,1.75,3450.7,3635,134,5001
25478,draftkings,classic,4351,-18.52,1.48,-92.6,0,0,1.83,3415.4,3572,86,5001
25478,draftkings,classic,2209,-18.53,1.47,-92.65,0,0,1.77,3538.7,3735,93,5001
25478,draftkings,classic,1852,-18.53,1.47,-92.67,0,0,1.78,3726.1,4050,159,5001
25478,draftkings,classic,205,-18.53,1.47,-92.67,0,0,1.78,3444.5,3617,269,4999
25478,draftkings,classic,436,-18.53,1.47,-92.67,0,0,1.78,3545,3755,137,5001
25478,draftkings,classic,4454,-18.53,1.47,-92.66,0,0,1.82,3520.3,3715,74,5001
25478,draftkings,classic,454,-18.53,1.47,-92.64,0,0,1.71,3671.5,3925,133,5001
25478,draftkings,classic,73,-18.53,1.47,-92.64,0,0,1.79,3329.9,3462,198,5000
25478,draftkings,classic,2492,-18.53,1.47,-92.64,0,0,1.79,3655.5,3913,187,5001
25478,draftkings,classic,397,-18.53,1.47,-92.66,0,0,1.72,3548.1,3770,82,5001
25478,draftkings,classic,1507,-18.53,1.47,-92.64,0,0,1.75,3468.1,3644,85,5001
25478,draftkings,classic,2222,-18.54,1.46,-92.71,0,0,1.76,3631.5,3879,219,5001
25478,draftkings,classic,521,-18.55,1.45,-92.75,0,0,1.73,3735.7,4003,139,5001
25478,draftkings,classic,1839,-18.56,1.44,-92.8,0,0,1.75,3606.6,3855,197,5001
25478,draftkings,classic,3273,-18.56,1.44,-92.81,0,0,1.76,3445.8,3644,233,5001
25478,draftkings,classic,4440,-18.56,1.44,-92.78,0,0,1.68,3638.2,3851,86,5001
25478,draftkings,classic,4390,-18.57,1.43,-92.84,0,0,1.75,3450.6,3628,135,5001
25478,draftkings,classic,4689,-18.57,1.43,-92.86,0,0,1.7,3570.5,3793,90,5001
25478,draftkings,classic,1861,-18.58,1.42,-92.92,0,0,1.71,3388.1,3542,103,5001
25478,draftkings,classic,2845,-18.58,1.42,-92.91,0,0,1.75,3313.6,3440,183,5000
25478,draftkings,classic,758,-18.58,1.42,-92.91,0,0,1.7,3609.5,3822,129,5001
25478,draftkings,classic,3909,-18.58,1.42,-92.92,0,0,1.72,3521.8,3712,122,5000
25478,draftkings,classic,1337,-18.58,1.42,-92.92,0,0,1.7,3505.7,3694,197,5001
25478,draftkings,classic,2268,-18.58,1.42,-92.92,0,0,1.73,3363.3,3511,130,4994
25478,draftkings,classic,1795,-18.58,1.42,-92.92,0,0,1.72,3588.5,3815,177,5001
25478,draftkings,classic,4719,-18.59,1.41,-92.94,0,0,1.73,3530.7,3738,198,5001
25478,draftkings,classic,3095,-18.6,1.4,-93.02,0,0,1.65,3248.7,3364,55,5000
25478,draftkings,classic,2135,-18.6,1.4,-92.98,0,0,1.64,3436.2,3594,109,5000
25478,draftkings,classic,3430,-18.61,1.39,-93.06,0,0,1.7,3444.9,3631,103,5001
25478,draftkings,classic,4794,-18.61,1.39,-93.03,0,0,1.76,3364.1,3512,166,5000
25478,draftkings,classic,1220,-18.62,1.38,-93.11,0,0,1.63,3517.2,3714,169,5001
25478,draftkings,classic,225,-18.62,1.38,-93.1,0,0,1.66,3573.7,3788,196,5000
25478,draftkings,classic,880,-18.62,1.38,-93.11,0,0,1.61,3411,3583,115,5001
25478,draftkings,classic,3487,-18.63,1.37,-93.16,0,0,1.7,3615,3851,236,5001
25478,draftkings,classic,4528,-18.63,1.37,-93.17,0,0,1.68,3408,3575,149,5001
25478,draftkings,classic,2304,-18.64,1.36,-93.22,0,0,1.63,3544.5,3737,177,5001
25478,draftkings,classic,977,-18.64,1.36,-93.19,0,0,1.6,3509.8,3693,118,5001
25478,draftkings,classic,4127,-18.64,1.36,-93.19,0,0,1.65,3571.1,3796,142,5000
25478,draftkings,classic,3506,-18.65,1.35,-93.26,0,0,1.59,3506.8,3701,112,5001
25478,draftkings,classic,3973,-18.66,1.34,-93.31,0,0,1.61,3658.4,3903,64,5001
25478,draftkings,classic,2402,-18.66,1.34,-93.28,0,0,1.57,3562.4,3772,149,5001
25478,draftkings,classic,4856,-18.66,1.34,-93.29,0,0,1.62,3667.5,3929,191,5001
25478,draftkings,classic,1961,-18.66,1.34,-93.32,0,0,1.59,3609.3,3833,101,5000
25478,draftkings,classic,1991,-18.67,1.33,-93.34,0,0,1.58,3659.3,3897,160,5001
25478,draftkings,classic,1801,-18.67,1.33,-93.33,0,0,1.61,3749.1,4044,224,5001
25478,draftkings,classic,2077,-18.67,1.33,-93.36,0,0,1.46,3703.9,3965,25,5001
25478,draftkings,classic,1933,-18.68,1.32,-93.38,0,0,1.61,3679.8,3916,277,5001
25478,draftkings,classic,3033,-18.68,1.32,-93.4,0,0,1.52,3585.3,3819,120,5001
25478,draftkings,classic,1794,-18.68,1.32,-93.38,0,0,1.51,3735.1,4017,65,5001
25478,draftkings,classic,2860,-18.68,1.32,-93.4,0,0,1.6,3704.2,3975,167,5001
25478,draftkings,classic,1563,-18.68,1.32,-93.42,0,0,1.55,3563.6,3764,41,5000
25478,draftkings,classic,2661,-18.68,1.32,-93.39,0,0,1.58,3782.9,4071,113,5001
25478,draftkings,classic,3446,-18.69,1.31,-93.47,0,0,1.54,3663.3,3903,48,5001
25478,draftkings,classic,2980,-18.69,1.31,-93.46,0,0,1.55,3491.5,3674,100,5001
25478,draftkings,classic,2502,-18.7,1.3,-93.5,0,0,1.55,3536.7,3728,115,5001
25478,draftkings,classic,4594,-18.7,1.3,-93.51,0,0,1.62,3370.7,3512,142,5000
25478,draftkings,classic,196,-18.7,1.3,-93.5,0,0,1.59,3458.2,3623,109,5001
25478,draftkings,classic,4712,-18.71,1.29,-93.55,0,0,1.51,3668.2,3899,77,5001
25478,draftkings,classic,2738,-18.71,1.29,-93.54,0,0,1.57,3455.1,3618,72,5001
25478,draftkings,classic,920,-18.71,1.29,-93.55,0,0,1.59,3510.1,3683,196,5001
25478,draftkings,classic,4380,-18.72,1.28,-93.6,0,0,1.53,3651.6,3907,125,5001
25478,draftkings,classic,4042,-18.72,1.28,-93.58,0,0,1.51,3466.5,3632,60,5001
25478,draftkings,classic,318,-18.72,1.28,-93.58,0,0,1.55,3668,3922,167,5001
25478,draftkings,classic,4780,-18.73,1.27,-93.67,0,0,1.56,3567.4,3770,180,5001
25478,draftkings,classic,2347,-18.73,1.27,-93.63,0,0,1.56,3471.3,3665,237,5001
25478,draftkings,classic,4071,-18.74,1.26,-93.68,0,0,1.55,3564,3748,150,5001
25478,draftkings,classic,4251,-18.74,1.26,-93.69,0,0,1.57,3575.2,3786,196,5001
25478,draftkings,classic,2818,-18.75,1.25,-93.76,0,0,1.52,3488.4,3663,105,5000
25478,draftkings,classic,106,-18.75,1.25,-93.75,0,0,1.56,3350.9,3489,198,4999
25478,draftkings,classic,2416,-18.75,1.25,-93.75,0,0,1.52,3547.3,3753,113,5001
25478,draftkings,classic,16,-18.76,1.24,-93.8,0,0,1.54,3320.4,3456,158,4999
25478,draftkings,classic,2991,-18.76,1.24,-93.8,0,0,1.51,3485.6,3658,165,5001
25478,draftkings,classic,3130,-18.77,1.23,-93.83,0,0,1.54,3600.1,3809,182,5001
25478,draftkings,classic,2120,-18.77,1.23,-93.86,0,0,1.5,3779.3,4062,134,5001
25478,draftkings,classic,4233,-18.77,1.23,-93.83,0,0,1.42,3736.7,4003,78,5001
25478,draftkings,classic,4979,-18.77,1.23,-93.87,0,0,1.51,3544.5,3729,158,5001
25478,draftkings,classic,3176,-18.78,1.22,-93.92,0,0,1.46,3514.6,3698,122,5000
25478,draftkings,classic,4592,-18.79,1.21,-93.96,0,0,1.46,3778.2,4060,132,5001
25478,draftkings,classic,2994,-18.79,1.21,-93.97,0,0,1.43,3813.9,4104,124,5001
25478,draftkings,classic,2438,-18.79,1.21,-93.95,0,0,1.48,3520.3,3724,268,5000
25478,draftkings,classic,6,-18.8,1.2,-93.99,0,0,1.42,3639.3,3876,88,5001
25478,draftkings,classic,705,-18.8,1.2,-94,0,0,1.3,3787.2,4055,55,5001
25478,draftkings,classic,4268,-18.81,1.19,-94.06,0,0,1.42,3403.2,3557,74,5001
25478,draftkings,classic,671,-18.81,1.19,-94.03,0,0,1.41,3506.5,3699,79,5001
25478,draftkings,classic,287,-18.81,1.19,-94.06,0,0,1.45,3246.5,3355,228,5000
25478,draftkings,classic,3283,-18.81,1.19,-94.04,0,0,1.48,3360.2,3484,268,5000
25478,draftkings,classic,860,-18.81,1.19,-94.06,0,0,1.47,3523.3,3715,160,5001
25478,draftkings,classic,1094,-18.82,1.18,-94.12,0,0,1.46,3571,3764,157,5001
25478,draftkings,classic,3100,-18.82,1.18,-94.09,0,0,1.42,3860.6,4189,144,5001
25478,draftkings,classic,313,-18.83,1.17,-94.16,0,0,1.45,3303.3,3425,111,4997
25478,draftkings,classic,1101,-18.83,1.17,-94.14,0,0,1.41,3720.5,3976,79,5001
25478,draftkings,classic,2084,-18.84,1.16,-94.21,0,0,1.39,3701.9,3947,83,5001
25478,draftkings,classic,1997,-18.84,1.16,-94.21,0,0,1.39,3702.8,3948,79,5001
25478,draftkings,classic,2645,-18.85,1.15,-94.24,0,0,1.41,3835.5,4148,245,5001
25478,draftkings,classic,2655,-18.85,1.15,-94.23,0,0,1.38,3548.6,3746,182,5001
25478,draftkings,classic,1330,-18.86,1.14,-94.29,0,0,1.36,3529,3714,65,5001
25478,draftkings,classic,2322,-18.86,1.14,-94.31,0,0,1.4,3403,3559,273,4997
25478,draftkings,classic,1074,-18.87,1.13,-94.33,0,0,1.34,3816.4,4123,188,5001
25478,draftkings,classic,1335,-18.87,1.13,-94.36,0,0,1.37,3442,3592,168,4997
25478,draftkings,classic,3885,-18.87,1.13,-94.34,0,0,1.38,3542.8,3731,184,5000
25478,draftkings,classic,514,-18.87,1.13,-94.35,0,0,1.3,3740.6,3999,39,5001
25478,draftkings,classic,663,-18.88,1.12,-94.4,0,0,1.37,3383,3520,133,4998
25478,draftkings,classic,4768,-18.88,1.12,-94.38,0,0,1.39,3454.3,3612,150,5000
25478,draftkings,classic,4497,-18.88,1.12,-94.42,0,0,1.35,3643.1,3882,191,5001
25478,draftkings,classic,1752,-18.88,1.12,-94.41,0,0,1.32,3596.7,3807,102,5001
25478,draftkings,classic,1496,-18.89,1.11,-94.46,0,0,1.35,3399,3540,188,4997
25478,draftkings,classic,870,-18.89,1.11,-94.46,0,0,1.36,3563.8,3750,168,5001
25478,draftkings,classic,1479,-18.89,1.11,-94.46,0,0,1.35,3680.7,3919,170,5000
25478,draftkings,classic,2433,-18.89,1.11,-94.46,0,0,1.35,3581.6,3787,197,5001
25478,draftkings,classic,358,-18.9,1.1,-94.48,0,0,1.31,3749.6,4015,169,5001
25478,draftkings,classic,4860,-18.9,1.1,-94.49,0,0,1.31,3577.8,3790,147,5001
25478,draftkings,classic,869,-18.9,1.1,-94.5,0,0,1.32,3841.1,4126,115,5001
25478,draftkings,classic,2792,-18.9,1.1,-94.52,0,0,1.27,3473.2,3627,66,5001
25478,draftkings,classic,1017,-18.91,1.09,-94.55,0,0,1.34,3511.9,3694,114,5000
25478,draftkings,classic,3377,-18.91,1.09,-94.54,0,0,1.34,3593.1,3798,174,5001
25478,draftkings,classic,3675,-18.91,1.09,-94.54,0,0,1.36,3416.3,3570,241,5000
25478,draftkings,classic,2246,-18.91,1.09,-94.54,0,0,1.39,3652.7,3913,262,5001
25478,draftkings,classic,3036,-18.91,1.09,-94.53,0,0,1.29,3773.7,4052,175,5001
25478,draftkings,classic,1354,-18.92,1.08,-94.6,0,0,1.35,3623.1,3851,185,5000
25478,draftkings,classic,3141,-18.92,1.08,-94.61,0,0,1.26,3567.9,3763,168,4999
25478,draftkings,classic,1716,-18.93,1.07,-94.66,0,0,1.31,3492.7,3674,252,5001
25478,draftkings,classic,2095,-18.93,1.07,-94.64,0,0,1.3,3831.5,4130,124,5001
25478,draftkings,classic,2924,-18.93,1.07,-94.64,0,0,1.31,3680.3,3937,207,5001
25478,draftkings,classic,2731,-18.94,1.06,-94.71,0,0,1.27,3672,3905,107,5001
25478,draftkings,classic,2675,-18.94,1.06,-94.72,0,0,1.24,3653.4,3883,104,5001
25478,draftkings,classic,2461,-18.94,1.06,-94.69,0,0,1.24,3574.1,3766,54,5000
25478,draftkings,classic,2014,-18.94,1.06,-94.68,0,0,1.29,3891.6,4203,214,5001
25478,draftkings,classic,748,-18.95,1.05,-94.73,0,0,1.29,3605.2,3786,205,5001
25478,draftkings,classic,3118,-18.95,1.05,-94.76,0,0,1.28,3655.3,3895,124,5001
25478,draftkings,classic,3509,-18.96,1.04,-94.8,0,0,1.25,3570.8,3769,143,5000
25478,draftkings,classic,740,-18.96,1.04,-94.79,0,0,1.28,3461.2,3618,250,5001
25478,draftkings,classic,2734,-18.97,1.03,-94.84,0,0,1.25,3541.3,3723,203,5001
25478,draftkings,classic,2373,-18.98,1.02,-94.89,0,0,1.23,3515.4,3687,191,5001
25478,draftkings,classic,502,-18.98,1.02,-94.88,0,0,1.25,3472.9,3638,154,4998
25478,draftkings,classic,2176,-18.99,1.01,-94.96,0,0,1.28,3822.5,4118,321,5001
25478,draftkings,classic,4651,-18.99,1.01,-94.93,0,0,1.17,3839.3,4120,98,5001
25478,draftkings,classic,3561,-19,1,-94.98,0,0,1.22,3802.8,4087,125,5001
25478,draftkings,classic,4353,-19,1,-94.98,0,0,1.18,3927.3,4258,265,5001
25478,draftkings,classic,2472,-19,1,-94.99,0,0,1.23,3419,3568,179,5001
25478,draftkings,classic,3705,-19,1,-94.98,0,0,1.22,3727.6,3978,198,5001
25478,draftkings,classic,4908,-19.01,0.99,-95.04,0,0,1.23,3789.7,4083,272,5001
25478,draftkings,classic,4602,-19.01,0.99,-95.05,0,0,1.23,3611.8,3830,185,5001
25478,draftkings,classic,166,-19.01,0.99,-95.05,0,0,1.23,3614.6,3810,194,5001
25478,draftkings,classic,1398,-19.01,0.99,-95.05,0,0,1.18,3644.7,3864,107,5001
25478,draftkings,classic,4055,-19.01,0.99,-95.06,0,0,1.17,3783.5,4066,90,5001
25478,draftkings,classic,3928,-19.01,0.99,-95.03,0,0,1.21,3525.8,3704,259,4999
25478,draftkings,classic,4790,-19.01,0.99,-95.06,0,0,1.2,3761.4,4027,182,5001
25478,draftkings,classic,3126,-19.02,0.98,-95.11,0,0,1.18,3804,4082,133,5001
25478,draftkings,classic,3875,-19.02,0.98,-95.09,0,0,1.2,3529,3711,126,5001
25478,draftkings,classic,3470,-19.02,0.98,-95.1,0,0,1.2,3630.1,3836,133,5001
25478,draftkings,classic,4242,-19.03,0.97,-95.15,0,0,1.2,3705.6,3934,135,5001
25478,draftkings,classic,3247,-19.04,0.96,-95.21,0,0,1.14,3603.4,3814,157,5001
25478,draftkings,classic,2115,-19.05,0.95,-95.26,0,0,1.15,3765.7,4019,212,5001
25478,draftkings,classic,1734,-19.05,0.95,-95.24,0,0,1.14,3527.8,3715,50,5000
25478,draftkings,classic,975,-19.05,0.95,-95.25,0,0,1.16,3775.6,4041,98,5001
25478,draftkings,classic,1753,-19.06,0.94,-95.29,0,0,1.13,3670.2,3868,124,5000
25478,draftkings,classic,979,-19.06,0.94,-95.28,0,0,1.15,3927.8,4249,208,5001
25478,draftkings,classic,88,-19.07,0.93,-95.34,0,0,1.15,3799.8,4083,229,5001
25478,draftkings,classic,4575,-19.07,0.93,-95.36,0,0,1.18,3353.7,3473,230,5000
25478,draftkings,classic,3042,-19.08,0.92,-95.39,0,0,1.16,3731.2,3983,204,5001
25478,draftkings,classic,338,-19.09,0.91,-95.45,0,0,1.12,3579.6,3758,256,5001
25478,draftkings,classic,3242,-19.1,0.9,-95.48,0,0,1.15,3326.4,3442,224,5000
25478,draftkings,classic,2240,-19.1,0.9,-95.5,0,0,1.11,3549.3,3740,206,5000
25478,draftkings,classic,2563,-19.1,0.9,-95.48,0,0,1.11,3461.8,3611,282,5001
25478,draftkings,classic,298,-19.11,0.89,-95.55,0,0,1.08,3622.2,3829,222,5001
25478,draftkings,classic,3343,-19.12,0.88,-95.58,0,0,1.05,3870.9,4167,185,5001
25478,draftkings,classic,3868,-19.12,0.88,-95.62,0,0,1.06,3582.1,3777,129,4999
25478,draftkings,classic,1529,-19.13,0.87,-95.66,0,0,1.09,3904.2,4200,129,5001
25478,draftkings,classic,1007,-19.13,0.87,-95.65,0,0,1.06,3832.5,4109,66,5001
25478,draftkings,classic,1760,-19.13,0.87,-95.63,0,0,1.07,3700.3,3941,207,5001
25478,draftkings,classic,3696,-19.13,0.87,-95.65,0,0,1.05,3692.8,3916,116,5001
25478,draftkings,classic,4153,-19.14,0.86,-95.72,0,0,1.05,3771.9,4010,229,5001
25478,draftkings,classic,3640,-19.14,0.86,-95.68,0,0,1.06,3559.3,3719,109,5001
25478,draftkings,classic,3624,-19.14,0.86,-95.69,0,0,1.08,3771.9,4041,336,5001
25478,draftkings,classic,2907,-19.14,0.86,-95.7,0,0,1.07,3691.4,3927,315,5001
25478,draftkings,classic,910,-19.15,0.85,-95.75,0,0,1.02,3868.6,4155,63,5001
25478,draftkings,classic,3327,-19.15,0.85,-95.76,0,0,1.03,3672.2,3891,234,5001
25478,draftkings,classic,2192,-19.15,0.85,-95.76,0,0,1.02,3740,3973,182,5001
25478,draftkings,classic,184,-19.15,0.85,-95.73,0,0,0.99,3845.4,4125,121,5001
25478,draftkings,classic,2434,-19.15,0.85,-95.74,0,0,1.08,3710.7,3942,253,5001
25478,draftkings,classic,3265,-19.15,0.85,-95.76,0,0,1.05,3827.9,4111,292,5001
25478,draftkings,classic,1258,-19.16,0.84,-95.78,0,0,1.02,3625.4,3814,71,5001
25478,draftkings,classic,1562,-19.16,0.84,-95.8,0,0,1.04,3527.6,3701,133,5001
25478,draftkings,classic,1463,-19.17,0.83,-95.87,0,0,0.98,4007.4,4333,173,5001
25478,draftkings,classic,4953,-19.17,0.83,-95.84,0,0,1.02,3690.7,3916,200,5001
25478,draftkings,classic,3953,-19.17,0.83,-95.86,0,0,1,3809.7,4057,148,5001
25478,draftkings,classic,4623,-19.17,0.83,-95.87,0,0,1.06,3707.4,3950,268,5001
25478,draftkings,classic,3261,-19.18,0.82,-95.9,0,0,1.01,3624,3838,172,5001
25478,draftkings,classic,4815,-19.18,0.82,-95.92,0,0,0.99,3680.5,3894,248,4999
25478,draftkings,classic,471,-19.19,0.81,-95.97,0,0,0.96,3732,3955,120,5001
25478,draftkings,classic,2735,-19.19,0.81,-95.94,0,0,1.02,3915.2,4201,259,5001
25478,draftkings,classic,3101,-19.19,0.81,-95.95,0,0,1,3683.6,3894,135,5001
25478,draftkings,classic,2314,-19.19,0.81,-95.95,0,0,0.96,3933.7,4249,89,5001
25478,draftkings,classic,2203,-19.19,0.81,-95.95,0,0,0.98,3772.9,4012,141,5001
25478,draftkings,classic,472,-19.2,0.8,-95.98,0,0,0.96,3866.4,4144,169,5001
25478,draftkings,classic,743,-19.2,0.8,-95.98,0,0,1,3567.3,3764,237,5001
25478,draftkings,classic,515,-19.2,0.8,-95.99,0,0,0.98,3587.7,3788,174,4997
25478,draftkings,classic,4522,-19.2,0.8,-96,0,0,0.96,3610.6,3800,146,5001
25478,draftkings,classic,3147,-19.23,0.77,-96.14,0,0,0.97,3496.8,3639,147,5000
25478,draftkings,classic,2999,-19.23,0.77,-96.17,0,0,0.96,3651.9,3848,270,5001
25478,draftkings,classic,3672,-19.23,0.77,-96.14,0,0,0.92,3714.6,3943,174,5001
25478,draftkings,classic,4503,-19.24,0.76,-96.22,0,0,0.92,3647.4,3845,290,5001
25478,draftkings,classic,1821,-19.24,0.76,-96.21,0,0,0.95,3695.7,3912,371,5001
25478,draftkings,classic,4521,-19.24,0.76,-96.22,0,0,0.88,3794.6,4024,124,5000
25478,draftkings,classic,4920,-19.24,0.76,-96.22,0,0,0.9,4043.9,4379,226,5001
25478,draftkings,classic,326,-19.25,0.75,-96.25,0,0,0.92,3691.1,3897,144,5000
25478,draftkings,classic,4832,-19.25,0.75,-96.23,0,0,0.95,3540,3707,312,4999
25478,draftkings,classic,722,-19.25,0.75,-96.25,0,0,0.91,3689.1,3899,104,5001
25478,draftkings,classic,1310,-19.25,0.75,-96.24,0,0,0.91,3769.8,4005,111,5001
25478,draftkings,classic,4934,-19.26,0.74,-96.31,0,0,0.87,3880.4,4152,175,5001
25478,draftkings,classic,2759,-19.26,0.74,-96.32,0,0,0.91,3639.2,3830,317,5001
25478,draftkings,classic,1804,-19.26,0.74,-96.28,0,0,0.88,3700.8,3925,90,5001
25478,draftkings,classic,3595,-19.26,0.74,-96.32,0,0,0.91,3659.9,3853,260,5001
25478,draftkings,classic,286,-19.27,0.73,-96.36,0,0,0.9,3779.5,4012,272,5001
25478,draftkings,classic,297,-19.27,0.73,-96.36,0,0,0.93,3691.1,3909,133,5001
25478,draftkings,classic,818,-19.27,0.73,-96.34,0,0,0.92,3472.8,3620,276,5001
25478,draftkings,classic,2811,-19.29,0.71,-96.44,0,0,0.85,3627.6,3818,223,4998
25478,draftkings,classic,1271,-19.29,0.71,-96.47,0,0,0.8,3708.5,3909,123,5000
25478,draftkings,classic,1516,-19.29,0.71,-96.47,0,0,0.89,3897.2,4179,267,5001
25478,draftkings,classic,2079,-19.3,0.7,-96.52,0,0,0.87,3842.6,4109,234,5001
25478,draftkings,classic,3769,-19.3,0.7,-96.5,0,0,0.81,3715.6,3930,123,5001
25478,draftkings,classic,3926,-19.3,0.7,-96.5,0,0,0.89,3454.5,3591,370,4998
25478,draftkings,classic,4460,-19.3,0.7,-96.48,0,0,0.87,3688.8,3912,328,5001
25478,draftkings,classic,1575,-19.31,0.69,-96.54,0,0,0.84,3880.9,4148,162,5001
25478,draftkings,classic,254,-19.31,0.69,-96.56,0,0,0.86,3646.4,3843,339,5001
25478,draftkings,classic,3521,-19.31,0.69,-96.55,0,0,0.85,3602.2,3773,224,5001
25478,draftkings,classic,25,-19.31,0.69,-96.56,0,0,0.83,3692,3902,156,5000
25478,draftkings,classic,2647,-19.31,0.69,-96.56,0,0,0.88,3595.3,3776,215,5000
25478,draftkings,classic,530,-19.31,0.69,-96.56,0,0,0.83,3781,4013,67,5001
25478,draftkings,classic,1803,-19.31,0.69,-96.57,0,0,0.87,3676.8,3900,307,5001
25478,draftkings,classic,4627,-19.32,0.68,-96.58,0,0,0.85,3831.3,4084,169,5001
25478,draftkings,classic,648,-19.32,0.68,-96.61,0,0,0.82,3762.7,3982,148,5001
25478,draftkings,classic,4875,-19.32,0.68,-96.62,0,0,0.83,3641.3,3829,246,5000
25478,draftkings,classic,4559,-19.32,0.68,-96.58,0,0,0.85,3740.9,3965,208,5001
25478,draftkings,classic,2849,-19.33,0.67,-96.63,0,0,0.85,3798.7,4031,208,5001
25478,draftkings,classic,3052,-19.33,0.67,-96.63,0,0,0.82,3721.1,3926,127,5001
25478,draftkings,classic,2181,-19.33,0.67,-96.66,0,0,0.79,3742.2,3955,191,5001
25478,draftkings,classic,2199,-19.34,0.66,-96.72,0,0,0.81,3791.2,4035,229,5001
25478,draftkings,classic,3744,-19.34,0.66,-96.71,0,0,0.78,3791.8,4029,183,5001
25478,draftkings,classic,4978,-19.35,0.65,-96.76,0,0,0.82,3779.6,4050,256,5001
25478,draftkings,classic,2349,-19.36,0.64,-96.82,0,0,0.79,3928.1,4205,247,5001
25478,draftkings,classic,4687,-19.36,0.64,-96.78,0,0,0.81,3695.3,3889,324,5001
25478,draftkings,classic,2316,-19.36,0.64,-96.82,0,0,0.79,3676.6,3876,280,5001
25478,draftkings,classic,1211,-19.36,0.64,-96.8,0,0,0.77,3983.3,4284,195,5001
25478,draftkings,classic,56,-19.36,0.64,-96.82,0,0,0.77,3941.5,4227,112,5001
25478,draftkings,classic,3845,-19.36,0.64,-96.82,0,0,0.81,3892.5,4172,257,5001
25478,draftkings,classic,2197,-19.37,0.63,-96.86,0,0,0.78,3790.2,4025,238,5001
25478,draftkings,classic,4232,-19.37,0.63,-96.83,0,0,0.78,3936.4,4206,145,5001
25478,draftkings,classic,4995,-19.37,0.63,-96.84,0,0,0.77,3840.2,4086,233,5001
25478,draftkings,classic,3948,-19.37,0.63,-96.83,0,0,0.79,3629.5,3828,286,5001
25478,draftkings,classic,2419,-19.37,0.63,-96.87,0,0,0.76,3810.3,4049,290,5001
25478,draftkings,classic,4567,-19.38,0.62,-96.9,0,0,0.74,3584.7,3755,175,5000
25478,draftkings,classic,351,-19.38,0.62,-96.92,0,0,0.77,3862.6,4118,244,5001
25478,draftkings,classic,1655,-19.38,0.62,-96.9,0,0,0.79,3644,3816,377,4999
25478,draftkings,classic,737,-19.39,0.61,-96.95,0,0,0.73,3908.6,4191,162,5001
25478,draftkings,classic,3319,-19.39,0.61,-96.94,0,0,0.71,3826.1,4059,113,5001
25478,draftkings,classic,4727,-19.39,0.61,-96.96,0,0,0.76,3732.1,3957,214,5001
25478,draftkings,classic,1732,-19.39,0.61,-96.94,0,0,0.76,3785.5,4034,148,5001
25478,draftkings,classic,2009,-19.39,0.61,-96.93,0,0,0.75,3637.9,3839,206,5000
25478,draftkings,classic,3151,-19.39,0.61,-96.95,0,0,0.72,3911.1,4168,188,5001
25478,draftkings,classic,1291,-19.4,0.6,-97,0,0,0.74,3789.1,4006,194,5001
25478,draftkings,classic,4059,-19.4,0.6,-97.01,0,0,0.73,3665.1,3864,207,5001
25478,draftkings,classic,4033,-19.4,0.6,-97,0,0,0.72,3729,3930,239,5000
25478,draftkings,classic,3102,-19.4,0.6,-97.01,0,0,0.75,3645.9,3835,271,5001
25478,draftkings,classic,223,-19.41,0.59,-97.04,0,0,0.74,3986.6,4290,381,5001
25478,draftkings,classic,4823,-19.41,0.59,-97.04,0,0,0.73,3732.5,3935,127,5000
25478,draftkings,classic,4467,-19.41,0.59,-97.07,0,0,0.71,3489.2,3638,237,4999
25478,draftkings,classic,347,-19.41,0.59,-97.04,0,0,0.72,3733.2,3929,247,5001
25478,draftkings,classic,408,-19.41,0.59,-97.03,0,0,0.74,3877.5,4135,167,5001
25478,draftkings,classic,4156,-19.42,0.58,-97.08,0,0,0.72,3865,4113,198,5001
25478,draftkings,classic,2657,-19.42,0.58,-97.09,0,0,0.74,3597.5,3764,372,5000
25478,draftkings,classic,3766,-19.42,0.57,-97.12,0,0,0.69,3762.3,3969,186,5001
25478,draftkings,classic,1897,-19.42,0.58,-97.09,0,0,0.71,3610.2,3796,185,4999
25478,draftkings,classic,355,-19.42,0.58,-97.1,0,0,0.75,3816.3,4060,282,5001
25478,draftkings,classic,1138,-19.43,0.56,-97.17,0,0,0.64,3908.3,4167,104,5001
25478,draftkings,classic,2803,-19.43,0.57,-97.17,0,0,0.72,3697,3909,237,5001
25478,draftkings,classic,3950,-19.43,0.57,-97.14,0,0,0.68,3812.8,4043,197,5001
25478,draftkings,classic,4826,-19.43,0.57,-97.13,0,0,0.72,3837.9,4090,146,5001
25478,draftkings,classic,186,-19.43,0.57,-97.13,0,0,0.73,3702.8,3904,360,5001
25478,draftkings,classic,1072,-19.44,0.56,-97.18,0,0,0.71,3862.6,4125,213,5001
25478,draftkings,classic,509,-19.44,0.56,-97.22,0,0,0.69,3729.8,3927,264,5000
25478,draftkings,classic,2539,-19.45,0.55,-97.24,0,0,0.7,3873.8,4119,195,5001
25478,draftkings,classic,2619,-19.45,0.55,-97.24,0,0,0.67,3884.8,4149,210,5001
25478,draftkings,classic,1190,-19.45,0.55,-97.25,0,0,0.66,3937.9,4210,315,5001
25478,draftkings,classic,1860,-19.45,0.55,-97.26,0,0,0.69,3806.2,4048,286,5001
25478,draftkings,classic,4338,-19.46,0.54,-97.28,0,0,0.68,3829.9,4080,235,5001
25478,draftkings,classic,4675,-19.46,0.54,-97.28,0,0,0.66,3847.1,4090,198,5001
25478,draftkings,classic,4952,-19.46,0.54,-97.28,0,0,0.66,4014,4310,238,5001
25478,draftkings,classic,1631,-19.47,0.53,-97.36,0,0,0.64,3807,4026,161,5001
25478,draftkings,classic,4464,-19.47,0.53,-97.34,0,0,0.65,3828.8,4064,223,5001
25478,draftkings,classic,2155,-19.48,0.52,-97.4,0,0,0.63,4001.7,4314,199,5001
25478,draftkings,classic,2688,-19.49,0.51,-97.44,0,0,0.6,3748.5,3956,49,5001
25478,draftkings,classic,1110,-19.49,0.51,-97.44,0,0,0.62,4101.9,4410,272,5001
25478,draftkings,classic,2957,-19.5,0.5,-97.52,0,0,0.61,3844.1,4067,309,5001
25478,draftkings,classic,74,-19.51,0.49,-97.56,0,0,0.63,3867.7,4116,224,5001
25478,draftkings,classic,4751,-19.51,0.49,-97.57,0,0,0.61,3869.9,4120,258,5001
25478,draftkings,classic,840,-19.52,0.48,-97.6,0,0,0.62,3530.3,3675,356,5000
25478,draftkings,classic,2995,-19.52,0.48,-97.62,0,0,0.6,3693.1,3892,214,5000
25478,draftkings,classic,4962,-19.53,0.47,-97.67,0,0,0.57,3807.9,4022,278,5001
25478,draftkings,classic,2620,-19.53,0.47,-97.65,0,0,0.61,3785.2,4001,344,5001
25478,draftkings,classic,3545,-19.53,0.47,-97.65,0,0,0.56,3803.8,4018,159,5001
25478,draftkings,classic,1267,-19.53,0.47,-97.66,0,0,0.58,3774.8,3982,280,5001
25478,draftkings,classic,2249,-19.54,0.46,-97.68,0,0,0.57,3763.7,3960,295,5001
25478,draftkings,classic,3337,-19.54,0.46,-97.69,0,0,0.58,3783.9,4005,247,5001
25478,draftkings,classic,3619,-19.54,0.46,-97.72,0,0,0.55,3836.9,4064,215,5001
25478,draftkings,classic,2295,-19.54,0.46,-97.68,0,0,0.57,3765.5,3964,239,5001
25478,draftkings,classic,1890,-19.54,0.46,-97.7,0,0,0.56,3829.3,4060,220,5001
25478,draftkings,classic,3047,-19.54,0.46,-97.69,0,0,0.56,3921.2,4175,129,5001
25478,draftkings,classic,1122,-19.54,0.46,-97.68,0,0,0.57,3785.9,4001,251,5001
25478,draftkings,classic,4289,-19.54,0.46,-97.69,0,0,0.58,3952.7,4231,247,5001
25478,draftkings,classic,492,-19.55,0.45,-97.73,0,0,0.58,4061.1,4377,309,5001
25478,draftkings,classic,917,-19.55,0.45,-97.75,0,0,0.58,3812.5,4021,373,5001
25478,draftkings,classic,1869,-19.56,0.44,-97.8,0,0,0.55,4007,4298,146,5001
25478,draftkings,classic,3022,-19.56,0.44,-97.82,0,0,0.54,3956.4,4223,237,5001
25478,draftkings,classic,831,-19.56,0.44,-97.81,0,0,0.53,3964.7,4222,211,5001
25478,draftkings,classic,4328,-19.56,0.44,-97.8,0,0,0.55,3754.4,3944,258,5000
25478,draftkings,classic,4362,-19.56,0.44,-97.78,0,0,0.55,4025.4,4314,267,5001
25478,draftkings,classic,797,-19.56,0.44,-97.78,0,0,0.56,3744,3936,223,5001
25478,draftkings,classic,1718,-19.56,0.44,-97.8,0,0,0.52,3900.6,4175,179,5001
25478,draftkings,classic,1323,-19.56,0.44,-97.78,0,0,0.54,3922.5,4163,233,5001
25478,draftkings,classic,2669,-19.57,0.43,-97.85,0,0,0.54,3806.5,4029,300,5001
25478,draftkings,classic,2109,-19.57,0.43,-97.86,0,0,0.53,3794.4,4000,370,5001
25478,draftkings,classic,607,-19.57,0.43,-97.85,0,0,0.54,3919,4174,241,5001
25478,draftkings,classic,4234,-19.58,0.42,-97.88,0,0,0.53,4046.5,4323,222,5001
25478,draftkings,classic,4170,-19.59,0.41,-97.94,0,0,0.52,3785.5,3992,402,5001
25478,draftkings,classic,1206,-19.59,0.41,-97.97,0,0,0.49,3886.2,4119,202,5001
25478,draftkings,classic,1329,-19.6,0.4,-98.02,0,0,0.5,3999.8,4257,312,5001
25478,draftkings,classic,252,-19.6,0.4,-97.99,0,0,0.49,3862.5,4094,430,5001
25478,draftkings,classic,3131,-19.6,0.4,-97.98,0,0,0.47,4047,4322,223,5001
25478,draftkings,classic,230,-19.6,0.4,-97.99,0,0,0.51,4130.8,4439,412,5001
25478,draftkings,classic,706,-19.6,0.4,-97.99,0,0,0.5,3933.2,4187,404,5001
25478,draftkings,classic,4593,-19.61,0.39,-98.03,0,0,0.49,3713.7,3909,249,5001
25478,draftkings,classic,4614,-19.61,0.39,-98.07,0,0,0.48,3887.3,4108,225,5001
25478,draftkings,classic,914,-19.61,0.39,-98.06,0,0,0.49,3577.5,3718,323,4996
25478,draftkings,classic,4538,-19.61,0.39,-98.04,0,0,0.49,3831.4,4040,233,5001
25478,draftkings,classic,2086,-19.62,0.38,-98.1,0,0,0.47,3904.9,4143,154,5001
25478,draftkings,classic,4128,-19.62,0.38,-98.1,0,0,0.47,3763,3964,278,5001
25478,draftkings,classic,4204,-19.62,0.38,-98.12,0,0,0.48,3843.1,4071,348,5001
25478,draftkings,classic,3494,-19.62,0.38,-98.09,0,0,0.47,3997.3,4264,222,5001
25478,draftkings,classic,1407,-19.63,0.37,-98.16,0,0,0.45,3772,3965,317,5000
25478,draftkings,classic,1610,-19.63,0.37,-98.14,0,0,0.46,3830.3,4029,150,5001
25478,draftkings,classic,4571,-19.63,0.37,-98.14,0,0,0.46,3903.4,4145,307,5001
25478,draftkings,classic,1780,-19.63,0.37,-98.13,0,0,0.45,3901.3,4119,247,5000
25478,draftkings,classic,4991,-19.63,0.37,-98.13,0,0,0.48,3672.5,3844,316,5000
25478,draftkings,classic,587,-19.63,0.37,-98.14,0,0,0.47,4047.8,4337,286,5001
25478,draftkings,classic,652,-19.64,0.36,-98.18,0,0,0.44,3805.4,4020,282,5001
25478,draftkings,classic,179,-19.64,0.36,-98.21,0,0,0.46,3772.7,3974,393,5001
25478,draftkings,classic,710,-19.64,0.36,-98.19,0,0,0.44,3701.9,3882,167,5001
25478,draftkings,classic,4002,-19.64,0.36,-98.2,0,0,0.43,3803.9,4017,154,5001
25478,draftkings,classic,421,-19.65,0.35,-98.25,0,0,0.44,3994.1,4264,328,5001
25478,draftkings,classic,2049,-19.65,0.35,-98.24,0,0,0.44,4128.2,4429,373,5001
25478,draftkings,classic,2365,-19.65,0.35,-98.26,0,0,0.44,3703,3879,377,5000
25478,draftkings,classic,4003,-19.65,0.35,-98.24,0,0,0.45,3745.5,3932,407,5000
25478,draftkings,classic,1412,-19.66,0.34,-98.29,0,0,0.45,3851.4,4070,386,5001
25478,draftkings,classic,1787,-19.66,0.34,-98.28,0,0,0.44,3953.8,4224,439,5001
25478,draftkings,classic,2111,-19.66,0.34,-98.32,0,0,0.41,3729.6,3907,296,5001
25478,draftkings,classic,2871,-19.66,0.34,-98.32,0,0,0.42,3915.3,4139,286,5001
25478,draftkings,classic,2124,-19.67,0.33,-98.35,0,0,0.42,4042.2,4284,456,5001
25478,draftkings,classic,1246,-19.67,0.33,-98.36,0,0,0.42,3824.4,4028,411,5001
25478,draftkings,classic,1421,-19.67,0.33,-98.35,0,0,0.42,3930.7,4157,284,5001
25478,draftkings,classic,2522,-19.67,0.33,-98.35,0,0,0.41,3862,4074,332,5001
25478,draftkings,classic,2652,-19.68,0.32,-98.42,0,0,0.41,4003.5,4268,490,5001
25478,draftkings,classic,1619,-19.68,0.32,-98.42,0,0,0.38,3774.9,3972,166,5001
25478,draftkings,classic,67,-19.69,0.31,-98.44,0,0,0.4,3852.3,4046,384,5001
25478,draftkings,classic,1789,-19.7,0.3,-98.49,0,0,0.37,3755,3927,229,5000
25478,draftkings,classic,1285,-19.7,0.3,-98.48,0,0,0.4,3814.8,4026,431,5001
25478,draftkings,classic,229,-19.7,0.3,-98.52,0,0,0.37,3897.3,4115,255,5001
25478,draftkings,classic,309,-19.7,0.3,-98.49,0,0,0.38,3992.9,4245,437,5001
25478,draftkings,classic,2617,-19.7,0.3,-98.49,0,0,0.37,3899.7,4119,198,5001
25478,draftkings,classic,162,-19.7,0.3,-98.48,0,0,0.39,3961.8,4190,299,5001
25478,draftkings,classic,4766,-19.71,0.29,-98.53,0,0,0.36,3760.7,3958,297,5000
25478,draftkings,classic,4976,-19.71,0.29,-98.55,0,0,0.36,3807.1,3984,366,5000
25478,draftkings,classic,4412,-19.72,0.28,-98.61,0,0,0.36,4038.3,4297,406,5001
25478,draftkings,classic,1978,-19.72,0.28,-98.62,0,0,0.35,3966.3,4213,279,5001
25478,draftkings,classic,1356,-19.72,0.28,-98.6,0,0,0.35,3994.1,4257,239,5001
25478,draftkings,classic,1592,-19.73,0.27,-98.64,0,0,0.33,4020.7,4303,320,5001
25478,draftkings,classic,136,-19.73,0.27,-98.66,0,0,0.35,3953.5,4210,499,5001
25478,draftkings,classic,1192,-19.73,0.27,-98.67,0,0,0.33,4072,4321,282,5001
25478,draftkings,classic,3271,-19.73,0.27,-98.64,0,0,0.35,4090.9,4358,278,5001
25478,draftkings,classic,905,-19.73,0.27,-98.64,0,0,0.33,4004.6,4254,192,5001
25478,draftkings,classic,765,-19.73,0.28,-98.62,0,0,0.33,4087.8,4370,193,5001
25478,draftkings,classic,897,-19.74,0.26,-98.7,0,0,0.32,3852.9,4053,298,5001
25478,draftkings,classic,3331,-19.74,0.26,-98.7,0,0,0.33,3694,3855,291,5001
25478,draftkings,classic,42,-19.74,0.26,-98.71,0,0,0.33,3999.9,4257,420,5001
25478,draftkings,classic,2491,-19.75,0.25,-98.75,0,0,0.31,3924.9,4126,96,5001
25478,draftkings,classic,3922,-19.75,0.25,-98.75,0,0,0.31,3899.5,4120,458,5001
25478,draftkings,classic,1317,-19.75,0.25,-98.76,0,0,0.31,3895.4,4115,315,5001
25478,draftkings,classic,1995,-19.75,0.25,-98.73,0,0,0.32,3991.8,4239,296,5001
25478,draftkings,classic,3378,-19.75,0.25,-98.75,0,0,0.31,3837.3,4039,280,5001
25478,draftkings,classic,3406,-19.75,0.25,-98.77,0,0,0.3,4068.4,4315,339,5001
25478,draftkings,classic,3190,-19.75,0.25,-98.77,0,0,0.29,4195,4507,280,5001
25478,draftkings,classic,1719,-19.75,0.25,-98.76,0,0,0.3,4012.4,4257,225,5001
25478,draftkings,classic,4554,-19.76,0.24,-98.78,0,0,0.28,3938.5,4170,76,5001
25478,draftkings,classic,2444,-19.76,0.24,-98.82,0,0,0.3,4251.9,4559,309,5001
25478,draftkings,classic,4435,-19.76,0.24,-98.8,0,0,0.3,3881.7,4086,399,5001
25478,draftkings,classic,3298,-19.76,0.24,-98.82,0,0,0.29,3972.9,4208,426,5001
25478,draftkings,classic,4946,-19.76,0.24,-98.78,0,0,0.3,3883.3,4090,326,5001
25478,draftkings,classic,2254,-19.76,0.24,-98.78,0,0,0.3,4001.6,4248,262,5001
25478,draftkings,classic,1959,-19.76,0.24,-98.82,0,0,0.29,4040.5,4300,289,5001
25478,draftkings,classic,669,-19.76,0.24,-98.78,0,0,0.31,3881.6,4080,423,5001
25478,draftkings,classic,3809,-19.76,0.24,-98.82,0,0,0.27,3977.3,4199,147,5000
25478,draftkings,classic,2989,-19.76,0.24,-98.79,0,0,0.3,3999.4,4217,411,5001
25478,draftkings,classic,4072,-19.77,0.23,-98.83,0,0,0.3,3918.1,4134,320,5001
25478,draftkings,classic,1033,-19.77,0.23,-98.87,0,0,0.28,3995.9,4226,296,5001
25478,draftkings,classic,536,-19.77,0.23,-98.85,0,0,0.3,3992.5,4224,508,5001
25478,draftkings,classic,1778,-19.77,0.23,-98.87,0,0,0.28,3872.1,4081,292,5001
25478,draftkings,classic,1643,-19.77,0.23,-98.86,0,0,0.29,4195.6,4457,273,5001
25478,draftkings,classic,1414,-19.77,0.23,-98.83,0,0,0.3,3983,4196,277,5001
25478,draftkings,classic,968,-19.78,0.22,-98.88,0,0,0.29,3935.6,4153,330,5001
25478,draftkings,classic,1872,-19.78,0.22,-98.88,0,0,0.29,3958.3,4183,307,5001
25478,draftkings,classic,2986,-19.79,0.21,-98.94,0,0,0.26,4179.2,4452,328,5001
25478,draftkings,classic,827,-19.79,0.21,-98.93,0,0,0.27,3925.9,4149,332,5001
25478,draftkings,classic,1916,-19.79,0.21,-98.96,0,0,0.23,4100.9,4349,145,5001
25478,draftkings,classic,2618,-19.8,0.2,-98.99,0,0,0.25,3987.3,4194,267,5001
25478,draftkings,classic,4698,-19.8,0.2,-99.02,0,0,0.25,4002.5,4249,390,5001
25478,draftkings,classic,538,-19.8,0.2,-99.01,0,0,0.25,3854.3,4041,216,5001
25478,draftkings,classic,1084,-19.81,0.19,-99.05,0,0,0.24,3836.2,4042,437,5001
25478,draftkings,classic,1197,-19.81,0.19,-99.04,0,0,0.25,4200.3,4489,397,5001
25478,draftkings,classic,3977,-19.81,0.19,-99.04,0,0,0.25,4129,4407,512,5001
25478,draftkings,classic,4090,-19.81,0.19,-99.06,0,0,0.25,4074.3,4291,604,5001
25478,draftkings,classic,1471,-19.82,0.18,-99.09,0,0,0.24,4062.5,4310,527,5001
25478,draftkings,classic,411,-19.82,0.18,-99.09,0,0,0.22,4042.1,4285,318,5001
25478,draftkings,classic,4903,-19.82,0.18,-99.08,0,0,0.24,4037.5,4281,445,5001
25478,draftkings,classic,4370,-19.82,0.18,-99.12,0,0,0.23,4067.1,4297,428,5001
25478,draftkings,classic,745,-19.83,0.17,-99.16,0,0,0.22,4175.4,4421,551,5001
25478,draftkings,classic,3688,-19.83,0.17,-99.16,0,0,0.22,3962.8,4168,377,5001
25478,draftkings,classic,639,-19.83,0.17,-99.16,0,0,0.21,3971.3,4173,341,5000
25478,draftkings,classic,303,-19.84,0.16,-99.2,0,0,0.21,3901.3,4115,531,5001
25478,draftkings,classic,4129,-19.84,0.16,-99.21,0,0,0.2,3942.1,4156,500,5001
25478,draftkings,classic,661,-19.84,0.16,-99.21,0,0,0.2,4121.7,4347,392,5001
25478,draftkings,classic,1908,-19.84,0.16,-99.2,0,0,0.21,4285.4,4572,398,5001
25478,draftkings,classic,4124,-19.84,0.16,-99.19,0,0,0.2,3994.3,4196,354,5001
25478,draftkings,classic,3291,-19.85,0.15,-99.25,0,0,0.2,4054.2,4282,616,5001
25478,draftkings,classic,2742,-19.85,0.15,-99.25,0,0,0.19,4117.6,4359,389,5001
25478,draftkings,classic,3541,-19.85,0.15,-99.24,0,0,0.19,4130.4,4388,410,5001
25478,draftkings,classic,850,-19.85,0.15,-99.24,0,0,0.19,3900.9,4086,426,5001
25478,draftkings,classic,1936,-19.86,0.14,-99.28,0,0,0.19,4031.2,4244,420,5001
25478,draftkings,classic,1660,-19.86,0.14,-99.28,0,0,0.19,4100.9,4328,545,5001
25478,draftkings,classic,3409,-19.86,0.14,-99.31,0,0,0.17,4016.7,4223,198,5001
25478,draftkings,classic,3157,-19.87,0.13,-99.36,0,0,0.16,4191.6,4468,240,5001
25478,draftkings,classic,1270,-19.87,0.13,-99.36,0,0,0.16,4127.9,4349,368,5001
25478,draftkings,classic,1059,-19.87,0.13,-99.33,0,0,0.17,4020.3,4262,306,5001
25478,draftkings,classic,1917,-19.87,0.13,-99.34,0,0,0.16,4284.5,4523,487,5001
25478,draftkings,classic,451,-19.87,0.13,-99.33,0,0,0.16,4138.8,4382,344,5001
25478,draftkings,classic,1698,-19.88,0.12,-99.39,0,0,0.16,4309.6,4592,389,5001
25478,draftkings,classic,3993,-19.88,0.12,-99.39,0,0,0.15,4316.2,4569,144,5001
25478,draftkings,classic,3991,-19.88,0.12,-99.42,0,0,0.15,4061.5,4282,369,5000
25478,draftkings,classic,3326,-19.88,0.12,-99.39,0,0,0.16,4204.2,4469,494,5001
25478,draftkings,classic,4990,-19.88,0.12,-99.38,0,0,0.16,4258.5,4527,245,5001
25478,draftkings,classic,4630,-19.89,0.11,-99.45,0,0,0.14,4204.1,4432,263,5001
25478,draftkings,classic,893,-19.89,0.11,-99.44,0,0,0.15,4217.4,4465,605,5001
25478,draftkings,classic,2251,-19.89,0.11,-99.45,0,0,0.14,4193.4,4428,393,5001
25478,draftkings,classic,4775,-19.89,0.11,-99.45,0,0,0.14,4156.2,4394,541,5001
25478,draftkings,classic,356,-19.89,0.11,-99.46,0,0,0.14,4059.4,4285,555,5001
25478,draftkings,classic,3941,-19.89,0.12,-99.43,0,0,0.15,4165.5,4410,412,5001
25478,draftkings,classic,1796,-19.89,0.12,-99.43,0,0,0.14,4121.6,4341,204,5001
25478,draftkings,classic,1147,-19.89,0.11,-99.46,0,0,0.14,4189.2,4452,562,5001
25478,draftkings,classic,2703,-19.9,0.1,-99.48,0,0,0.14,3841.7,4000,593,5001
25478,draftkings,classic,1621,-19.9,0.1,-99.5,0,0,0.12,4094.4,4302,200,5001
25478,draftkings,classic,3854,-19.9,0.1,-99.5,0,0,0.13,4138.8,4349,493,5001
25478,draftkings,classic,3411,-19.9,0.1,-99.5,0,0,0.13,4249.8,4515,424,5001
25478,draftkings,classic,3228,-19.9,0.1,-99.52,0,0,0.12,4168.3,4442,311,5001
25478,draftkings,classic,2041,-19.9,0.1,-99.49,0,0,0.13,4029.4,4247,484,5001
25478,draftkings,classic,4319,-19.9,0.1,-99.51,0,0,0.12,4275.1,4552,398,5001
25478,draftkings,classic,1166,-19.9,0.1,-99.5,0,0,0.13,4115.9,4360,577,5001
25478,draftkings,classic,2159,-19.9,0.1,-99.49,0,0,0.13,3947.1,4142,495,5001
25478,draftkings,classic,4836,-19.9,0.1,-99.49,0,0,0.13,4203,4449,415,5001
25478,draftkings,classic,723,-19.9,0.1,-99.48,0,0,0.13,4103.4,4347,257,5001
25478,draftkings,classic,2211,-19.9,0.1,-99.5,0,0,0.13,4328.1,4578,416,5001
25478,draftkings,classic,899,-19.9,0.1,-99.51,0,0,0.13,4169.7,4398,636,5001
25478,draftkings,classic,481,-19.9,0.1,-99.52,0,0,0.12,4365.3,4673,446,5001
25478,draftkings,classic,1586,-19.91,0.09,-99.54,0,0,0.12,4198.2,4437,471,5001
25478,draftkings,classic,4958,-19.91,0.09,-99.53,0,0,0.12,4200.7,4451,368,5001
25478,draftkings,classic,1025,-19.91,0.09,-99.54,0,0,0.12,4033.8,4243,418,5001
25478,draftkings,classic,14,-19.92,0.08,-99.57,0,0,0.11,4089.4,4312,421,5001
25478,draftkings,classic,2462,-19.92,0.08,-99.59,0,0,0.11,4238.9,4509,625,5001
25478,draftkings,classic,2998,-19.92,0.08,-99.63,0,0,0.1,4135.6,4373,588,5001
25478,draftkings,classic,3005,-19.92,0.08,-99.63,0,0,0.1,4138.3,4348,601,5001
25478,draftkings,classic,1060,-19.92,0.08,-99.59,0,0,0.11,4213.8,4476,681,5001
25478,draftkings,classic,4041,-19.92,0.08,-99.63,0,0,0.1,4032.6,4231,595,5001
25478,draftkings,classic,1373,-19.92,0.08,-99.63,0,0,0.1,3948.7,4132,649,5001
25478,draftkings,classic,3399,-19.92,0.08,-99.61,0,0,0.1,4280.9,4492,575,5001
25478,draftkings,classic,2706,-19.92,0.08,-99.61,0,0,0.1,4206.1,4451,537,5001
25478,draftkings,classic,4094,-19.92,0.08,-99.63,0,0,0.1,4174.9,4390,694,5001
25478,draftkings,classic,1608,-19.93,0.06,-99.68,0,0,0.08,4019.8,4221,472,5001
25478,draftkings,classic,4331,-19.93,0.07,-99.66,0,0,0.09,4147.4,4374,698,5001
25478,draftkings,classic,2404,-19.93,0.06,-99.68,0,0,0.08,4253,4504,373,5001
25478,draftkings,classic,1994,-19.93,0.07,-99.63,0,0,0.09,4009.3,4203,352,5001
25478,draftkings,classic,354,-19.93,0.07,-99.63,0,0,0.09,3993,4197,298,5001
25478,draftkings,classic,3736,-19.93,0.06,-99.68,0,0,0.08,4111.7,4315,475,5001
25478,draftkings,classic,1635,-19.94,0.06,-99.72,0,0,0.07,4174.7,4396,522,5001
25478,draftkings,classic,4965,-19.94,0.06,-99.7,0,0,0.08,4293.9,4528,721,5001
25478,draftkings,classic,390,-19.94,0.06,-99.69,0,0,0.08,4146.8,4336,427,5001
25478,draftkings,classic,4783,-19.94,0.06,-99.72,0,0,0.07,4343.8,4597,571,5001
25478,draftkings,classic,4703,-19.94,0.06,-99.7,0,0,0.07,4197.2,4426,475,5001
25478,draftkings,classic,711,-19.94,0.06,-99.68,0,0,0.08,4380.3,4628,328,5001
25478,draftkings,classic,1967,-19.94,0.06,-99.72,0,0,0.07,4244.5,4477,460,5001
25478,draftkings,classic,834,-19.94,0.06,-99.7,0,0,0.08,4099.8,4319,594,5001
25478,draftkings,classic,1887,-19.94,0.06,-99.7,0,0,0.08,4137.5,4355,618,5001
25478,draftkings,classic,2312,-19.94,0.06,-99.7,0,0,0.08,4307.6,4517,744,5001
25478,draftkings,classic,3900,-19.94,0.06,-99.7,0,0,0.08,4197.7,4418,694,5001
25478,draftkings,classic,4008,-19.94,0.06,-99.72,0,0,0.07,4169.4,4389,499,5001
25478,draftkings,classic,4421,-19.94,0.06,-99.7,0,0,0.08,4093.4,4288,679,5001
25478,draftkings,classic,2229,-19.94,0.06,-99.72,0,0,0.07,4318.6,4563,495,5001
25478,draftkings,classic,2990,-19.95,0.05,-99.74,0,0,0.07,4078,4262,709,5001
25478,draftkings,classic,438,-19.95,0.05,-99.74,0,0,0.07,3993.9,4181,833,5001
25478,draftkings,classic,4132,-19.95,0.04,-99.78,0,0,0.06,4078.2,4291,827,5001
25478,draftkings,classic,1419,-19.95,0.05,-99.74,0,0,0.07,4244.9,4463,662,5001
25478,draftkings,classic,215,-19.95,0.04,-99.78,0,0,0.06,4109,4305,729,5001
25478,draftkings,classic,4198,-19.95,0.05,-99.76,0,0,0.06,4222.5,4440,530,5001
25478,draftkings,classic,3419,-19.95,0.05,-99.74,0,0,0.07,4257.9,4489,621,5001
25478,draftkings,classic,3360,-19.95,0.04,-99.78,0,0,0.06,4414.9,4662,770,5001
25478,draftkings,classic,208,-19.95,0.05,-99.76,0,0,0.06,4198.3,4431,558,5001
25478,draftkings,classic,4303,-19.95,0.05,-99.74,0,0,0.07,4236.3,4456,691,5001
25478,draftkings,classic,4926,-19.95,0.05,-99.74,0,0,0.07,4121.6,4331,650,5001
25478,draftkings,classic,191,-19.95,0.04,-99.78,0,0,0.06,4204.1,4423,867,5001
25478,draftkings,classic,2603,-19.95,0.05,-99.74,0,0,0.07,4344.9,4575,638,5001
25478,draftkings,classic,96,-19.95,0.05,-99.76,0,0,0.06,4257,4495,556,5001
25478,draftkings,classic,1375,-19.96,0.04,-99.8,0,0,0.05,4047.6,4226,561,5001
25478,draftkings,classic,3901,-19.96,0.04,-99.81,0,0,0.05,4138.8,4338,627,5001
25478,draftkings,classic,2405,-19.96,0.04,-99.81,0,0,0.05,4338,4583,595,5001
25478,draftkings,classic,1585,-19.96,0.04,-99.81,0,0,0.05,4234.7,4461,614,5001
25478,draftkings,classic,2392,-19.96,0.04,-99.81,0,0,0.05,4146,4352,787,5001
25478,draftkings,classic,2863,-19.96,0.04,-99.8,0,0,0.05,4374.5,4647,428,5001
25478,draftkings,classic,3230,-19.97,0.03,-99.86,0,0,0.03,4373.2,4581,485,5001
25478,draftkings,classic,2465,-19.97,0.03,-99.85,0,0,0.04,4452.5,4693,720,5001
25478,draftkings,classic,20,-19.97,0.03,-99.85,0,0,0.04,4038.7,4234,706,5001
25478,draftkings,classic,2410,-19.97,0.03,-99.85,0,0,0.04,4327,4559,727,5001
25478,draftkings,classic,376,-19.97,0.03,-99.84,0,0,0.04,4192.1,4381,502,5001
25478,draftkings,classic,879,-19.97,0.03,-99.85,0,0,0.04,4402.7,4666,810,5001
25478,draftkings,classic,878,-19.97,0.03,-99.85,0,0,0.04,4315,4584,587,5001
25478,draftkings,classic,4407,-19.98,0.02,-99.92,0,0,0.02,4408.6,4585,776,5001
25478,draftkings,classic,3451,-19.98,0.02,-99.92,0,0,0.02,4395.3,4620,659,5001
25478,draftkings,classic,1097,-19.98,0.02,-99.89,0,0,0.03,4409.5,4625,835,5001
25478,draftkings,classic,2063,-19.98,0.02,-99.89,0,0,0.03,4292.4,4523,694,5001
25478,draftkings,classic,2928,-19.98,0.02,-99.92,0,0,0.02,4449.9,4664,738,5001
25478,draftkings,classic,974,-19.98,0.02,-99.92,0,0,0.02,4516.5,4727,921,5001
25478,draftkings,classic,271,-19.98,0.02,-99.89,0,0,0.03,4308,4526,670,5001
25478,draftkings,classic,2300,-19.98,0.02,-99.88,0,0,0.03,4179.8,4414,397,5001
25478,draftkings,classic,616,-19.98,0.02,-99.88,0,0,0.03,4393.7,4650,485,5001
25478,draftkings,classic,4579,-19.98,0.02,-99.89,0,0,0.03,4372.9,4588,938,5001
25478,draftkings,classic,1051,-19.98,0.02,-99.92,0,0,0.02,4256.3,4465,698,5001
25478,draftkings,classic,1288,-19.98,0.02,-99.88,0,0,0.03,4352.6,4579,505,5001
25478,draftkings,classic,4810,-19.98,0.02,-99.89,0,0,0.03,4233.9,4466,717,5001
25478,draftkings,classic,3175,-19.98,0.02,-99.92,0,0,0.02,4420.5,4624,718,5001
25478,draftkings,classic,1536,-19.98,0.02,-99.92,0,0,0.02,4434.4,4661,964,5001
25478,draftkings,classic,1667,-19.98,0.02,-99.89,0,0,0.03,4330.8,4552,701,5001
25478,draftkings,classic,1812,-19.98,0.02,-99.92,0,0,0.02,4252.3,4452,719,5001
25478,draftkings,classic,4450,-19.98,0.02,-99.92,0,0,0.02,4066.4,4234,775,5001
25478,draftkings,classic,4427,-19.99,0.01,-99.96,0,0,0.01,4257.9,4447,951,5001
25478,draftkings,classic,726,-19.99,0.01,-99.96,0,0,0.01,4473.8,4688,809,5001
25478,draftkings,classic,2815,-19.99,0.01,-99.96,0,0,0.01,4445.4,4637,982,5001
25478,draftkings,classic,561,-19.99,0.01,-99.95,0,0,0.01,4300.2,4477,416,5001
25478,draftkings,classic,255,-19.99,0.01,-99.96,0,0,0.01,4471.1,4714,982,5001
25478,draftkings,classic,864,-19.99,0.01,-99.95,0,0,0.01,4420.3,4620,556,5001
25478,draftkings,classic,2612,-19.99,0.01,-99.96,0,0,0.01,4325.8,4521,870,5001
25478,draftkings,classic,3556,-19.99,0.01,-99.96,0,0,0.01,4554.1,4721,938,5001
25478,draftkings,classic,2383,-19.99,0.01,-99.96,0,0,0.01,4561.8,4764,954,5001
25478,draftkings,classic,234,-19.99,0.01,-99.95,0,0,0.01,4317.7,4531,538,5001
25478,draftkings,classic,2348,-19.99,0.01,-99.95,0,0,0.01,4418.6,4642,381,5001
25478,draftkings,classic,562,-20,0,-100,0,0,0,4528.5,4710,1201,5001
25478,draftkings,classic,4468,-20,0,-100,0,0,0,4634,4804,1186,5001
25478,draftkings,classic,2704,-20,0,-100,0,0,0,4638,4831,1320,5001
25478,draftkings,classic,3000,-20,0,-100,0,0,0,4489.3,4660,1032,5001
25478,draftkings,classic,2867,-20,0,-100,0,0,0,4598.6,4770,1504,5001
25478,draftkings,classic,274,-20,0,-100,0,0,0,4649.6,4780,1163,5001
25478,draftkings,classic,2633,-20,0,-100,0,0,0,4623.1,4758,1856,5001
25478,draftkings,classic,3917,-20,0,-100,0,0,0,4644.1,4784,1622,5001
25478,draftkings,classic,1345,-20,0,-100,0,0,0,4436.1,4615,1261,5001
25478,draftkings,classic,1034,-20,0,-100,0,0,0,4666.4,4815,1024,5001
25478,draftkings,classic,3608,-20,0,-100,0,0,0,4253.7,4448,1045,5001
25478,draftkings,classic,4093,-20,0,-100,0,0,0,4542.3,4738,1356,5001
25478,draftkings,classic,4371,-20,0,-100,0,0,0,4528.8,4740,1012,5001
25478,draftkings,classic,2290,-20,0,-100,0,0,0,4652.8,4815,1306,5001
25478,draftkings,classic,1478,-20,0,-100,0,0,0,4510.4,4706,1266,5001
25478,draftkings,classic,125,-20,0,-100,0,0,0,4739.4,4891,1625,5001
25478,draftkings,classic,1749,-20,0,-100,0,0,0,4471.3,4645,1098,5001
25478,draftkings,classic,1225,-20,0,-100,0,0,0,4405.1,4566,1076,5001
25478,draftkings,classic,2779,-20,0,-100,0,0,0,4650.1,4790,1496,5001
25478,draftkings,classic,3475,-20,0,-100,0,0,0,4520.5,4684,1204,5001
25478,draftkings,classic,4200,-20,0,-100,0,0,0,4243,4417,1082,5001
25478,draftkings,classic,1447,-20,0,-100,0,0,0,4393.6,4584,1033,5001
25478,draftkings,classic,838,-20,0,-100,0,0,0,4547.6,4716,1213,5001
25478,draftkings,classic,2428,-20,0,-100,0,0,0,4644.4,4845,1260,5001
